date,city,state,latitude,longitude,temperature,humidity,pm25,pm10,co,no2,so2,o3,aqi
2024-01-01,Mumbai,Maharashtra,19.076,72.8777,20.7,72.3,90.2,149.7,1.4,45.0,12.4,25.4,201
2024-01-02,Mumbai,Maharashtra,19.076,72.8777,23.0,73.2,67.2,116.4,1.38,34.1,13.2,27.4,124
2024-01-03,Mumbai,Maharashtra,19.076,72.8777,23.9,59.0,99.8,161.9,1.73,57.4,9.1,36.5,233
2024-01-04,Mumbai,Maharashtra,19.076,72.8777,22.2,70.7,104.2,176.2,1.7,41.9,19.1,29.5,247
2024-01-05,Mumbai,Maharashtra,19.076,72.8777,19.8,72.1,55.2,92.4,0.91,31.7,11.0,17.8,92
2024-01-06,Mumbai,Maharashtra,19.076,72.8777,19.6,70.5,63.7,112.6,1.16,34.5,14.9,25.4,112
2024-01-07,Mumbai,Maharashtra,19.076,72.8777,19.5,66.3,87.4,154.8,1.36,44.4,9.8,24.8,191
2024-01-08,Mumbai,Maharashtra,19.076,72.8777,18.9,68.2,79.3,111.6,1.51,36.8,9.6,21.2,164
2024-01-09,Mumbai,Maharashtra,19.076,72.8777,22.2,70.8,84.8,111.3,1.62,43.0,9.3,42.0,183
2024-01-10,Mumbai,Maharashtra,19.076,72.8777,24.1,72.6,70.6,127.0,1.44,35.6,12.4,38.3,135
2024-01-11,Mumbai,Maharashtra,19.076,72.8777,22.0,76.2,103.4,189.0,1.54,37.6,14.5,38.8,245
2024-01-12,Mumbai,Maharashtra,19.076,72.8777,17.9,79.6,101.1,151.4,1.21,46.4,12.7,23.7,237
2024-01-13,Mumbai,Maharashtra,19.076,72.8777,21.7,69.9,86.5,118.6,1.2,35.1,9.9,29.7,188
2024-01-14,Mumbai,Maharashtra,19.076,72.8777,21.7,68.8,109.2,181.9,1.93,38.5,10.9,19.3,264
2024-01-15,Mumbai,Maharashtra,19.076,72.8777,25.8,75.1,94.5,169.1,1.49,45.1,13.4,34.9,215
2024-01-16,Mumbai,Maharashtra,19.076,72.8777,19.4,76.3,70.6,135.5,1.17,39.5,10.2,27.1,135
2024-01-17,Mumbai,Maharashtra,19.076,72.8777,21.3,69.0,92.4,159.7,1.77,46.7,11.3,16.9,208
2024-01-18,Mumbai,Maharashtra,19.076,72.8777,25.1,77.5,69.0,110.0,1.46,39.5,16.2,31.9,130
2024-01-19,Mumbai,Maharashtra,19.076,72.8777,22.8,78.9,103.3,156.7,1.65,35.5,14.0,26.6,244
2024-01-20,Mumbai,Maharashtra,19.076,72.8777,23.0,81.0,84.2,139.1,1.39,32.8,16.5,34.8,181
2024-01-21,Mumbai,Maharashtra,19.076,72.8777,22.2,84.4,81.7,131.1,1.39,52.0,10.9,34.1,172
2024-01-22,Mumbai,Maharashtra,19.076,72.8777,22.6,65.9,73.2,109.6,1.35,31.1,12.6,27.3,144
2024-01-23,Mumbai,Maharashtra,19.076,72.8777,23.5,72.1,111.2,217.6,1.98,53.2,14.7,33.2,271
2024-01-24,Mumbai,Maharashtra,19.076,72.8777,20.6,72.1,82.1,157.4,1.48,36.1,7.5,26.3,174
2024-01-25,Mumbai,Maharashtra,19.076,72.8777,23.7,71.3,77.2,140.5,1.47,39.2,16.5,10.2,157
2024-01-26,Mumbai,Maharashtra,19.076,72.8777,19.7,67.5,78.4,118.5,1.55,35.3,11.9,22.7,161
2024-01-27,Mumbai,Maharashtra,19.076,72.8777,22.7,61.6,95.1,169.1,1.38,47.8,15.8,38.5,217
2024-01-28,Mumbai,Maharashtra,19.076,72.8777,22.5,72.6,91.6,159.9,1.63,44.1,11.1,16.4,205
2024-01-29,Mumbai,Maharashtra,19.076,72.8777,21.1,66.6,92.4,158.6,1.48,40.9,12.9,28.4,208
2024-01-30,Mumbai,Maharashtra,19.076,72.8777,22.2,72.6,92.6,170.2,1.15,37.3,10.8,41.9,209
2024-01-31,Mumbai,Maharashtra,19.076,72.8777,21.1,66.4,134.7,235.1,1.68,58.7,20.5,17.3,311
2024-02-01,Mumbai,Maharashtra,19.076,72.8777,20.4,64.3,76.8,135.2,1.2,31.3,13.1,27.9,156
2024-02-02,Mumbai,Maharashtra,19.076,72.8777,21.7,73.6,74.9,130.7,1.41,40.5,13.1,19.8,150
2024-02-03,Mumbai,Maharashtra,19.076,72.8777,20.4,73.1,69.9,119.0,1.29,52.1,15.7,41.6,133
2024-02-04,Mumbai,Maharashtra,19.076,72.8777,23.0,76.1,95.6,132.1,1.59,52.7,17.1,29.6,219
2024-02-05,Mumbai,Maharashtra,19.076,72.8777,20.4,87.3,106.8,177.5,1.98,52.5,16.8,25.3,256
2024-02-06,Mumbai,Maharashtra,19.076,72.8777,23.8,73.9,81.0,127.0,1.21,39.4,8.2,43.8,170
2024-02-07,Mumbai,Maharashtra,19.076,72.8777,20.4,75.4,68.9,100.5,1.26,24.4,9.4,34.1,130
2024-02-08,Mumbai,Maharashtra,19.076,72.8777,21.6,64.5,69.0,131.2,1.31,28.1,8.5,23.6,130
2024-02-09,Mumbai,Maharashtra,19.076,72.8777,21.5,63.0,95.2,181.7,1.45,52.2,15.8,22.7,217
2024-02-10,Mumbai,Maharashtra,19.076,72.8777,25.1,83.1,96.9,179.6,1.58,40.3,14.3,37.4,223
2024-02-11,Mumbai,Maharashtra,19.076,72.8777,23.3,65.5,92.5,156.1,1.29,39.4,9.2,26.1,208
2024-02-12,Mumbai,Maharashtra,19.076,72.8777,22.4,64.7,70.7,130.9,1.5,35.6,11.1,14.9,136
2024-02-13,Mumbai,Maharashtra,19.076,72.8777,23.8,71.7,85.8,141.8,1.35,35.1,8.4,32.0,186
2024-02-14,Mumbai,Maharashtra,19.076,72.8777,19.1,71.4,83.4,140.2,1.73,33.3,12.5,13.4,178
2024-02-15,Mumbai,Maharashtra,19.076,72.8777,22.9,65.7,85.0,126.4,1.44,40.9,7.8,44.1,183
2024-02-16,Mumbai,Maharashtra,19.076,72.8777,26.6,69.9,97.8,167.3,1.74,40.0,15.4,37.2,226
2024-02-17,Mumbai,Maharashtra,19.076,72.8777,23.3,80.6,84.6,140.3,1.43,36.6,13.9,24.6,182
2024-02-18,Mumbai,Maharashtra,19.076,72.8777,23.3,66.4,93.1,135.5,1.53,39.1,19.2,25.4,210
2024-02-19,Mumbai,Maharashtra,19.076,72.8777,24.2,62.2,81.1,133.2,1.31,43.1,15.0,18.5,170
2024-02-20,Mumbai,Maharashtra,19.076,72.8777,24.9,78.6,84.9,139.0,1.46,39.8,11.5,25.6,183
2024-02-21,Mumbai,Maharashtra,19.076,72.8777,19.8,75.4,91.1,174.9,1.56,42.1,15.7,33.7,204
2024-02-22,Mumbai,Maharashtra,19.076,72.8777,20.4,67.7,57.3,102.3,1.02,35.9,6.4,47.8,102
2024-02-23,Mumbai,Maharashtra,19.076,72.8777,23.9,60.9,73.3,121.1,1.3,36.6,9.0,39.7,144
2024-02-24,Mumbai,Maharashtra,19.076,72.8777,22.3,66.8,70.7,119.2,1.19,34.9,12.7,30.9,136
2024-02-25,Mumbai,Maharashtra,19.076,72.8777,26.0,71.6,67.8,112.3,1.6,38.5,4.9,34.4,126
2024-02-26,Mumbai,Maharashtra,19.076,72.8777,23.2,80.2,73.1,118.4,1.3,41.4,11.7,25.1,144
2024-02-27,Mumbai,Maharashtra,19.076,72.8777,20.3,64.7,107.4,159.8,1.93,47.5,11.5,41.3,258
2024-02-28,Mumbai,Maharashtra,19.076,72.8777,21.6,71.4,63.6,103.5,1.18,34.8,11.4,29.7,112
2024-02-29,Mumbai,Maharashtra,19.076,72.8777,19.0,76.7,94.8,145.8,1.59,39.6,10.4,40.9,216
2024-03-01,Mumbai,Maharashtra,19.076,72.8777,23.7,55.3,52.7,77.0,0.89,25.7,11.5,46.7,88
2024-03-02,Mumbai,Maharashtra,19.076,72.8777,23.8,79.2,70.5,121.7,1.22,41.2,11.7,20.2,135
2024-03-03,Mumbai,Maharashtra,19.076,72.8777,23.5,63.7,78.2,133.7,1.4,41.7,16.5,27.4,161
2024-03-04,Mumbai,Maharashtra,19.076,72.8777,26.3,74.3,85.5,118.1,1.69,44.1,12.9,31.2,185
2024-03-05,Mumbai,Maharashtra,19.076,72.8777,26.6,73.7,87.4,142.6,1.5,43.6,10.7,36.2,191
2024-03-06,Mumbai,Maharashtra,19.076,72.8777,24.2,79.6,88.5,159.2,1.69,42.6,12.3,32.4,195
2024-03-07,Mumbai,Maharashtra,19.076,72.8777,20.8,75.9,68.5,123.8,1.36,40.1,7.4,53.4,128
2024-03-08,Mumbai,Maharashtra,19.076,72.8777,25.8,55.4,66.4,119.8,1.48,40.9,12.5,29.1,121
2024-03-09,Mumbai,Maharashtra,19.076,72.8777,25.8,66.5,88.3,146.2,1.47,47.7,14.8,37.3,194
2024-03-10,Mumbai,Maharashtra,19.076,72.8777,25.5,73.0,69.7,106.1,1.63,35.7,19.0,41.7,132
2024-03-11,Mumbai,Maharashtra,19.076,72.8777,26.8,70.6,54.6,81.2,1.03,39.8,8.5,40.4,91
2024-03-12,Mumbai,Maharashtra,19.076,72.8777,23.0,75.3,56.0,95.2,1.01,33.3,9.7,35.1,95
2024-03-13,Mumbai,Maharashtra,19.076,72.8777,28.8,77.5,58.3,99.5,0.97,36.5,8.9,34.9,100
2024-03-14,Mumbai,Maharashtra,19.076,72.8777,23.6,76.3,79.1,145.9,1.73,41.0,13.0,33.7,164
2024-03-15,Mumbai,Maharashtra,19.076,72.8777,26.8,70.5,72.7,132.0,1.43,38.8,13.0,42.6,142
2024-03-16,Mumbai,Maharashtra,19.076,72.8777,22.5,59.1,81.5,132.9,1.36,35.7,12.4,33.4,172
2024-03-17,Mumbai,Maharashtra,19.076,72.8777,23.9,68.8,63.4,92.7,1.39,38.5,14.3,39.5,111
2024-03-18,Mumbai,Maharashtra,19.076,72.8777,28.5,74.9,71.6,114.7,1.4,54.0,9.9,52.7,139
2024-03-19,Mumbai,Maharashtra,19.076,72.8777,25.4,64.4,78.8,132.6,1.67,37.0,15.3,43.2,163
2024-03-20,Mumbai,Maharashtra,19.076,72.8777,27.5,76.4,63.7,103.2,0.98,34.8,12.7,41.1,112
2024-03-21,Mumbai,Maharashtra,19.076,72.8777,26.5,78.4,74.9,117.1,1.29,35.3,12.0,28.5,150
2024-03-22,Mumbai,Maharashtra,19.076,72.8777,26.0,72.9,58.1,98.1,1.08,29.7,9.7,33.9,98
2024-03-23,Mumbai,Maharashtra,19.076,72.8777,28.7,50.6,61.7,97.1,0.89,43.0,18.2,41.0,106
2024-03-24,Mumbai,Maharashtra,19.076,72.8777,26.0,63.1,61.0,94.8,1.34,29.5,8.4,40.5,103
2024-03-25,Mumbai,Maharashtra,19.076,72.8777,23.3,85.2,50.6,85.8,1.02,27.3,10.9,31.4,86
2024-03-26,Mumbai,Maharashtra,19.076,72.8777,25.2,68.2,72.7,115.6,1.42,27.7,9.6,28.5,142
2024-03-27,Mumbai,Maharashtra,19.076,72.8777,27.7,58.1,58.5,98.6,1.5,28.2,16.0,32.0,99
2024-03-28,Mumbai,Maharashtra,19.076,72.8777,27.5,80.7,64.5,109.1,1.16,24.4,13.8,27.4,115
2024-03-29,Mumbai,Maharashtra,19.076,72.8777,24.1,72.1,71.0,105.0,1.23,40.5,9.6,32.6,137
2024-03-30,Mumbai,Maharashtra,19.076,72.8777,25.8,79.7,69.9,110.3,1.29,53.2,13.1,25.5,133
2024-03-31,Mumbai,Maharashtra,19.076,72.8777,26.1,73.9,72.7,135.7,1.46,35.1,12.6,29.5,142
2024-04-01,Mumbai,Maharashtra,19.076,72.8777,26.6,75.2,61.0,90.0,1.09,23.5,9.3,36.4,103
2024-04-02,Mumbai,Maharashtra,19.076,72.8777,24.9,74.6,56.3,75.0,1.03,37.4,12.8,26.6,94
2024-04-03,Mumbai,Maharashtra,19.076,72.8777,26.4,76.9,60.2,82.6,1.33,28.9,12.0,42.3,101
2024-04-04,Mumbai,Maharashtra,19.076,72.8777,26.3,88.0,41.9,69.4,1.02,35.2,10.0,46.9,70
2024-04-05,Mumbai,Maharashtra,19.076,72.8777,29.2,78.8,43.8,72.5,0.68,26.3,9.4,40.9,73
2024-04-06,Mumbai,Maharashtra,19.076,72.8777,29.3,61.0,44.7,72.9,0.81,24.5,10.9,42.0,74
2024-04-07,Mumbai,Maharashtra,19.076,72.8777,27.7,75.2,47.6,87.2,1.25,28.2,10.5,46.9,87
2024-04-08,Mumbai,Maharashtra,19.076,72.8777,27.4,80.0,64.1,80.1,1.27,39.1,11.3,34.8,114
2024-04-09,Mumbai,Maharashtra,19.076,72.8777,28.5,80.5,47.7,81.5,0.92,27.9,7.9,37.6,82
2024-04-10,Mumbai,Maharashtra,19.076,72.8777,26.9,69.1,53.1,100.0,1.06,28.0,15.3,50.3,100
2024-04-11,Mumbai,Maharashtra,19.076,72.8777,26.4,80.2,76.0,112.6,1.35,37.1,8.9,44.8,153
2024-04-12,Mumbai,Maharashtra,19.076,72.8777,26.9,78.5,52.3,83.4,1.19,23.1,11.5,45.7,87
2024-04-13,Mumbai,Maharashtra,19.076,72.8777,27.6,90.1,66.0,101.4,1.03,37.5,10.3,48.0,120
2024-04-14,Mumbai,Maharashtra,19.076,72.8777,26.8,66.8,45.2,68.6,0.88,17.8,14.9,25.5,75
2024-04-15,Mumbai,Maharashtra,19.076,72.8777,29.3,68.5,52.6,84.2,1.13,28.2,7.5,55.4,88
2024-04-16,Mumbai,Maharashtra,19.076,72.8777,30.4,69.9,44.2,82.4,0.98,32.7,7.3,50.4,82
2024-04-17,Mumbai,Maharashtra,19.076,72.8777,26.4,68.7,50.1,96.4,1.14,31.8,7.1,48.3,96
2024-04-18,Mumbai,Maharashtra,19.076,72.8777,29.4,65.9,64.3,102.8,1.03,38.1,12.1,46.7,114
2024-04-19,Mumbai,Maharashtra,19.076,72.8777,29.1,52.8,36.2,70.0,0.96,25.2,4.8,46.3,70
2024-04-20,Mumbai,Maharashtra,19.076,72.8777,30.2,69.1,57.6,95.3,1.3,39.4,9.2,43.4,96
2024-04-21,Mumbai,Maharashtra,19.076,72.8777,29.7,74.7,54.6,104.4,1.18,37.0,3.9,48.0,103
2024-04-22,Mumbai,Maharashtra,19.076,72.8777,27.2,68.7,45.0,73.6,1.02,31.1,10.3,39.5,75
2024-04-23,Mumbai,Maharashtra,19.076,72.8777,27.7,85.7,36.9,61.6,0.9,31.4,7.5,50.5,62
2024-04-24,Mumbai,Maharashtra,19.076,72.8777,30.1,72.3,51.0,86.9,0.94,34.8,5.6,33.4,87
2024-04-25,Mumbai,Maharashtra,19.076,72.8777,32.0,81.3,44.2,93.9,0.98,25.5,12.8,45.5,94
2024-04-26,Mumbai,Maharashtra,19.076,72.8777,26.3,74.1,51.6,91.8,1.26,22.5,6.2,56.3,92
2024-04-27,Mumbai,Maharashtra,19.076,72.8777,31.1,78.1,48.7,75.3,1.02,32.1,12.3,42.8,81
2024-04-28,Mumbai,Maharashtra,19.076,72.8777,32.7,74.3,68.2,122.5,1.12,39.1,9.4,46.6,127
2024-04-29,Mumbai,Maharashtra,19.076,72.8777,30.4,81.9,45.0,71.8,0.93,34.9,14.4,40.1,75
2024-04-30,Mumbai,Maharashtra,19.076,72.8777,31.8,72.8,37.4,59.0,0.95,20.4,11.2,52.8,62
2024-05-01,Mumbai,Maharashtra,19.076,72.8777,29.7,75.9,48.1,86.0,0.98,24.0,6.8,39.7,86
2024-05-02,Mumbai,Maharashtra,19.076,72.8777,30.8,75.0,48.0,79.4,1.11,32.1,7.1,46.0,80
2024-05-03,Mumbai,Maharashtra,19.076,72.8777,28.2,70.5,60.9,103.0,1.26,33.1,12.7,48.9,103
2024-05-04,Mumbai,Maharashtra,19.076,72.8777,27.1,75.4,53.6,88.5,1.23,19.8,9.5,35.3,89
2024-05-05,Mumbai,Maharashtra,19.076,72.8777,33.1,88.2,47.6,81.0,1.24,31.5,9.3,57.5,81
2024-05-06,Mumbai,Maharashtra,19.076,72.8777,29.7,70.8,59.9,102.7,1.32,22.1,14.6,51.2,102
2024-05-07,Mumbai,Maharashtra,19.076,72.8777,30.8,75.6,33.0,44.9,0.73,18.9,6.4,57.4,55
2024-05-08,Mumbai,Maharashtra,19.076,72.8777,29.3,81.6,36.7,64.3,0.77,33.9,9.2,47.3,64
2024-05-09,Mumbai,Maharashtra,19.076,72.8777,29.3,80.8,34.0,51.1,0.87,35.8,11.6,72.5,57
2024-05-10,Mumbai,Maharashtra,19.076,72.8777,31.7,73.0,37.7,54.1,0.85,18.8,11.4,58.4,63
2024-05-11,Mumbai,Maharashtra,19.076,72.8777,30.8,56.3,29.9,49.1,0.66,21.6,7.9,51.9,50
2024-05-12,Mumbai,Maharashtra,19.076,72.8777,32.9,76.7,45.9,76.3,0.94,28.9,8.8,44.1,76
2024-05-13,Mumbai,Maharashtra,19.076,72.8777,33.2,57.6,37.4,57.8,0.84,36.7,3.8,51.5,62
2024-05-14,Mumbai,Maharashtra,19.076,72.8777,33.0,83.6,28.0,49.7,0.71,20.0,5.1,64.5,50
2024-05-15,Mumbai,Maharashtra,19.076,72.8777,33.0,74.6,30.4,44.1,0.79,20.9,9.4,66.5,51
2024-05-16,Mumbai,Maharashtra,19.076,72.8777,35.5,80.5,40.1,63.7,1.12,36.1,8.8,67.7,67
2024-05-17,Mumbai,Maharashtra,19.076,72.8777,30.9,67.3,44.2,69.1,1.02,25.9,9.8,54.3,74
2024-05-18,Mumbai,Maharashtra,19.076,72.8777,32.8,62.9,56.1,92.2,1.49,36.3,13.6,39.9,94
2024-05-19,Mumbai,Maharashtra,19.076,72.8777,35.1,75.7,67.4,114.0,1.27,26.7,7.8,56.3,125
2024-05-20,Mumbai,Maharashtra,19.076,72.8777,35.4,73.8,38.2,57.2,0.88,25.2,8.3,46.0,64
2024-05-21,Mumbai,Maharashtra,19.076,72.8777,30.7,70.8,27.5,48.3,0.81,12.8,8.8,37.5,48
2024-05-22,Mumbai,Maharashtra,19.076,72.8777,32.8,75.0,21.0,34.8,0.77,14.4,5.6,55.4,35
2024-05-23,Mumbai,Maharashtra,19.076,72.8777,36.0,93.9,34.8,47.6,0.95,30.2,13.1,61.2,58
2024-05-24,Mumbai,Maharashtra,19.076,72.8777,34.5,80.6,26.9,36.4,1.11,22.3,10.9,62.8,45
2024-05-25,Mumbai,Maharashtra,19.076,72.8777,34.1,82.3,28.7,47.3,0.69,21.3,9.2,58.7,48
2024-05-26,Mumbai,Maharashtra,19.076,72.8777,33.5,81.0,26.9,43.4,0.93,18.1,13.5,58.1,45
2024-05-27,Mumbai,Maharashtra,19.076,72.8777,33.3,85.7,29.1,47.6,0.85,22.0,3.8,45.5,49
2024-05-28,Mumbai,Maharashtra,19.076,72.8777,34.6,74.2,37.0,60.9,0.68,27.7,8.9,53.8,62
2024-05-29,Mumbai,Maharashtra,19.076,72.8777,33.8,61.4,29.6,49.8,0.94,29.4,9.5,42.0,50
2024-05-30,Mumbai,Maharashtra,19.076,72.8777,34.2,74.7,26.8,48.1,0.99,6.8,5.4,39.1,48
2024-05-31,Mumbai,Maharashtra,19.076,72.8777,34.6,81.9,21.5,31.9,0.61,15.9,8.6,62.1,36
2024-06-01,Mumbai,Maharashtra,19.076,72.8777,33.3,69.7,18.2,26.8,0.7,20.8,4.1,48.5,30
2024-06-02,Mumbai,Maharashtra,19.076,72.8777,35.6,75.6,22.9,34.1,0.5,20.7,9.9,64.7,38
2024-06-03,Mumbai,Maharashtra,19.076,72.8777,40.0,72.2,24.4,41.4,0.58,24.2,11.1,73.5,41
2024-06-04,Mumbai,Maharashtra,19.076,72.8777,31.7,87.9,35.3,64.9,1.05,26.9,9.6,45.2,65
2024-06-05,Mumbai,Maharashtra,19.076,72.8777,35.6,82.9,23.8,37.8,0.69,19.8,2.3,62.3,40
2024-06-06,Mumbai,Maharashtra,19.076,72.8777,33.7,82.5,27.7,35.4,0.64,19.7,5.3,48.9,46
2024-06-07,Mumbai,Maharashtra,19.076,72.8777,36.3,82.6,19.3,26.9,0.75,18.7,9.2,44.3,32
2024-06-08,Mumbai,Maharashtra,19.076,72.8777,35.4,78.4,16.0,24.3,0.6,26.0,7.3,59.0,27
2024-06-09,Mumbai,Maharashtra,19.076,72.8777,36.8,80.3,16.1,25.2,0.61,14.8,1.0,56.5,27
2024-06-10,Mumbai,Maharashtra,19.076,72.8777,37.7,71.0,16.3,25.8,0.79,18.8,11.0,58.1,27
2024-06-11,Mumbai,Maharashtra,19.076,72.8777,36.0,64.3,29.1,48.2,0.65,24.4,8.7,73.5,49
2024-06-12,Mumbai,Maharashtra,19.076,72.8777,37.8,81.1,14.5,23.3,0.53,28.0,4.7,49.8,24
2024-06-13,Mumbai,Maharashtra,19.076,72.8777,31.6,82.6,19.9,36.0,0.74,18.6,10.6,54.7,36
2024-06-14,Mumbai,Maharashtra,19.076,72.8777,38.8,89.2,12.9,20.0,0.79,23.9,5.0,55.9,22
2024-06-15,Mumbai,Maharashtra,19.076,72.8777,36.7,92.1,18.3,27.8,0.89,27.2,5.4,67.2,31
2024-06-16,Mumbai,Maharashtra,19.076,72.8777,38.1,92.5,15.3,26.4,0.57,18.5,8.3,64.8,26
2024-06-17,Mumbai,Maharashtra,19.076,72.8777,34.1,74.9,12.8,18.2,0.78,16.8,12.4,59.3,21
2024-06-18,Mumbai,Maharashtra,19.076,72.8777,34.9,79.8,12.3,21.0,0.52,16.0,11.9,50.0,21
2024-06-19,Mumbai,Maharashtra,19.076,72.8777,36.7,86.0,10.0,16.7,0.89,15.7,7.9,54.6,17
2024-06-20,Mumbai,Maharashtra,19.076,72.8777,36.5,98.0,11.9,19.3,0.46,22.9,8.3,67.7,20
2024-06-21,Mumbai,Maharashtra,19.076,72.8777,37.2,93.8,9.0,17.0,0.8,18.3,9.1,75.7,17
2024-06-22,Mumbai,Maharashtra,19.076,72.8777,38.7,91.6,8.0,15.0,0.49,18.0,2.9,68.0,15
2024-06-23,Mumbai,Maharashtra,19.076,72.8777,33.7,81.5,8.0,15.7,0.89,9.8,8.6,48.9,16
2024-06-24,Mumbai,Maharashtra,19.076,72.8777,38.7,78.4,8.0,15.0,0.68,10.8,4.4,66.8,15
2024-06-25,Mumbai,Maharashtra,19.076,72.8777,37.0,90.5,9.7,15.0,0.46,30.0,7.7,80.7,16
2024-06-26,Mumbai,Maharashtra,19.076,72.8777,36.7,77.6,8.0,15.0,0.51,15.5,6.0,61.8,15
2024-06-27,Mumbai,Maharashtra,19.076,72.8777,34.5,84.0,8.0,15.0,0.71,11.9,8.1,69.1,15
2024-06-28,Mumbai,Maharashtra,19.076,72.8777,38.1,85.2,8.0,15.0,0.75,25.1,7.0,57.3,15
2024-06-29,Mumbai,Maharashtra,19.076,72.8777,33.0,97.5,8.0,15.0,0.58,18.3,1.0,54.6,15
2024-06-30,Mumbai,Maharashtra,19.076,72.8777,38.6,84.2,8.0,15.0,0.6,20.0,7.2,68.8,15
2024-07-01,Mumbai,Maharashtra,19.076,72.8777,34.8,70.0,8.0,15.0,0.7,15.7,8.6,61.0,15
2024-07-02,Mumbai,Maharashtra,19.076,72.8777,37.6,90.9,8.0,15.0,0.61,14.6,8.0,56.2,15
2024-07-03,Mumbai,Maharashtra,19.076,72.8777,37.4,82.7,8.0,15.0,0.39,15.5,6.3,55.5,15
2024-07-04,Mumbai,Maharashtra,19.076,72.8777,39.7,88.2,8.0,15.0,0.47,8.3,11.6,73.7,15
2024-07-05,Mumbai,Maharashtra,19.076,72.8777,37.4,87.6,8.0,15.0,0.62,16.0,7.6,71.5,15
2024-07-06,Mumbai,Maharashtra,19.076,72.8777,36.5,86.5,8.0,15.0,0.77,18.3,8.0,72.7,15
2024-07-07,Mumbai,Maharashtra,19.076,72.8777,36.9,94.2,8.0,15.0,0.83,27.7,9.8,75.6,15
2024-07-08,Mumbai,Maharashtra,19.076,72.8777,40.1,78.2,8.0,15.0,0.71,17.1,7.7,67.5,15
2024-07-09,Mumbai,Maharashtra,19.076,72.8777,38.8,85.5,8.0,15.0,0.63,4.0,3.9,61.8,15
2024-07-10,Mumbai,Maharashtra,19.076,72.8777,37.2,94.1,8.0,15.0,0.7,16.0,1.0,72.5,15
2024-07-11,Mumbai,Maharashtra,19.076,72.8777,37.5,85.2,8.0,15.0,0.49,33.0,5.2,67.9,15
2024-07-12,Mumbai,Maharashtra,19.076,72.8777,35.1,78.3,8.0,15.0,0.57,21.8,8.9,50.5,15
2024-07-13,Mumbai,Maharashtra,19.076,72.8777,38.7,94.4,8.0,15.5,0.47,11.7,5.6,55.8,16
2024-07-14,Mumbai,Maharashtra,19.076,72.8777,34.8,97.7,8.0,15.0,0.4,20.1,9.0,61.8,15
2024-07-15,Mumbai,Maharashtra,19.076,72.8777,39.3,89.6,8.0,15.0,0.64,12.1,7.1,63.7,15
2024-07-16,Mumbai,Maharashtra,19.076,72.8777,38.2,76.2,8.0,15.0,0.62,8.4,10.5,63.2,15
2024-07-17,Mumbai,Maharashtra,19.076,72.8777,42.3,94.9,8.0,15.0,0.69,14.5,5.8,78.4,15
2024-07-18,Mumbai,Maharashtra,19.076,72.8777,36.0,78.4,8.0,15.0,0.67,17.1,8.0,65.9,15
2024-07-19,Mumbai,Maharashtra,19.076,72.8777,37.8,92.2,8.0,15.0,0.63,5.3,8.2,73.3,15
2024-07-20,Mumbai,Maharashtra,19.076,72.8777,41.2,83.7,8.0,15.0,0.67,9.7,11.1,52.7,15
2024-07-21,Mumbai,Maharashtra,19.076,72.8777,40.1,81.8,8.0,15.2,0.58,16.6,1.5,68.4,15
2024-07-22,Mumbai,Maharashtra,19.076,72.8777,36.7,86.7,8.0,15.0,0.65,14.1,5.3,66.5,15
2024-07-23,Mumbai,Maharashtra,19.076,72.8777,38.3,88.4,8.0,15.0,0.48,18.9,9.2,51.3,15
2024-07-24,Mumbai,Maharashtra,19.076,72.8777,37.9,85.1,8.0,15.0,0.64,9.3,11.3,57.6,15
2024-07-25,Mumbai,Maharashtra,19.076,72.8777,38.4,93.6,8.0,15.0,0.69,20.8,7.4,56.8,15
2024-07-26,Mumbai,Maharashtra,19.076,72.8777,36.5,86.2,8.0,15.0,0.49,9.5,5.8,60.9,15
2024-07-27,Mumbai,Maharashtra,19.076,72.8777,37.6,96.0,8.0,15.0,0.6,26.4,8.9,75.4,15
2024-07-28,Mumbai,Maharashtra,19.076,72.8777,34.8,90.9,8.0,15.0,0.5,6.3,9.2,74.1,15
2024-07-29,Mumbai,Maharashtra,19.076,72.8777,37.9,83.8,8.0,15.0,0.51,10.0,5.6,56.3,15
2024-07-30,Mumbai,Maharashtra,19.076,72.8777,38.4,82.4,8.0,15.0,0.42,19.1,7.6,67.9,15
2024-07-31,Mumbai,Maharashtra,19.076,72.8777,37.1,76.7,8.0,15.0,0.78,26.5,10.2,66.1,15
2024-08-01,Mumbai,Maharashtra,19.076,72.8777,34.6,90.0,8.0,15.0,0.75,18.5,12.3,60.6,15
2024-08-02,Mumbai,Maharashtra,19.076,72.8777,39.2,85.2,8.0,15.0,0.67,19.9,8.9,68.1,15
2024-08-03,Mumbai,Maharashtra,19.076,72.8777,38.0,70.7,8.0,15.0,0.88,16.7,6.8,65.4,15
2024-08-04,Mumbai,Maharashtra,19.076,72.8777,36.0,83.3,8.0,15.0,0.56,10.4,6.5,73.3,15
2024-08-05,Mumbai,Maharashtra,19.076,72.8777,36.7,80.4,8.0,15.0,1.04,13.6,8.3,69.7,15
2024-08-06,Mumbai,Maharashtra,19.076,72.8777,34.4,97.4,8.0,15.0,0.55,9.3,6.3,48.8,15
2024-08-07,Mumbai,Maharashtra,19.076,72.8777,35.2,74.1,8.0,15.0,0.63,8.9,7.2,64.9,15
2024-08-08,Mumbai,Maharashtra,19.076,72.8777,36.0,75.6,8.0,15.0,0.53,19.0,3.5,66.9,15
2024-08-09,Mumbai,Maharashtra,19.076,72.8777,39.1,93.1,8.0,15.0,0.64,9.8,10.5,67.2,15
2024-08-10,Mumbai,Maharashtra,19.076,72.8777,35.6,94.4,8.2,15.0,0.72,18.5,3.2,68.2,15
2024-08-11,Mumbai,Maharashtra,19.076,72.8777,37.8,79.3,8.0,15.0,0.57,8.7,5.3,64.2,15
2024-08-12,Mumbai,Maharashtra,19.076,72.8777,35.6,79.8,9.7,17.9,0.87,18.9,7.1,60.6,18
2024-08-13,Mumbai,Maharashtra,19.076,72.8777,36.9,88.1,10.8,17.1,0.66,14.5,12.8,62.0,18
2024-08-14,Mumbai,Maharashtra,19.076,72.8777,36.1,67.1,19.4,38.5,0.76,28.6,6.3,42.7,38
2024-08-15,Mumbai,Maharashtra,19.076,72.8777,37.9,70.0,18.1,29.9,0.56,21.7,5.4,61.1,30
2024-08-16,Mumbai,Maharashtra,19.076,72.8777,35.2,80.7,10.6,18.2,0.68,24.8,5.2,52.9,18
2024-08-17,Mumbai,Maharashtra,19.076,72.8777,33.2,93.1,12.9,24.3,0.62,13.6,12.0,45.4,24
2024-08-18,Mumbai,Maharashtra,19.076,72.8777,33.5,78.8,10.6,17.6,0.53,17.7,1.0,67.0,18
2024-08-19,Mumbai,Maharashtra,19.076,72.8777,34.9,82.2,13.5,20.3,0.53,12.4,4.1,61.5,22
2024-08-20,Mumbai,Maharashtra,19.076,72.8777,33.5,89.0,17.5,28.5,1.09,17.1,15.6,54.6,29
2024-08-21,Mumbai,Maharashtra,19.076,72.8777,36.4,95.5,22.4,36.8,0.71,19.6,9.6,54.4,37
2024-08-22,Mumbai,Maharashtra,19.076,72.8777,34.7,76.3,15.4,22.2,0.45,14.6,3.9,59.3,26
2024-08-23,Mumbai,Maharashtra,19.076,72.8777,39.7,79.9,16.4,26.4,0.58,11.9,7.2,72.8,27
2024-08-24,Mumbai,Maharashtra,19.076,72.8777,32.2,92.4,12.3,19.0,0.63,9.5,7.2,46.6,21
2024-08-25,Mumbai,Maharashtra,19.076,72.8777,35.5,68.6,19.9,35.6,0.8,6.3,10.1,57.8,36
2024-08-26,Mumbai,Maharashtra,19.076,72.8777,33.0,86.2,17.0,28.2,0.77,13.1,12.9,61.1,28
2024-08-27,Mumbai,Maharashtra,19.076,72.8777,34.1,71.5,19.9,32.0,0.82,24.1,8.8,40.0,33
2024-08-28,Mumbai,Maharashtra,19.076,72.8777,35.1,79.0,19.2,31.3,0.62,10.5,5.9,56.8,32
2024-08-29,Mumbai,Maharashtra,19.076,72.8777,30.5,76.3,23.6,39.7,0.81,13.3,10.2,46.0,40
2024-08-30,Mumbai,Maharashtra,19.076,72.8777,35.0,71.0,16.9,29.5,0.56,30.2,5.3,56.3,30
2024-08-31,Mumbai,Maharashtra,19.076,72.8777,37.9,70.5,18.6,28.0,0.61,16.1,4.4,57.8,31
2024-09-01,Mumbai,Maharashtra,19.076,72.8777,33.5,79.0,42.4,63.4,0.83,29.5,4.1,53.5,71
2024-09-02,Mumbai,Maharashtra,19.076,72.8777,34.7,83.8,20.6,37.4,0.55,24.5,3.0,71.8,37
2024-09-03,Mumbai,Maharashtra,19.076,72.8777,36.0,75.6,22.1,35.1,0.91,25.1,5.1,55.7,37
2024-09-04,Mumbai,Maharashtra,19.076,72.8777,33.7,76.8,43.4,62.4,1.09,18.7,5.9,54.9,72
2024-09-05,Mumbai,Maharashtra,19.076,72.8777,32.8,80.0,56.4,96.8,1.27,30.7,11.4,65.8,97
2024-09-06,Mumbai,Maharashtra,19.076,72.8777,29.7,69.0,23.6,40.6,0.77,11.8,4.3,43.7,41
2024-09-07,Mumbai,Maharashtra,19.076,72.8777,34.8,80.7,28.9,41.0,0.94,37.9,1.0,70.3,48
2024-09-08,Mumbai,Maharashtra,19.076,72.8777,33.3,81.1,34.5,58.2,0.62,15.5,5.6,52.9,58
2024-09-09,Mumbai,Maharashtra,19.076,72.8777,31.6,93.3,48.0,84.4,1.16,23.1,8.4,63.0,84
2024-09-10,Mumbai,Maharashtra,19.076,72.8777,33.5,72.3,27.0,46.0,0.83,16.4,6.3,59.9,46
2024-09-11,Mumbai,Maharashtra,19.076,72.8777,32.1,71.5,32.4,56.6,0.95,15.4,13.2,53.6,57
2024-09-12,Mumbai,Maharashtra,19.076,72.8777,32.1,79.9,41.5,59.7,1.02,35.4,7.5,49.6,69
2024-09-13,Mumbai,Maharashtra,19.076,72.8777,34.0,80.1,39.2,66.7,0.79,41.1,11.8,48.5,67
2024-09-14,Mumbai,Maharashtra,19.076,72.8777,30.4,70.5,33.5,53.7,0.65,21.9,8.6,48.9,56
2024-09-15,Mumbai,Maharashtra,19.076,72.8777,34.5,71.2,36.0,56.8,0.79,17.6,8.8,61.8,60
2024-09-16,Mumbai,Maharashtra,19.076,72.8777,30.0,77.7,27.9,49.7,0.89,9.5,5.7,48.1,50
2024-09-17,Mumbai,Maharashtra,19.076,72.8777,31.2,68.0,36.4,68.2,1.01,24.2,8.7,46.8,68
2024-09-18,Mumbai,Maharashtra,19.076,72.8777,35.8,70.8,36.8,70.7,0.7,23.9,6.7,54.5,71
2024-09-19,Mumbai,Maharashtra,19.076,72.8777,34.2,74.1,41.8,77.2,0.82,23.5,9.9,61.5,77
2024-09-20,Mumbai,Maharashtra,19.076,72.8777,32.2,80.4,35.7,58.4,0.79,26.8,8.1,60.8,60
2024-09-21,Mumbai,Maharashtra,19.076,72.8777,30.2,69.1,45.5,77.5,0.95,30.9,6.8,41.5,78
2024-09-22,Mumbai,Maharashtra,19.076,72.8777,30.9,60.3,52.0,91.9,0.87,32.6,13.1,41.8,92
2024-09-23,Mumbai,Maharashtra,19.076,72.8777,31.8,59.7,43.7,73.0,0.77,26.1,10.8,52.6,73
2024-09-24,Mumbai,Maharashtra,19.076,72.8777,31.6,64.2,46.3,77.4,0.89,22.2,8.4,61.2,77
2024-09-25,Mumbai,Maharashtra,19.076,72.8777,31.3,63.7,44.0,78.1,1.0,32.1,10.0,57.8,78
2024-09-26,Mumbai,Maharashtra,19.076,72.8777,31.3,71.8,44.1,72.4,0.81,28.2,9.3,38.6,74
2024-09-27,Mumbai,Maharashtra,19.076,72.8777,30.8,64.4,38.2,58.8,0.91,31.5,6.4,46.4,64
2024-09-28,Mumbai,Maharashtra,19.076,72.8777,28.5,67.8,48.6,77.2,1.2,34.3,10.1,36.3,81
2024-09-29,Mumbai,Maharashtra,19.076,72.8777,30.0,67.2,44.9,78.4,0.8,19.9,7.7,44.4,78
2024-09-30,Mumbai,Maharashtra,19.076,72.8777,32.5,69.5,73.7,121.6,1.29,29.0,9.1,60.4,146
2024-10-01,Mumbai,Maharashtra,19.076,72.8777,28.2,81.8,66.6,113.2,1.39,30.8,6.5,30.1,122
2024-10-02,Mumbai,Maharashtra,19.076,72.8777,30.2,77.1,51.9,90.8,1.01,24.3,9.1,33.2,91
2024-10-03,Mumbai,Maharashtra,19.076,72.8777,29.0,72.6,40.8,65.0,0.87,31.6,11.0,38.7,68
2024-10-04,Mumbai,Maharashtra,19.076,72.8777,30.5,69.2,38.2,67.4,1.1,28.3,7.0,50.3,67
2024-10-05,Mumbai,Maharashtra,19.076,72.8777,29.5,69.3,64.2,109.6,1.17,41.1,18.7,48.8,114
2024-10-06,Mumbai,Maharashtra,19.076,72.8777,32.7,74.6,52.9,77.5,1.25,33.3,12.9,53.6,88
2024-10-07,Mumbai,Maharashtra,19.076,72.8777,30.9,76.4,56.1,104.8,1.19,33.2,14.4,56.2,103
2024-10-08,Mumbai,Maharashtra,19.076,72.8777,27.5,65.9,34.8,54.8,0.84,32.3,11.2,29.4,58
2024-10-09,Mumbai,Maharashtra,19.076,72.8777,30.9,72.5,63.3,88.8,1.28,37.1,16.6,55.7,111
2024-10-10,Mumbai,Maharashtra,19.076,72.8777,28.2,58.0,57.7,86.1,1.19,32.9,8.3,39.9,96
2024-10-11,Mumbai,Maharashtra,19.076,72.8777,28.4,73.7,41.3,61.8,1.11,36.1,1.6,50.2,69
2024-10-12,Mumbai,Maharashtra,19.076,72.8777,29.9,77.5,48.0,79.7,0.95,30.1,8.5,35.5,80
2024-10-13,Mumbai,Maharashtra,19.076,72.8777,28.3,70.2,57.1,91.8,1.14,30.4,12.2,42.7,95
2024-10-14,Mumbai,Maharashtra,19.076,72.8777,30.7,84.9,55.0,88.0,1.1,26.6,10.9,48.5,92
2024-10-15,Mumbai,Maharashtra,19.076,72.8777,27.6,66.0,51.5,89.8,1.18,34.7,10.9,51.2,90
2024-10-16,Mumbai,Maharashtra,19.076,72.8777,27.7,73.6,54.2,92.2,0.95,38.8,14.3,29.3,92
2024-10-17,Mumbai,Maharashtra,19.076,72.8777,27.6,71.9,53.0,90.0,1.24,30.7,11.4,42.0,90
2024-10-18,Mumbai,Maharashtra,19.076,72.8777,27.6,71.4,58.5,100.1,1.22,40.6,13.1,32.6,100
2024-10-19,Mumbai,Maharashtra,19.076,72.8777,30.5,71.3,78.9,137.5,1.18,27.4,9.5,47.9,163
2024-10-20,Mumbai,Maharashtra,19.076,72.8777,29.5,72.8,32.8,43.7,1.05,24.2,5.3,53.2,55
2024-10-21,Mumbai,Maharashtra,19.076,72.8777,31.3,78.0,55.2,88.1,1.45,31.4,15.3,57.9,92
2024-10-22,Mumbai,Maharashtra,19.076,72.8777,32.2,81.7,61.0,80.7,1.33,29.2,11.2,44.2,103
2024-10-23,Mumbai,Maharashtra,19.076,72.8777,26.2,72.0,63.2,104.6,1.42,48.5,9.2,46.0,111
2024-10-24,Mumbai,Maharashtra,19.076,72.8777,28.0,77.8,55.0,90.8,1.12,31.2,8.5,53.2,92
2024-10-25,Mumbai,Maharashtra,19.076,72.8777,25.7,67.1,40.9,74.0,0.71,24.7,7.3,26.8,74
2024-10-26,Mumbai,Maharashtra,19.076,72.8777,26.3,77.4,65.3,119.4,0.95,35.1,9.1,43.4,118
2024-10-27,Mumbai,Maharashtra,19.076,72.8777,26.4,66.7,89.6,150.6,1.53,30.7,9.3,44.0,199
2024-10-28,Mumbai,Maharashtra,19.076,72.8777,25.5,79.7,44.1,69.5,0.9,23.6,5.0,37.3,74
2024-10-29,Mumbai,Maharashtra,19.076,72.8777,25.4,87.5,75.4,129.8,1.2,44.0,11.4,26.4,151
2024-10-30,Mumbai,Maharashtra,19.076,72.8777,26.9,71.2,58.4,91.8,1.14,28.9,8.9,47.8,97
2024-10-31,Mumbai,Maharashtra,19.076,72.8777,24.9,56.7,62.5,103.1,1.29,29.0,14.3,27.0,108
2024-11-01,Mumbai,Maharashtra,19.076,72.8777,28.5,68.2,50.6,91.0,0.84,38.1,10.9,42.1,91
2024-11-02,Mumbai,Maharashtra,19.076,72.8777,25.2,80.6,59.8,93.6,1.1,41.2,11.6,37.0,100
2024-11-03,Mumbai,Maharashtra,19.076,72.8777,31.8,75.9,86.3,152.8,1.69,44.7,10.7,50.9,188
2024-11-04,Mumbai,Maharashtra,19.076,72.8777,25.8,73.8,74.2,130.1,1.16,35.0,11.6,31.8,147
2024-11-05,Mumbai,Maharashtra,19.076,72.8777,26.6,79.1,96.3,145.2,1.7,43.4,14.8,30.5,221
2024-11-06,Mumbai,Maharashtra,19.076,72.8777,24.1,75.4,85.9,154.3,1.38,36.7,15.0,33.7,186
2024-11-07,Mumbai,Maharashtra,19.076,72.8777,29.3,80.5,73.5,129.1,1.4,31.6,11.6,50.6,145
2024-11-08,Mumbai,Maharashtra,19.076,72.8777,28.2,78.4,98.7,164.4,1.76,39.3,17.1,56.5,229
2024-11-09,Mumbai,Maharashtra,19.076,72.8777,26.6,82.7,74.6,114.6,1.44,34.2,12.0,26.0,149
2024-11-10,Mumbai,Maharashtra,19.076,72.8777,23.5,74.5,81.8,124.5,1.55,34.0,14.9,35.0,173
2024-11-11,Mumbai,Maharashtra,19.076,72.8777,26.2,78.3,64.3,101.0,1.04,25.2,9.7,29.8,114
2024-11-12,Mumbai,Maharashtra,19.076,72.8777,23.7,69.9,70.2,121.5,1.45,37.8,6.2,42.1,134
2024-11-13,Mumbai,Maharashtra,19.076,72.8777,28.3,67.8,59.7,89.9,1.04,34.5,11.6,34.7,100
2024-11-14,Mumbai,Maharashtra,19.076,72.8777,27.0,83.9,87.1,149.4,1.51,52.1,15.1,32.1,190
2024-11-15,Mumbai,Maharashtra,19.076,72.8777,25.6,73.5,54.4,79.6,1.14,27.4,12.1,33.8,91
2024-11-16,Mumbai,Maharashtra,19.076,72.8777,20.9,77.6,84.3,136.5,1.51,42.7,14.0,27.4,181
2024-11-17,Mumbai,Maharashtra,19.076,72.8777,23.4,72.9,68.4,114.1,1.31,37.8,10.4,36.2,128
2024-11-18,Mumbai,Maharashtra,19.076,72.8777,26.3,67.9,92.9,187.4,1.41,42.2,11.0,39.7,210
2024-11-19,Mumbai,Maharashtra,19.076,72.8777,27.2,72.1,85.2,123.0,1.24,45.7,14.5,37.9,184
2024-11-20,Mumbai,Maharashtra,19.076,72.8777,26.9,82.1,108.5,202.9,1.84,53.4,16.0,24.6,262
2024-11-21,Mumbai,Maharashtra,19.076,72.8777,21.9,75.9,85.8,143.6,1.48,43.4,11.2,35.4,186
2024-11-22,Mumbai,Maharashtra,19.076,72.8777,25.3,60.0,52.0,89.0,1.25,29.1,13.5,37.8,89
2024-11-23,Mumbai,Maharashtra,19.076,72.8777,26.5,70.5,72.8,121.5,1.3,35.2,9.2,47.3,143
2024-11-24,Mumbai,Maharashtra,19.076,72.8777,21.5,84.5,57.4,98.6,0.93,24.2,8.8,26.1,99
2024-11-25,Mumbai,Maharashtra,19.076,72.8777,24.4,70.5,66.7,108.5,1.39,30.5,16.2,22.6,122
2024-11-26,Mumbai,Maharashtra,19.076,72.8777,24.8,59.4,104.7,195.7,1.61,43.8,17.0,32.0,249
2024-11-27,Mumbai,Maharashtra,19.076,72.8777,23.7,85.3,86.9,137.4,1.52,35.1,11.9,42.6,190
2024-11-28,Mumbai,Maharashtra,19.076,72.8777,20.8,76.8,65.1,118.4,1.13,37.5,12.1,31.1,117
2024-11-29,Mumbai,Maharashtra,19.076,72.8777,23.5,71.5,61.0,94.8,1.42,40.7,11.3,32.9,103
2024-11-30,Mumbai,Maharashtra,19.076,72.8777,23.4,69.4,77.2,126.6,1.23,33.2,3.9,25.8,157
2024-12-01,Mumbai,Maharashtra,19.076,72.8777,23.6,79.6,58.9,87.7,1.1,34.5,8.0,49.0,98
2024-12-02,Mumbai,Maharashtra,19.076,72.8777,22.8,68.2,66.7,114.6,1.26,29.1,11.2,24.6,122
2024-12-03,Mumbai,Maharashtra,19.076,72.8777,23.0,80.0,83.2,155.3,1.26,38.8,11.6,25.6,177
2024-12-04,Mumbai,Maharashtra,19.076,72.8777,23.6,75.8,100.6,164.8,1.67,42.1,14.8,35.3,235
2024-12-05,Mumbai,Maharashtra,19.076,72.8777,24.4,73.7,89.6,145.2,1.74,46.3,16.6,18.2,199
2024-12-06,Mumbai,Maharashtra,19.076,72.8777,23.0,73.0,47.5,70.5,0.95,25.1,8.8,45.2,79
2024-12-07,Mumbai,Maharashtra,19.076,72.8777,22.7,70.8,84.5,136.5,1.5,47.1,9.6,35.9,182
2024-12-08,Mumbai,Maharashtra,19.076,72.8777,23.5,79.3,80.6,113.7,0.98,38.3,13.4,39.8,169
2024-12-09,Mumbai,Maharashtra,19.076,72.8777,19.8,65.9,87.2,132.0,1.46,38.0,12.0,30.5,191
2024-12-10,Mumbai,Maharashtra,19.076,72.8777,24.1,60.6,114.1,192.1,1.72,43.0,14.7,28.9,280
2024-12-11,Mumbai,Maharashtra,19.076,72.8777,23.2,76.3,50.9,94.1,0.94,31.8,9.2,26.5,94
2024-12-12,Mumbai,Maharashtra,19.076,72.8777,23.2,76.4,70.7,146.4,1.45,42.0,18.4,31.9,136
2024-12-13,Mumbai,Maharashtra,19.076,72.8777,24.8,75.4,92.0,143.7,1.47,45.1,6.6,25.6,207
2024-12-14,Mumbai,Maharashtra,19.076,72.8777,19.5,74.9,57.2,106.7,1.11,45.7,9.4,32.3,104
2024-12-15,Mumbai,Maharashtra,19.076,72.8777,19.4,69.8,112.5,189.7,1.69,58.6,15.0,29.2,275
2024-12-16,Mumbai,Maharashtra,19.076,72.8777,23.3,77.5,88.4,143.9,1.2,40.5,10.7,43.3,195
2024-12-17,Mumbai,Maharashtra,19.076,72.8777,22.8,71.7,98.6,169.0,1.43,43.6,16.6,32.6,229
2024-12-18,Mumbai,Maharashtra,19.076,72.8777,23.0,68.6,72.4,120.1,1.45,40.0,14.2,40.0,141
2024-12-19,Mumbai,Maharashtra,19.076,72.8777,21.9,69.8,98.4,164.0,1.28,40.5,13.7,25.8,228
2024-12-20,Mumbai,Maharashtra,19.076,72.8777,23.8,86.1,104.4,165.8,1.54,54.4,13.5,26.9,248
2024-12-21,Mumbai,Maharashtra,19.076,72.8777,24.3,59.9,87.1,125.4,1.41,44.0,12.6,36.9,190
2024-12-22,Mumbai,Maharashtra,19.076,72.8777,23.4,75.5,87.3,123.8,1.73,43.5,12.7,28.6,191
2024-12-23,Mumbai,Maharashtra,19.076,72.8777,22.0,60.2,88.2,154.2,1.6,46.3,12.8,31.6,194
2024-12-24,Mumbai,Maharashtra,19.076,72.8777,18.7,71.2,68.9,110.8,1.18,46.4,10.9,17.5,130
2024-12-25,Mumbai,Maharashtra,19.076,72.8777,23.8,69.0,80.8,126.1,1.59,40.9,13.2,25.9,169
2024-12-26,Mumbai,Maharashtra,19.076,72.8777,24.6,57.4,80.9,133.6,1.29,39.2,14.7,39.3,170
2024-12-27,Mumbai,Maharashtra,19.076,72.8777,23.5,74.7,91.2,161.3,1.66,52.2,9.6,38.6,204
2024-12-28,Mumbai,Maharashtra,19.076,72.8777,20.7,69.3,104.6,175.5,1.46,53.3,11.2,17.8,249
2024-12-29,Mumbai,Maharashtra,19.076,72.8777,23.5,57.3,66.6,103.4,1.4,33.4,6.1,39.3,122
2024-12-30,Mumbai,Maharashtra,19.076,72.8777,23.8,77.9,82.0,150.3,1.35,40.3,15.2,28.6,173
2024-12-31,Mumbai,Maharashtra,19.076,72.8777,25.0,82.0,116.9,220.5,1.64,52.6,16.1,31.5,290
2025-01-01,Mumbai,Maharashtra,19.076,72.8777,20.6,82.4,71.6,123.5,1.26,39.1,13.2,40.2,139
2025-01-02,Mumbai,Maharashtra,19.076,72.8777,21.8,74.5,70.5,126.6,1.33,28.4,7.4,37.2,135
2025-01-03,Mumbai,Maharashtra,19.076,72.8777,23.5,72.3,88.5,162.4,1.41,33.1,18.4,38.1,195
2025-01-04,Mumbai,Maharashtra,19.076,72.8777,22.2,81.3,102.0,185.6,1.72,41.3,12.3,43.6,240
2025-01-05,Mumbai,Maharashtra,19.076,72.8777,20.1,83.8,85.0,148.1,1.36,35.4,13.3,21.0,183
2025-01-06,Mumbai,Maharashtra,19.076,72.8777,22.8,79.9,113.7,197.8,1.86,46.5,17.7,20.3,279
2025-01-07,Mumbai,Maharashtra,19.076,72.8777,23.1,65.4,102.6,177.3,1.71,50.6,11.2,23.9,242
2025-01-08,Mumbai,Maharashtra,19.076,72.8777,22.2,73.4,102.3,152.0,1.63,45.7,12.5,26.3,241
2025-01-09,Mumbai,Maharashtra,19.076,72.8777,22.4,75.1,96.1,168.7,1.5,45.9,14.2,10.4,220
2025-01-10,Mumbai,Maharashtra,19.076,72.8777,21.6,59.3,142.1,205.5,2.1,52.1,25.9,21.6,317
2025-01-11,Mumbai,Maharashtra,19.076,72.8777,24.7,75.3,81.4,124.6,1.49,37.3,13.4,30.0,171
2025-01-12,Mumbai,Maharashtra,19.076,72.8777,20.4,87.9,54.8,101.2,1.42,35.1,15.2,36.4,101
2025-01-13,Mumbai,Maharashtra,19.076,72.8777,20.9,76.5,121.3,215.4,1.99,56.4,19.3,27.2,301
2025-01-14,Mumbai,Maharashtra,19.076,72.8777,22.0,82.3,77.1,144.4,1.5,34.3,13.3,25.7,157
2025-01-15,Mumbai,Maharashtra,19.076,72.8777,23.6,73.3,87.3,140.5,1.93,42.9,10.0,36.7,191
2025-01-16,Mumbai,Maharashtra,19.076,72.8777,19.3,71.5,113.7,168.0,1.84,63.6,18.3,28.3,279
2025-01-17,Mumbai,Maharashtra,19.076,72.8777,19.6,74.7,59.9,96.7,1.24,33.1,6.3,22.3,100
2025-01-18,Mumbai,Maharashtra,19.076,72.8777,18.3,66.3,64.7,107.7,1.32,30.5,16.0,21.9,116
2025-01-19,Mumbai,Maharashtra,19.076,72.8777,22.1,65.3,59.9,99.5,1.01,32.1,11.4,14.5,100
2025-01-20,Mumbai,Maharashtra,19.076,72.8777,20.0,80.9,71.5,130.1,1.23,37.4,3.8,19.1,138
2025-01-21,Mumbai,Maharashtra,19.076,72.8777,21.3,81.6,93.7,149.6,1.47,43.1,12.5,21.8,212
2025-01-22,Mumbai,Maharashtra,19.076,72.8777,23.2,65.1,95.4,162.5,1.66,44.3,15.6,31.2,218
2025-01-23,Mumbai,Maharashtra,19.076,72.8777,20.9,78.8,90.3,135.6,1.48,34.2,12.5,19.9,201
2025-01-24,Mumbai,Maharashtra,19.076,72.8777,22.5,71.4,62.2,106.8,1.21,28.1,13.1,28.7,107
2025-01-25,Mumbai,Maharashtra,19.076,72.8777,21.6,74.4,51.0,84.2,1.23,29.4,7.5,22.6,85
2025-01-26,Mumbai,Maharashtra,19.076,72.8777,23.3,75.2,85.7,131.8,1.58,40.4,8.9,33.1,186
2025-01-27,Mumbai,Maharashtra,19.076,72.8777,23.0,79.0,76.3,123.1,1.32,35.0,11.9,35.6,154
2025-01-28,Mumbai,Maharashtra,19.076,72.8777,20.9,72.6,93.5,151.7,1.44,42.9,13.6,30.4,212
2025-01-29,Mumbai,Maharashtra,19.076,72.8777,21.9,81.9,98.5,158.5,1.76,45.9,12.8,28.3,228
2025-01-30,Mumbai,Maharashtra,19.076,72.8777,24.1,74.2,86.8,166.4,1.58,47.1,16.6,20.6,189
2025-01-31,Mumbai,Maharashtra,19.076,72.8777,23.0,76.4,99.4,162.6,1.36,45.2,11.4,24.9,231
2025-02-01,Mumbai,Maharashtra,19.076,72.8777,19.8,66.2,88.3,142.5,1.43,44.7,14.0,22.6,194
2025-02-02,Mumbai,Maharashtra,19.076,72.8777,23.5,87.1,94.2,125.8,1.57,40.9,13.7,28.0,214
2025-02-03,Mumbai,Maharashtra,19.076,72.8777,20.4,75.3,71.6,108.6,1.41,40.4,7.1,29.1,139
2025-02-04,Mumbai,Maharashtra,19.076,72.8777,25.0,77.0,80.2,129.2,1.53,41.9,8.5,46.3,167
2025-02-05,Mumbai,Maharashtra,19.076,72.8777,24.3,60.7,87.0,134.6,1.51,47.0,13.0,39.7,190
2025-02-06,Mumbai,Maharashtra,19.076,72.8777,23.0,66.2,99.5,184.9,1.69,50.1,19.9,22.0,232
2025-02-07,Mumbai,Maharashtra,19.076,72.8777,22.8,80.7,76.0,123.6,1.35,41.9,13.8,37.3,153
2025-02-08,Mumbai,Maharashtra,19.076,72.8777,22.2,74.0,92.8,171.0,1.43,43.1,8.2,34.4,209
2025-02-09,Mumbai,Maharashtra,19.076,72.8777,23.9,58.6,77.8,129.1,1.33,40.4,2.9,26.9,159
2025-02-10,Mumbai,Maharashtra,19.076,72.8777,22.0,79.3,80.2,132.7,1.39,46.0,14.6,37.0,167
2025-02-11,Mumbai,Maharashtra,19.076,72.8777,23.2,68.2,98.5,161.2,1.59,41.6,13.6,28.9,228
2025-02-12,Mumbai,Maharashtra,19.076,72.8777,24.4,81.9,52.8,87.1,0.8,27.1,13.6,25.4,88
2025-02-13,Mumbai,Maharashtra,19.076,72.8777,21.8,71.4,61.3,117.0,1.12,34.7,8.3,35.5,111
2025-02-14,Mumbai,Maharashtra,19.076,72.8777,21.8,73.4,58.7,76.4,1.16,35.3,11.7,33.8,98
2025-02-15,Mumbai,Maharashtra,19.076,72.8777,20.8,80.3,48.5,65.5,1.0,24.6,12.4,29.6,81
2025-02-16,Mumbai,Maharashtra,19.076,72.8777,21.1,65.7,69.6,109.1,1.24,35.8,10.2,29.5,132
2025-02-17,Mumbai,Maharashtra,19.076,72.8777,19.8,65.1,94.9,156.8,1.63,43.8,12.3,19.4,216
2025-02-18,Mumbai,Maharashtra,19.076,72.8777,24.5,70.6,75.3,132.1,1.18,24.8,12.1,39.5,151
2025-02-19,Mumbai,Maharashtra,19.076,72.8777,26.5,77.8,83.5,143.7,1.18,39.4,14.3,36.7,178
2025-02-20,Mumbai,Maharashtra,19.076,72.8777,25.9,62.7,101.2,161.1,1.57,45.4,14.1,35.6,237
2025-02-21,Mumbai,Maharashtra,19.076,72.8777,20.4,60.3,106.2,191.5,1.79,47.0,17.4,27.9,254
2025-02-22,Mumbai,Maharashtra,19.076,72.8777,24.7,77.8,77.8,140.4,1.62,47.4,10.8,25.6,159
2025-02-23,Mumbai,Maharashtra,19.076,72.8777,26.1,67.8,106.0,177.8,1.79,40.6,10.5,27.0,253
2025-02-24,Mumbai,Maharashtra,19.076,72.8777,22.8,69.3,80.0,143.5,1.17,34.6,18.3,13.8,167
2025-02-25,Mumbai,Maharashtra,19.076,72.8777,23.9,59.0,64.9,109.7,1.19,19.1,9.4,39.2,116
2025-02-26,Mumbai,Maharashtra,19.076,72.8777,20.1,67.2,68.2,106.7,1.3,32.9,9.7,18.7,127
2025-02-27,Mumbai,Maharashtra,19.076,72.8777,24.3,71.9,55.8,98.0,1.15,29.5,10.3,37.4,98
2025-02-28,Mumbai,Maharashtra,19.076,72.8777,22.0,78.5,63.3,105.5,1.28,31.2,11.3,34.8,111
2025-03-01,Mumbai,Maharashtra,19.076,72.8777,24.4,66.6,70.8,116.9,1.15,43.3,10.5,39.7,136
2025-03-02,Mumbai,Maharashtra,19.076,72.8777,21.3,83.6,91.0,170.2,1.52,48.3,13.2,18.3,203
2025-03-03,Mumbai,Maharashtra,19.076,72.8777,25.1,67.2,110.8,142.1,1.79,49.9,14.7,31.6,269
2025-03-04,Mumbai,Maharashtra,19.076,72.8777,26.1,67.2,55.7,80.1,1.24,29.6,11.0,52.6,93
2025-03-05,Mumbai,Maharashtra,19.076,72.8777,22.9,82.8,81.9,120.5,1.29,46.4,5.5,45.2,173
2025-03-06,Mumbai,Maharashtra,19.076,72.8777,22.4,73.5,59.4,94.8,1.11,32.9,16.4,40.8,99
2025-03-07,Mumbai,Maharashtra,19.076,72.8777,20.6,68.1,82.5,133.0,1.01,35.5,12.2,30.5,175
2025-03-08,Mumbai,Maharashtra,19.076,72.8777,24.1,70.9,71.8,102.3,1.2,26.7,13.5,26.4,139
2025-03-09,Mumbai,Maharashtra,19.076,72.8777,23.7,81.5,49.1,73.8,0.97,27.1,5.8,41.7,82
2025-03-10,Mumbai,Maharashtra,19.076,72.8777,22.0,82.3,89.7,136.4,1.34,47.2,11.8,28.0,199
2025-03-11,Mumbai,Maharashtra,19.076,72.8777,25.7,66.3,63.6,128.4,1.23,48.0,9.1,42.3,119
2025-03-12,Mumbai,Maharashtra,19.076,72.8777,24.2,71.7,64.2,123.4,1.21,34.9,15.5,30.2,116
2025-03-13,Mumbai,Maharashtra,19.076,72.8777,23.2,72.6,56.8,90.1,0.79,27.6,8.8,33.0,95
2025-03-14,Mumbai,Maharashtra,19.076,72.8777,24.2,65.1,61.8,98.6,1.22,26.7,13.2,36.9,106
2025-03-15,Mumbai,Maharashtra,19.076,72.8777,27.2,71.6,77.9,115.2,1.23,42.3,10.3,40.8,160
2025-03-16,Mumbai,Maharashtra,19.076,72.8777,26.5,72.0,67.6,92.2,1.32,25.1,10.1,42.6,125
2025-03-17,Mumbai,Maharashtra,19.076,72.8777,25.3,80.0,75.3,122.9,1.14,41.4,11.3,31.3,151
2025-03-18,Mumbai,Maharashtra,19.076,72.8777,26.7,80.5,75.4,113.1,1.34,43.0,15.9,27.5,151
2025-03-19,Mumbai,Maharashtra,19.076,72.8777,23.6,69.7,92.4,151.4,1.48,46.2,7.7,44.6,208
2025-03-20,Mumbai,Maharashtra,19.076,72.8777,25.9,70.5,63.7,89.8,1.25,33.1,7.1,58.0,112
2025-03-21,Mumbai,Maharashtra,19.076,72.8777,26.2,76.7,49.3,75.7,1.07,33.2,4.1,43.6,82
2025-03-22,Mumbai,Maharashtra,19.076,72.8777,25.2,67.9,85.7,143.2,1.41,42.4,9.6,24.2,186
2025-03-23,Mumbai,Maharashtra,19.076,72.8777,26.9,76.1,62.5,106.6,0.96,29.3,8.6,33.7,108
2025-03-24,Mumbai,Maharashtra,19.076,72.8777,24.9,71.4,85.3,146.2,1.23,52.4,8.0,38.3,184
2025-03-25,Mumbai,Maharashtra,19.076,72.8777,27.3,65.2,72.1,104.7,1.21,35.0,9.6,50.2,140
2025-03-26,Mumbai,Maharashtra,19.076,72.8777,27.5,65.3,63.9,113.7,1.21,39.1,5.1,30.9,113
2025-03-27,Mumbai,Maharashtra,19.076,72.8777,21.4,82.1,70.5,107.9,1.19,22.1,8.6,29.1,135
2025-03-28,Mumbai,Maharashtra,19.076,72.8777,28.9,70.9,99.6,173.8,1.7,53.5,17.6,40.8,232
2025-03-29,Mumbai,Maharashtra,19.076,72.8777,21.4,83.5,101.6,167.5,1.59,55.3,15.3,33.9,239
2025-03-30,Mumbai,Maharashtra,19.076,72.8777,25.8,68.4,64.8,93.6,1.08,34.9,11.7,35.1,116
2025-03-31,Mumbai,Maharashtra,19.076,72.8777,28.9,74.0,65.6,105.1,1.19,38.3,8.2,30.2,119
2025-04-01,Mumbai,Maharashtra,19.076,72.8777,26.6,88.8,79.6,135.7,1.42,42.8,7.8,42.6,165
2025-04-02,Mumbai,Maharashtra,19.076,72.8777,24.7,64.6,51.7,90.1,1.12,26.7,6.7,46.3,90
2025-04-03,Mumbai,Maharashtra,19.076,72.8777,25.5,58.7,66.5,108.3,1.52,38.6,11.2,36.4,122
2025-04-04,Mumbai,Maharashtra,19.076,72.8777,29.4,81.0,61.0,114.6,1.08,28.7,13.5,47.2,110
2025-04-05,Mumbai,Maharashtra,19.076,72.8777,24.2,66.2,65.1,117.3,1.21,31.2,13.9,31.4,117
2025-04-06,Mumbai,Maharashtra,19.076,72.8777,29.8,71.9,50.2,80.9,1.12,36.8,11.9,38.9,84
2025-04-07,Mumbai,Maharashtra,19.076,72.8777,27.8,67.9,42.1,74.2,0.96,33.3,7.2,51.5,74
2025-04-08,Mumbai,Maharashtra,19.076,72.8777,25.9,73.9,37.5,72.8,0.84,21.8,9.1,43.7,73
2025-04-09,Mumbai,Maharashtra,19.076,72.8777,27.1,65.4,45.9,89.3,0.78,24.3,8.7,45.7,89
2025-04-10,Mumbai,Maharashtra,19.076,72.8777,26.4,70.8,52.6,77.1,1.01,27.0,9.6,52.0,88
2025-04-11,Mumbai,Maharashtra,19.076,72.8777,29.9,75.2,54.1,81.7,0.94,35.7,16.4,37.0,90
2025-04-12,Mumbai,Maharashtra,19.076,72.8777,29.8,65.0,87.5,163.9,1.21,36.0,7.7,37.5,192
2025-04-13,Mumbai,Maharashtra,19.076,72.8777,25.5,67.1,72.2,107.7,1.18,39.2,11.1,37.9,141
2025-04-14,Mumbai,Maharashtra,19.076,72.8777,28.0,69.6,45.4,65.9,0.85,33.0,13.3,38.8,76
2025-04-15,Mumbai,Maharashtra,19.076,72.8777,27.3,62.1,60.0,94.6,1.25,32.7,6.4,47.0,100
2025-04-16,Mumbai,Maharashtra,19.076,72.8777,31.3,69.1,50.3,86.2,1.15,36.2,8.1,46.6,86
2025-04-17,Mumbai,Maharashtra,19.076,72.8777,26.7,72.9,51.2,83.7,0.93,28.6,8.5,32.6,85
2025-04-18,Mumbai,Maharashtra,19.076,72.8777,32.1,69.3,56.2,87.2,1.09,30.7,9.8,49.3,94
2025-04-19,Mumbai,Maharashtra,19.076,72.8777,29.3,70.2,61.2,94.8,0.9,27.7,6.1,45.1,104
2025-04-20,Mumbai,Maharashtra,19.076,72.8777,27.4,72.0,49.1,75.7,0.97,35.8,11.7,49.4,82
2025-04-21,Mumbai,Maharashtra,19.076,72.8777,28.4,67.5,66.1,100.4,1.29,30.6,13.3,44.9,120
2025-04-22,Mumbai,Maharashtra,19.076,72.8777,28.3,77.0,40.3,80.3,1.07,29.0,10.7,47.9,80
2025-04-23,Mumbai,Maharashtra,19.076,72.8777,27.5,82.2,51.3,87.0,0.96,30.0,7.5,44.5,87
2025-04-24,Mumbai,Maharashtra,19.076,72.8777,30.1,68.9,89.8,160.1,1.66,36.4,13.4,40.7,199
2025-04-25,Mumbai,Maharashtra,19.076,72.8777,27.9,75.6,52.7,83.1,0.86,27.2,7.5,36.6,88
2025-04-26,Mumbai,Maharashtra,19.076,72.8777,26.3,70.5,68.0,110.3,1.07,44.1,10.4,40.5,127
2025-04-27,Mumbai,Maharashtra,19.076,72.8777,29.6,74.8,50.1,77.2,1.16,31.2,16.5,42.7,84
2025-04-28,Mumbai,Maharashtra,19.076,72.8777,27.2,83.2,55.1,69.0,1.36,25.6,10.7,54.5,92
2025-04-29,Mumbai,Maharashtra,19.076,72.8777,29.2,75.9,47.4,68.4,1.1,31.0,6.2,55.7,79
2025-04-30,Mumbai,Maharashtra,19.076,72.8777,29.0,59.9,45.7,62.9,1.0,27.7,10.2,50.0,76
2025-05-01,Mumbai,Maharashtra,19.076,72.8777,29.2,75.5,39.5,51.8,0.61,47.4,5.1,48.9,66
2025-05-02,Mumbai,Maharashtra,19.076,72.8777,34.5,81.0,50.9,74.8,0.76,32.0,6.5,52.4,85
2025-05-03,Mumbai,Maharashtra,19.076,72.8777,31.1,70.9,37.9,70.1,0.94,23.8,5.9,38.9,70
2025-05-04,Mumbai,Maharashtra,19.076,72.8777,31.6,79.5,52.3,85.9,1.03,39.2,8.8,46.6,87
2025-05-05,Mumbai,Maharashtra,19.076,72.8777,28.1,67.7,56.6,104.4,0.96,21.1,13.3,43.1,103
2025-05-06,Mumbai,Maharashtra,19.076,72.8777,30.2,62.2,47.7,81.7,1.04,29.8,11.6,48.4,82
2025-05-07,Mumbai,Maharashtra,19.076,72.8777,31.9,73.6,40.8,72.1,0.97,39.0,10.8,53.7,72
2025-05-08,Mumbai,Maharashtra,19.076,72.8777,29.8,60.4,47.4,71.7,1.17,28.5,6.5,53.3,79
2025-05-09,Mumbai,Maharashtra,19.076,72.8777,33.4,71.1,39.5,68.3,0.96,16.2,7.5,46.9,68
2025-05-10,Mumbai,Maharashtra,19.076,72.8777,29.7,81.8,51.2,90.1,1.25,28.0,10.9,40.0,90
2025-05-11,Mumbai,Maharashtra,19.076,72.8777,31.5,59.5,27.5,42.9,0.81,31.5,6.3,62.2,46
2025-05-12,Mumbai,Maharashtra,19.076,72.8777,31.1,64.0,37.6,65.2,0.9,28.3,8.2,55.1,65
2025-05-13,Mumbai,Maharashtra,19.076,72.8777,32.5,65.9,25.7,44.7,0.95,17.2,9.4,49.3,45
2025-05-14,Mumbai,Maharashtra,19.076,72.8777,31.2,72.7,28.3,44.3,0.67,18.9,7.2,49.2,47
2025-05-15,Mumbai,Maharashtra,19.076,72.8777,32.0,70.7,52.2,77.3,1.5,27.3,10.9,48.1,87
2025-05-16,Mumbai,Maharashtra,19.076,72.8777,32.2,83.2,46.3,68.2,1.07,31.0,14.5,50.1,77
2025-05-17,Mumbai,Maharashtra,19.076,72.8777,31.4,80.2,31.9,53.1,0.91,32.3,8.0,53.8,53
2025-05-18,Mumbai,Maharashtra,19.076,72.8777,33.7,77.1,26.4,44.9,0.87,28.8,11.7,74.5,45
2025-05-19,Mumbai,Maharashtra,19.076,72.8777,33.4,74.8,18.8,28.8,0.99,22.8,9.2,56.0,31
2025-05-20,Mumbai,Maharashtra,19.076,72.8777,32.9,76.6,31.5,52.1,0.97,16.1,4.1,57.8,52
2025-05-21,Mumbai,Maharashtra,19.076,72.8777,32.4,68.0,59.3,103.0,0.92,25.0,7.4,35.4,102
2025-05-22,Mumbai,Maharashtra,19.076,72.8777,34.7,80.2,37.6,65.5,1.13,29.2,6.5,50.9,66
2025-05-23,Mumbai,Maharashtra,19.076,72.8777,33.0,66.6,29.6,55.8,0.78,15.4,5.8,62.6,56
2025-05-24,Mumbai,Maharashtra,19.076,72.8777,33.0,80.4,36.4,67.0,0.92,24.3,8.6,55.3,67
2025-05-25,Mumbai,Maharashtra,19.076,72.8777,33.8,83.0,22.8,34.2,0.56,23.1,9.7,19.7,38
2025-05-26,Mumbai,Maharashtra,19.076,72.8777,36.8,76.4,29.4,56.0,0.91,16.6,12.1,64.3,56
2025-05-27,Mumbai,Maharashtra,19.076,72.8777,31.5,73.9,31.4,49.3,0.75,17.9,9.4,65.5,52
2025-05-28,Mumbai,Maharashtra,19.076,72.8777,35.4,78.1,29.4,53.2,0.84,22.9,7.0,40.7,53
2025-05-29,Mumbai,Maharashtra,19.076,72.8777,30.7,55.5,34.8,57.9,0.84,28.2,2.5,60.8,58
2025-05-30,Mumbai,Maharashtra,19.076,72.8777,34.6,77.9,30.8,48.9,1.13,30.2,8.7,33.1,51
2025-05-31,Mumbai,Maharashtra,19.076,72.8777,37.2,75.2,32.2,44.4,1.16,27.9,8.7,66.7,54
2025-06-01,Mumbai,Maharashtra,19.076,72.8777,35.3,75.9,23.2,37.8,0.77,21.9,8.4,57.1,39
2025-06-02,Mumbai,Maharashtra,19.076,72.8777,34.9,81.5,32.0,45.4,0.87,19.8,14.9,36.8,53
2025-06-03,Mumbai,Maharashtra,19.076,72.8777,33.7,76.3,36.5,65.5,0.85,19.3,12.6,56.8,66
2025-06-04,Mumbai,Maharashtra,19.076,72.8777,34.8,69.1,20.0,37.5,0.89,17.3,10.0,65.9,38
2025-06-05,Mumbai,Maharashtra,19.076,72.8777,34.4,76.4,19.7,30.1,0.67,22.8,4.7,59.0,33
2025-06-06,Mumbai,Maharashtra,19.076,72.8777,33.6,78.1,31.1,52.7,0.78,26.0,6.9,58.3,53
2025-06-07,Mumbai,Maharashtra,19.076,72.8777,34.6,78.8,21.4,33.0,0.88,8.3,7.4,52.9,36
2025-06-08,Mumbai,Maharashtra,19.076,72.8777,35.6,79.4,29.3,45.6,0.75,18.7,6.0,42.1,49
2025-06-09,Mumbai,Maharashtra,19.076,72.8777,33.9,85.9,18.8,33.2,0.7,27.2,9.0,61.0,33
2025-06-10,Mumbai,Maharashtra,19.076,72.8777,34.0,71.4,27.4,45.1,0.57,23.2,9.3,68.6,46
2025-06-11,Mumbai,Maharashtra,19.076,72.8777,33.1,80.5,19.6,37.5,0.82,11.8,4.3,63.0,38
2025-06-12,Mumbai,Maharashtra,19.076,72.8777,36.4,88.7,19.3,30.5,1.01,34.3,11.1,43.3,32
2025-06-13,Mumbai,Maharashtra,19.076,72.8777,36.7,67.9,24.6,44.2,0.88,21.7,8.3,47.2,44
2025-06-14,Mumbai,Maharashtra,19.076,72.8777,36.3,81.6,15.3,25.5,0.89,21.2,2.0,52.7,26
2025-06-15,Mumbai,Maharashtra,19.076,72.8777,37.7,76.6,12.8,22.6,0.52,20.5,6.9,49.3,23
2025-06-16,Mumbai,Maharashtra,19.076,72.8777,36.2,78.5,13.5,21.4,0.69,16.1,7.9,60.0,22
2025-06-17,Mumbai,Maharashtra,19.076,72.8777,36.9,75.2,15.5,25.5,0.53,14.6,10.2,63.6,26
2025-06-18,Mumbai,Maharashtra,19.076,72.8777,36.8,80.7,9.4,15.3,0.57,29.7,5.7,49.5,16
2025-06-19,Mumbai,Maharashtra,19.076,72.8777,36.2,95.1,14.3,21.8,0.77,24.6,9.6,65.7,24
2025-06-20,Mumbai,Maharashtra,19.076,72.8777,35.5,73.8,10.3,18.0,0.63,22.2,7.4,63.6,18
2025-06-21,Mumbai,Maharashtra,19.076,72.8777,40.5,74.8,13.9,24.2,0.44,21.9,3.2,62.1,24
2025-06-22,Mumbai,Maharashtra,19.076,72.8777,35.8,74.3,8.0,15.0,0.39,10.5,2.4,58.2,15
2025-06-23,Mumbai,Maharashtra,19.076,72.8777,35.5,95.9,8.0,15.0,0.38,24.2,10.0,43.5,15
2025-06-24,Mumbai,Maharashtra,19.076,72.8777,37.6,80.9,8.0,15.0,0.66,11.5,10.2,59.7,15
2025-06-25,Mumbai,Maharashtra,19.076,72.8777,37.4,84.4,8.0,15.0,0.9,18.3,7.6,62.1,15
2025-06-26,Mumbai,Maharashtra,19.076,72.8777,34.5,82.1,8.0,15.0,0.79,6.7,11.1,58.7,15
2025-06-27,Mumbai,Maharashtra,19.076,72.8777,39.1,78.7,8.0,15.0,0.3,4.3,9.8,67.8,15
2025-06-28,Mumbai,Maharashtra,19.076,72.8777,37.0,84.0,8.0,15.0,0.8,18.5,8.7,63.3,15
2025-06-29,Mumbai,Maharashtra,19.076,72.8777,35.2,98.0,8.0,15.0,0.73,11.7,3.9,56.5,15
2025-06-30,Mumbai,Maharashtra,19.076,72.8777,39.5,96.1,8.0,15.1,0.36,4.6,11.8,67.6,15
2025-07-01,Mumbai,Maharashtra,19.076,72.8777,38.5,80.7,8.0,15.0,0.54,19.8,8.2,71.8,15
2025-07-02,Mumbai,Maharashtra,19.076,72.8777,35.2,91.6,8.0,15.0,0.75,29.3,5.5,57.7,15
2025-07-03,Mumbai,Maharashtra,19.076,72.8777,40.7,81.5,8.0,15.0,0.67,24.9,4.6,69.9,15
2025-07-04,Mumbai,Maharashtra,19.076,72.8777,38.8,75.2,8.0,15.0,0.39,15.0,7.4,62.7,15
2025-07-05,Mumbai,Maharashtra,19.076,72.8777,37.6,95.1,8.0,15.0,0.68,16.6,1.6,57.2,15
2025-07-06,Mumbai,Maharashtra,19.076,72.8777,40.5,96.3,8.0,15.0,0.27,21.9,8.7,71.3,15
2025-07-07,Mumbai,Maharashtra,19.076,72.8777,38.0,95.8,8.0,15.0,0.56,23.3,3.8,58.6,15
2025-07-08,Mumbai,Maharashtra,19.076,72.8777,37.7,85.4,8.0,15.0,0.76,14.5,7.8,65.7,15
2025-07-09,Mumbai,Maharashtra,19.076,72.8777,36.6,87.7,8.0,15.0,0.59,16.8,5.1,61.0,15
2025-07-10,Mumbai,Maharashtra,19.076,72.8777,38.9,94.4,8.0,15.0,0.51,18.4,5.8,62.0,15
2025-07-11,Mumbai,Maharashtra,19.076,72.8777,38.7,92.0,8.0,15.6,0.72,19.9,4.4,61.6,16
2025-07-12,Mumbai,Maharashtra,19.076,72.8777,37.9,86.7,8.0,15.0,0.74,15.8,6.2,58.8,15
2025-07-13,Mumbai,Maharashtra,19.076,72.8777,36.5,78.3,8.0,15.0,0.79,15.8,12.3,47.5,15
2025-07-14,Mumbai,Maharashtra,19.076,72.8777,38.2,90.5,8.0,15.0,0.72,24.8,10.8,66.4,15
2025-07-15,Mumbai,Maharashtra,19.076,72.8777,37.9,97.4,8.0,15.0,0.75,23.8,7.7,64.6,15
2025-07-16,Mumbai,Maharashtra,19.076,72.8777,35.6,81.5,8.0,15.0,0.7,19.4,6.6,65.9,15
2025-07-17,Mumbai,Maharashtra,19.076,72.8777,35.3,94.4,8.0,15.0,0.63,26.9,9.2,54.5,15
2025-07-18,Mumbai,Maharashtra,19.076,72.8777,39.0,92.3,8.0,15.0,0.6,14.2,10.0,79.8,15
2025-07-19,Mumbai,Maharashtra,19.076,72.8777,33.3,95.3,8.0,15.0,0.55,26.3,4.2,52.5,15
2025-07-20,Mumbai,Maharashtra,19.076,72.8777,38.4,96.1,8.0,15.0,0.41,19.8,6.4,56.6,15
2025-07-21,Mumbai,Maharashtra,19.076,72.8777,37.1,85.1,8.0,15.0,0.45,36.2,1.2,53.6,15
2025-07-22,Mumbai,Maharashtra,19.076,72.8777,40.3,78.6,8.0,15.0,0.55,9.4,10.0,52.8,15
2025-07-23,Mumbai,Maharashtra,19.076,72.8777,37.0,86.1,8.0,15.0,0.63,12.4,12.8,73.7,15
2025-07-24,Mumbai,Maharashtra,19.076,72.8777,39.1,95.9,8.0,15.0,0.81,19.1,6.9,75.7,15
2025-07-25,Mumbai,Maharashtra,19.076,72.8777,37.2,85.8,8.0,15.0,0.58,18.9,1.0,66.5,15
2025-07-26,Mumbai,Maharashtra,19.076,72.8777,38.1,84.6,8.0,15.0,0.74,28.3,8.5,55.9,15
2025-07-27,Mumbai,Maharashtra,19.076,72.8777,39.1,76.5,8.0,15.0,0.75,12.5,3.9,79.3,15
2025-07-28,Mumbai,Maharashtra,19.076,72.8777,36.9,98.0,8.0,15.0,0.55,22.0,4.6,58.5,15
2025-07-29,Mumbai,Maharashtra,19.076,72.8777,39.5,94.7,8.0,15.0,0.68,23.5,8.5,63.3,15
2025-07-30,Mumbai,Maharashtra,19.076,72.8777,35.9,94.1,8.0,15.0,0.55,20.8,7.4,71.1,15
2025-07-31,Mumbai,Maharashtra,19.076,72.8777,38.1,95.2,8.0,15.0,0.79,10.8,5.2,68.5,15
2025-08-01,Mumbai,Maharashtra,19.076,72.8777,39.2,92.2,8.0,15.0,0.68,25.0,4.7,82.5,15
2025-08-02,Mumbai,Maharashtra,19.076,72.8777,38.7,86.2,8.0,15.0,0.41,23.9,7.0,66.1,15
2025-08-03,Mumbai,Maharashtra,19.076,72.8777,40.9,86.5,8.0,15.0,0.61,20.2,5.4,64.4,15
2025-08-04,Mumbai,Maharashtra,19.076,72.8777,36.0,84.3,8.0,15.0,0.84,17.8,3.3,54.9,15
2025-08-05,Mumbai,Maharashtra,19.076,72.8777,34.8,98.0,8.0,15.0,0.56,17.9,5.6,43.1,15
2025-08-06,Mumbai,Maharashtra,19.076,72.8777,35.4,90.6,8.0,15.0,0.66,16.1,7.7,56.6,15
2025-08-07,Mumbai,Maharashtra,19.076,72.8777,38.3,83.1,8.0,15.4,0.67,20.4,6.1,72.7,15
2025-08-08,Mumbai,Maharashtra,19.076,72.8777,37.9,89.3,8.6,15.0,0.44,17.0,2.5,67.6,15
2025-08-09,Mumbai,Maharashtra,19.076,72.8777,37.1,78.6,8.0,15.0,0.67,11.5,9.6,61.8,15
2025-08-10,Mumbai,Maharashtra,19.076,72.8777,34.8,95.8,8.0,15.0,0.38,10.3,1.0,50.0,15
2025-08-11,Mumbai,Maharashtra,19.076,72.8777,38.2,80.3,8.3,15.1,0.5,12.1,5.3,65.0,15
2025-08-12,Mumbai,Maharashtra,19.076,72.8777,34.5,88.1,12.3,19.0,0.8,19.3,5.1,65.0,21
2025-08-13,Mumbai,Maharashtra,19.076,72.8777,38.7,91.6,8.0,15.0,0.64,16.4,7.1,67.5,15
2025-08-14,Mumbai,Maharashtra,19.076,72.8777,41.6,86.5,10.9,17.9,0.58,18.8,8.6,69.9,18
2025-08-15,Mumbai,Maharashtra,19.076,72.8777,37.0,84.1,16.6,23.5,0.75,22.3,10.7,54.2,28
2025-08-16,Mumbai,Maharashtra,19.076,72.8777,37.3,83.1,8.3,15.0,0.58,12.9,4.5,68.8,15
2025-08-17,Mumbai,Maharashtra,19.076,72.8777,35.3,82.2,9.7,17.4,0.61,25.9,8.5,33.4,17
2025-08-18,Mumbai,Maharashtra,19.076,72.8777,32.8,78.2,12.5,21.1,0.74,16.4,7.6,57.3,21
2025-08-19,Mumbai,Maharashtra,19.076,72.8777,34.9,78.7,13.0,18.3,0.54,15.6,1.9,78.1,22
2025-08-20,Mumbai,Maharashtra,19.076,72.8777,33.9,91.8,18.4,30.1,0.71,22.8,13.2,43.3,31
2025-08-21,Mumbai,Maharashtra,19.076,72.8777,33.1,80.4,17.2,30.3,0.64,8.5,3.1,52.4,30
2025-08-22,Mumbai,Maharashtra,19.076,72.8777,38.7,75.2,11.6,15.9,0.39,13.0,8.2,63.7,19
2025-08-23,Mumbai,Maharashtra,19.076,72.8777,36.0,76.8,20.2,30.1,0.59,26.4,8.8,54.9,34
2025-08-24,Mumbai,Maharashtra,19.076,72.8777,36.1,87.7,16.7,29.7,0.92,8.9,8.2,67.4,30
2025-08-25,Mumbai,Maharashtra,19.076,72.8777,34.7,84.4,26.2,44.3,0.85,29.1,6.6,59.7,44
2025-08-26,Mumbai,Maharashtra,19.076,72.8777,34.9,83.2,18.0,30.8,0.5,28.8,9.9,58.2,31
2025-08-27,Mumbai,Maharashtra,19.076,72.8777,36.8,77.2,18.7,36.1,0.48,17.8,2.8,66.4,36
2025-08-28,Mumbai,Maharashtra,19.076,72.8777,34.9,82.6,25.2,43.4,0.76,23.8,7.8,56.4,43
2025-08-29,Mumbai,Maharashtra,19.076,72.8777,35.8,73.8,27.5,48.0,1.04,29.5,6.5,82.9,48
2025-08-30,Mumbai,Maharashtra,19.076,72.8777,34.4,76.2,26.6,54.6,0.77,19.7,6.1,56.5,55
2025-08-31,Mumbai,Maharashtra,19.076,72.8777,34.0,84.5,17.2,27.8,0.89,24.7,8.7,57.2,29
2025-09-01,Mumbai,Maharashtra,19.076,72.8777,31.9,83.5,29.0,44.3,0.87,19.2,11.5,37.5,48
2025-09-02,Mumbai,Maharashtra,19.076,72.8777,30.8,70.2,21.2,36.3,0.81,17.9,6.7,45.8,36
2025-09-03,Mumbai,Maharashtra,19.076,72.8777,33.8,70.8,28.8,49.5,0.62,18.4,10.6,63.3,50
2025-09-04,Mumbai,Maharashtra,19.076,72.8777,34.2,77.3,20.6,32.4,0.87,22.6,7.8,45.0,34
2025-09-05,Mumbai,Maharashtra,19.076,72.8777,31.7,88.3,32.0,47.8,0.8,31.2,5.9,33.2,53
2025-09-06,Mumbai,Maharashtra,19.076,72.8777,33.8,62.6,24.9,49.7,0.91,20.9,7.2,54.9,50
2025-09-07,Mumbai,Maharashtra,19.076,72.8777,33.8,77.7,23.0,39.1,0.63,13.7,6.9,65.8,39
2025-09-08,Mumbai,Maharashtra,19.076,72.8777,29.7,65.9,36.6,56.4,0.93,19.2,6.8,47.3,61
2025-09-09,Mumbai,Maharashtra,19.076,72.8777,31.9,70.9,33.8,60.4,0.93,27.2,10.0,47.9,60
2025-09-10,Mumbai,Maharashtra,19.076,72.8777,34.1,72.6,28.6,46.8,0.8,34.2,9.0,39.9,48
2025-09-11,Mumbai,Maharashtra,19.076,72.8777,34.0,72.0,46.1,74.4,1.07,31.1,4.9,56.3,77
2025-09-12,Mumbai,Maharashtra,19.076,72.8777,31.1,71.0,31.1,53.9,0.81,21.6,3.5,54.9,54
2025-09-13,Mumbai,Maharashtra,19.076,72.8777,33.3,74.6,35.2,51.3,0.79,29.9,10.1,38.5,59
2025-09-14,Mumbai,Maharashtra,19.076,72.8777,34.7,70.6,37.8,64.4,1.16,24.7,6.6,63.9,64
2025-09-15,Mumbai,Maharashtra,19.076,72.8777,34.2,64.0,31.7,61.5,1.01,21.9,9.4,60.6,62
2025-09-16,Mumbai,Maharashtra,19.076,72.8777,32.5,79.5,41.1,70.7,0.84,21.4,11.6,59.9,71
2025-09-17,Mumbai,Maharashtra,19.076,72.8777,31.7,79.2,33.6,53.5,0.96,33.2,4.9,55.0,56
2025-09-18,Mumbai,Maharashtra,19.076,72.8777,31.3,79.7,35.1,55.2,0.78,10.0,4.6,54.8,58
2025-09-19,Mumbai,Maharashtra,19.076,72.8777,33.1,62.8,52.7,83.8,0.91,35.7,15.2,54.9,88
2025-09-20,Mumbai,Maharashtra,19.076,72.8777,32.5,75.6,31.6,50.9,1.01,21.3,9.6,58.8,53
2025-09-21,Mumbai,Maharashtra,19.076,72.8777,33.2,78.1,23.7,37.8,0.51,19.1,6.6,39.2,40
2025-09-22,Mumbai,Maharashtra,19.076,72.8777,32.2,66.1,58.5,104.5,1.29,42.9,7.9,36.6,103
2025-09-23,Mumbai,Maharashtra,19.076,72.8777,33.3,73.2,73.0,101.4,1.27,33.1,10.3,43.1,143
2025-09-24,Mumbai,Maharashtra,19.076,72.8777,31.9,72.3,38.7,68.8,0.9,22.3,5.5,49.1,69
2025-09-25,Mumbai,Maharashtra,19.076,72.8777,33.0,85.9,28.0,44.6,0.87,22.2,10.9,56.1,47
2025-09-26,Mumbai,Maharashtra,19.076,72.8777,33.0,86.4,40.6,69.3,1.04,29.5,6.9,54.3,69
2025-09-27,Mumbai,Maharashtra,19.076,72.8777,29.9,61.2,41.4,61.4,0.84,24.6,12.6,55.6,69
2025-09-28,Mumbai,Maharashtra,19.076,72.8777,27.9,90.2,42.9,79.3,1.08,18.3,8.2,52.6,79
2025-09-29,Mumbai,Maharashtra,19.076,72.8777,33.8,66.3,35.5,65.2,0.91,20.2,5.7,46.6,65
2025-09-30,Mumbai,Maharashtra,19.076,72.8777,31.4,79.5,52.2,93.6,0.89,38.4,8.9,49.9,94
2025-10-01,Mumbai,Maharashtra,19.076,72.8777,27.7,79.4,52.2,74.3,1.05,31.2,2.3,35.4,87
2025-10-02,Mumbai,Maharashtra,19.076,72.8777,29.4,65.6,33.9,60.1,1.08,27.6,8.3,45.2,60
2025-10-03,Mumbai,Maharashtra,19.076,72.8777,32.0,75.9,55.6,95.1,1.37,30.2,9.9,51.2,95
2025-10-04,Mumbai,Maharashtra,19.076,72.8777,30.0,71.7,75.8,106.8,1.45,34.3,14.5,16.1,153
2025-10-05,Mumbai,Maharashtra,19.076,72.8777,29.4,76.3,50.7,83.5,0.88,40.3,4.4,64.3,84
2025-10-06,Mumbai,Maharashtra,19.076,72.8777,32.7,74.0,45.9,78.2,1.08,27.5,13.2,55.3,78
2025-10-07,Mumbai,Maharashtra,19.076,72.8777,28.2,80.7,48.4,83.9,1.17,26.8,12.3,38.5,84
2025-10-08,Mumbai,Maharashtra,19.076,72.8777,28.5,72.8,57.8,97.0,1.25,39.1,14.4,58.3,97
2025-10-09,Mumbai,Maharashtra,19.076,72.8777,30.2,71.1,34.9,59.1,1.01,20.8,8.6,45.1,59
2025-10-10,Mumbai,Maharashtra,19.076,72.8777,30.4,79.9,53.5,100.2,1.15,27.6,13.3,47.4,100
2025-10-11,Mumbai,Maharashtra,19.076,72.8777,30.5,76.3,47.9,87.8,1.02,29.4,5.4,43.1,88
2025-10-12,Mumbai,Maharashtra,19.076,72.8777,31.1,77.3,79.2,96.6,1.29,39.3,14.5,58.1,164
2025-10-13,Mumbai,Maharashtra,19.076,72.8777,29.7,67.5,51.3,82.2,0.79,32.0,7.8,44.6,86
2025-10-14,Mumbai,Maharashtra,19.076,72.8777,30.1,64.8,77.7,126.3,1.41,51.4,7.3,44.6,159
2025-10-15,Mumbai,Maharashtra,19.076,72.8777,28.6,68.2,42.7,59.2,1.0,29.7,6.0,54.2,71
2025-10-16,Mumbai,Maharashtra,19.076,72.8777,29.1,67.8,62.5,104.0,1.28,19.7,11.0,48.0,108
2025-10-17,Mumbai,Maharashtra,19.076,72.8777,29.1,77.6,59.5,109.3,0.96,35.0,8.3,43.1,106
2025-10-18,Mumbai,Maharashtra,19.076,72.8777,29.1,78.9,46.3,68.8,1.11,29.0,10.8,53.9,77
2025-10-19,Mumbai,Maharashtra,19.076,72.8777,30.0,71.0,58.8,100.0,1.46,33.1,5.3,65.4,100
2025-10-20,Mumbai,Maharashtra,19.076,72.8777,29.5,82.1,74.5,112.8,1.34,39.3,5.6,45.3,148
2025-10-21,Mumbai,Maharashtra,19.076,72.8777,28.5,81.7,53.7,83.1,1.09,31.0,14.4,44.1,90
2025-10-22,Mumbai,Maharashtra,19.076,72.8777,26.8,73.8,40.1,75.0,0.99,26.5,11.9,43.2,75
2025-10-23,Mumbai,Maharashtra,19.076,72.8777,28.3,66.3,58.5,91.7,1.45,36.4,7.5,52.8,98
2025-10-24,Mumbai,Maharashtra,19.076,72.8777,28.0,83.1,48.5,83.5,0.89,26.3,9.9,38.1,84
2025-10-25,Mumbai,Maharashtra,19.076,72.8777,28.2,71.6,55.4,75.9,1.15,26.0,13.5,40.4,92
2025-10-26,Mumbai,Maharashtra,19.076,72.8777,31.7,72.9,59.2,114.2,1.04,51.1,12.0,35.6,109
2025-10-27,Mumbai,Maharashtra,19.076,72.8777,26.7,69.7,41.8,72.7,0.88,23.1,9.8,32.1,73
2025-10-28,Mumbai,Maharashtra,19.076,72.8777,28.3,65.8,43.0,69.7,0.97,28.3,12.7,39.8,72
2025-10-29,Mumbai,Maharashtra,19.076,72.8777,29.3,61.7,68.7,119.3,1.47,27.0,9.3,42.6,129
2025-10-30,Mumbai,Maharashtra,19.076,72.8777,27.5,76.5,55.5,79.9,1.39,32.5,10.5,55.6,92
2025-10-31,Mumbai,Maharashtra,19.076,72.8777,31.4,66.5,35.7,65.3,0.96,19.8,8.8,53.9,65
2025-11-01,Mumbai,Maharashtra,19.076,72.8777,26.4,93.4,75.3,120.5,1.28,35.4,11.2,30.4,151
2025-11-02,Mumbai,Maharashtra,19.076,72.8777,27.5,64.4,67.8,109.7,1.63,42.0,10.3,34.5,126
2025-11-03,Mumbai,Maharashtra,19.076,72.8777,25.4,63.2,55.0,86.7,1.05,34.4,10.6,49.1,92
2025-11-04,Mumbai,Maharashtra,19.076,72.8777,26.1,75.6,48.5,75.8,0.95,32.9,10.0,48.9,81
2025-11-05,Mumbai,Maharashtra,19.076,72.8777,27.1,82.7,78.5,137.7,1.11,28.5,9.1,38.7,162
2025-11-06,Mumbai,Maharashtra,19.076,72.8777,28.0,72.5,71.1,120.0,1.5,47.8,14.1,37.2,137
2025-11-07,Mumbai,Maharashtra,19.076,72.8777,27.0,76.0,112.0,195.7,1.89,42.7,12.0,43.9,273
2025-11-08,Mumbai,Maharashtra,19.076,72.8777,28.5,59.1,73.2,120.8,1.68,46.6,11.2,33.4,144
2025-11-09,Mumbai,Maharashtra,19.076,72.8777,26.0,67.3,73.2,126.5,1.11,43.6,11.0,40.4,144
2025-11-10,Mumbai,Maharashtra,19.076,72.8777,25.5,64.5,65.3,103.6,1.44,38.4,12.3,55.4,118
2025-11-11,Mumbai,Maharashtra,19.076,72.8777,30.8,58.7,81.6,162.0,1.42,35.0,6.2,45.8,172
2025-11-12,Mumbai,Maharashtra,19.076,72.8777,26.5,72.8,78.8,111.5,1.5,40.1,15.0,31.4,163
2025-11-13,Mumbai,Maharashtra,19.076,72.8777,24.4,56.3,91.0,167.5,1.26,40.3,11.3,36.3,203
2025-11-14,Mumbai,Maharashtra,19.076,72.8777,24.4,62.7,62.1,115.1,1.41,34.0,14.6,32.0,110
2025-11-15,Mumbai,Maharashtra,19.076,72.8777,23.8,68.2,63.6,96.9,1.33,32.9,9.7,23.6,112
2025-11-16,Mumbai,Maharashtra,19.076,72.8777,27.1,66.2,63.4,125.9,1.2,22.1,10.9,45.6,117
2025-11-17,Mumbai,Maharashtra,19.076,72.8777,24.7,74.8,84.4,151.9,1.53,47.7,18.5,42.9,181
2025-11-18,Mumbai,Maharashtra,19.076,72.8777,25.4,74.1,99.3,178.2,1.49,45.3,13.1,31.3,231
2025-11-19,Mumbai,Maharashtra,19.076,72.8777,25.0,78.3,64.9,107.4,1.13,31.9,14.9,33.5,116
2025-11-20,Mumbai,Maharashtra,19.076,72.8777,26.3,77.3,65.8,106.4,1.16,31.7,11.4,30.8,119
2025-11-21,Mumbai,Maharashtra,19.076,72.8777,23.4,80.0,77.9,126.0,1.09,41.1,13.5,31.4,160
2025-11-22,Mumbai,Maharashtra,19.076,72.8777,22.9,72.0,69.2,118.3,1.4,30.8,11.7,28.2,131
2025-11-23,Mumbai,Maharashtra,19.076,72.8777,25.1,74.1,90.6,168.6,1.69,29.5,15.8,26.0,202
2025-11-24,Mumbai,Maharashtra,19.076,72.8777,25.7,75.6,45.0,75.5,0.9,30.9,7.5,54.8,76
2025-11-25,Mumbai,Maharashtra,19.076,72.8777,25.1,73.0,62.0,93.8,1.24,36.9,8.0,40.7,107
2025-11-26,Mumbai,Maharashtra,19.076,72.8777,23.0,69.2,62.9,111.6,1.16,32.9,9.1,38.1,110
2025-11-27,Mumbai,Maharashtra,19.076,72.8777,25.6,69.7,45.1,80.6,1.05,21.5,9.9,46.5,81
2025-11-28,Mumbai,Maharashtra,19.076,72.8777,22.9,66.3,61.1,106.8,1.08,34.1,10.2,39.7,105
2025-11-29,Mumbai,Maharashtra,19.076,72.8777,23.2,75.0,62.0,109.3,1.06,25.1,13.1,30.7,107
2025-11-30,Mumbai,Maharashtra,19.076,72.8777,22.4,71.3,73.0,117.4,1.47,31.2,15.8,33.7,143
2025-12-01,Mumbai,Maharashtra,19.076,72.8777,26.3,67.4,97.9,147.9,1.58,40.8,10.9,33.2,226
2025-12-02,Mumbai,Maharashtra,19.076,72.8777,25.1,67.4,72.9,110.9,1.61,42.4,9.6,39.3,143
2025-12-03,Mumbai,Maharashtra,19.076,72.8777,24.9,63.5,61.6,86.6,1.19,31.6,6.6,39.4,105
2025-12-04,Mumbai,Maharashtra,19.076,72.8777,26.0,78.9,76.7,129.3,1.21,35.9,18.2,33.9,156
2025-12-05,Mumbai,Maharashtra,19.076,72.8777,28.7,72.6,98.3,160.9,1.78,57.2,14.8,28.5,228
2025-12-06,Mumbai,Maharashtra,19.076,72.8777,20.5,66.0,63.2,100.1,1.3,36.3,12.5,30.7,111
2025-12-07,Mumbai,Maharashtra,19.076,72.8777,22.2,77.7,64.4,77.7,1.32,36.6,7.1,30.4,115
2025-12-08,Mumbai,Maharashtra,19.076,72.8777,22.3,68.1,89.3,130.7,1.67,40.4,13.1,14.7,198
2025-12-09,Mumbai,Maharashtra,19.076,72.8777,21.8,62.2,75.5,137.4,1.24,34.6,13.6,34.5,152
2025-12-10,Mumbai,Maharashtra,19.076,72.8777,21.4,79.1,91.8,142.3,1.5,30.3,12.6,35.7,206
2025-12-11,Mumbai,Maharashtra,19.076,72.8777,22.7,68.2,79.7,135.8,1.36,45.3,15.6,51.6,166
2025-12-12,Mumbai,Maharashtra,19.076,72.8777,21.0,69.1,93.6,134.9,1.35,46.6,20.4,24.1,212
2025-12-13,Mumbai,Maharashtra,19.076,72.8777,23.7,72.3,64.1,119.6,1.17,33.4,8.3,30.2,114
2025-12-14,Mumbai,Maharashtra,19.076,72.8777,23.1,80.0,80.6,131.2,1.6,39.0,9.4,23.1,169
2025-12-15,Mumbai,Maharashtra,19.076,72.8777,23.8,72.1,77.4,131.0,1.4,43.2,9.6,35.1,158
2025-12-16,Mumbai,Maharashtra,19.076,72.8777,23.8,63.6,62.2,124.4,0.99,24.6,15.8,36.5,116
2025-12-17,Mumbai,Maharashtra,19.076,72.8777,23.9,75.8,57.8,108.6,0.91,29.0,13.8,29.0,106
2025-12-18,Mumbai,Maharashtra,19.076,72.8777,22.1,68.6,95.1,152.6,1.81,37.6,13.2,27.5,217
2025-12-19,Mumbai,Maharashtra,19.076,72.8777,26.6,85.2,75.9,118.6,1.33,48.9,12.2,22.1,153
2025-12-20,Mumbai,Maharashtra,19.076,72.8777,23.1,72.0,65.7,105.2,1.13,40.3,8.8,40.8,119
2025-12-21,Mumbai,Maharashtra,19.076,72.8777,19.3,56.4,80.8,139.4,1.36,26.6,15.1,19.6,169
2025-12-22,Mumbai,Maharashtra,19.076,72.8777,20.8,74.5,106.0,173.2,1.46,38.8,13.3,25.4,253
2025-12-23,Mumbai,Maharashtra,19.076,72.8777,19.4,85.6,50.2,79.9,1.27,29.3,9.2,17.6,84
2025-12-24,Mumbai,Maharashtra,19.076,72.8777,22.5,83.0,59.8,111.8,1.11,30.3,12.6,28.4,108
2025-12-25,Mumbai,Maharashtra,19.076,72.8777,22.2,84.8,68.0,111.0,1.46,27.8,10.9,29.5,127
2025-12-26,Mumbai,Maharashtra,19.076,72.8777,21.6,64.9,115.1,229.7,1.79,62.5,14.5,25.9,284
2025-12-27,Mumbai,Maharashtra,19.076,72.8777,26.0,78.4,89.0,148.1,1.7,44.4,13.2,39.5,197
2025-12-28,Mumbai,Maharashtra,19.076,72.8777,23.3,66.9,99.2,190.3,1.64,48.6,16.3,41.9,231
2025-12-29,Mumbai,Maharashtra,19.076,72.8777,23.6,73.6,65.3,111.3,1.35,30.8,16.2,40.1,118
2025-12-30,Mumbai,Maharashtra,19.076,72.8777,20.6,63.1,65.7,118.0,1.34,39.4,13.0,37.1,119
2025-12-31,Mumbai,Maharashtra,19.076,72.8777,20.4,67.5,93.0,143.3,1.63,41.5,15.8,38.0,210
2024-01-01,Delhi,Delhi,28.6139,77.209,16.7,61.7,182.6,314.7,2.5,83.4,21.4,18.2,348
2024-01-02,Delhi,Delhi,28.6139,77.209,21.1,66.1,160.0,217.2,2.05,65.1,16.4,18.9,331
2024-01-03,Delhi,Delhi,28.6139,77.209,18.2,46.4,201.7,319.2,2.49,84.1,22.7,8.0,363
2024-01-04,Delhi,Delhi,28.6139,77.209,18.4,57.2,204.8,342.9,2.52,77.8,26.0,8.0,365
2024-01-05,Delhi,Delhi,28.6139,77.209,17.2,63.5,186.7,319.7,2.67,72.7,22.5,27.4,351
2024-01-06,Delhi,Delhi,28.6139,77.209,18.1,40.6,117.7,191.7,1.63,51.5,17.7,14.6,292
2024-01-07,Delhi,Delhi,28.6139,77.209,15.9,54.1,134.8,215.0,2.04,63.8,15.4,8.0,311
2024-01-08,Delhi,Delhi,28.6139,77.209,17.7,68.7,152.8,271.5,2.22,64.8,17.6,24.4,325
2024-01-09,Delhi,Delhi,28.6139,77.209,16.4,68.0,192.8,326.4,2.63,69.4,21.1,21.9,356
2024-01-10,Delhi,Delhi,28.6139,77.209,17.5,63.6,161.8,251.2,2.36,75.5,18.8,28.1,332
2024-01-11,Delhi,Delhi,28.6139,77.209,13.4,67.2,208.8,345.7,2.84,79.1,26.2,11.9,368
2024-01-12,Delhi,Delhi,28.6139,77.209,16.0,62.5,217.3,371.0,2.51,80.8,16.3,16.5,375
2024-01-13,Delhi,Delhi,28.6139,77.209,20.6,64.9,211.8,404.1,2.81,64.8,23.0,15.3,371
2024-01-14,Delhi,Delhi,28.6139,77.209,19.5,58.8,212.2,375.1,2.92,85.7,22.7,8.0,371
2024-01-15,Delhi,Delhi,28.6139,77.209,20.4,61.8,129.6,237.4,2.19,56.1,12.2,22.9,307
2024-01-16,Delhi,Delhi,28.6139,77.209,20.5,56.6,181.0,282.0,2.76,72.5,22.5,22.7,347
2024-01-17,Delhi,Delhi,28.6139,77.209,19.2,69.8,142.4,223.7,1.88,57.1,15.2,18.4,317
2024-01-18,Delhi,Delhi,28.6139,77.209,17.2,71.6,113.2,182.7,1.71,46.8,14.0,17.7,277
2024-01-19,Delhi,Delhi,28.6139,77.209,16.1,70.6,152.6,248.6,1.96,60.6,23.8,8.0,325
2024-01-20,Delhi,Delhi,28.6139,77.209,20.1,58.1,217.5,326.0,3.14,86.4,26.4,8.0,375
2024-01-21,Delhi,Delhi,28.6139,77.209,18.2,54.3,179.8,330.8,2.65,75.4,22.1,28.8,346
2024-01-22,Delhi,Delhi,28.6139,77.209,22.5,69.9,253.0,451.0,3.36,93.6,27.4,28.8,400
2024-01-23,Delhi,Delhi,28.6139,77.209,17.4,64.8,168.7,270.5,2.4,73.7,19.0,14.0,337
2024-01-24,Delhi,Delhi,28.6139,77.209,21.6,63.2,277.7,480.0,3.79,102.4,34.2,12.1,400
2024-01-25,Delhi,Delhi,28.6139,77.209,17.8,56.5,168.3,283.4,2.55,64.8,21.9,8.0,337
2024-01-26,Delhi,Delhi,28.6139,77.209,20.5,63.9,162.5,285.7,2.48,67.2,16.8,24.7,333
2024-01-27,Delhi,Delhi,28.6139,77.209,21.2,53.3,121.9,176.6,1.92,44.9,11.6,38.8,301
2024-01-28,Delhi,Delhi,28.6139,77.209,16.3,65.3,206.0,335.3,2.74,81.3,24.2,8.0,366
2024-01-29,Delhi,Delhi,28.6139,77.209,17.3,70.5,144.2,236.7,2.22,50.9,17.4,20.0,319
2024-01-30,Delhi,Delhi,28.6139,77.209,16.4,72.2,139.5,243.2,2.17,52.5,12.9,19.6,315
2024-01-31,Delhi,Delhi,28.6139,77.209,16.0,65.7,212.9,331.1,2.84,70.0,24.3,11.6,371
2024-02-01,Delhi,Delhi,28.6139,77.209,19.5,51.1,206.8,263.7,2.75,79.1,21.7,26.7,367
2024-02-02,Delhi,Delhi,28.6139,77.209,18.0,62.1,205.2,305.4,2.95,89.3,24.0,27.5,366
2024-02-03,Delhi,Delhi,28.6139,77.209,18.5,75.7,147.5,242.0,2.39,60.5,19.1,15.9,321
2024-02-04,Delhi,Delhi,28.6139,77.209,19.4,54.6,157.6,261.5,2.14,68.3,16.8,23.7,329
2024-02-05,Delhi,Delhi,28.6139,77.209,15.1,60.2,156.9,298.6,2.2,78.3,20.5,12.2,328
2024-02-06,Delhi,Delhi,28.6139,77.209,20.8,70.5,188.5,327.4,2.65,76.7,19.6,12.4,353
2024-02-07,Delhi,Delhi,28.6139,77.209,17.9,64.9,222.8,370.3,3.05,80.7,22.5,11.5,379
2024-02-08,Delhi,Delhi,28.6139,77.209,19.5,77.9,171.2,281.7,2.32,65.0,18.1,22.5,339
2024-02-09,Delhi,Delhi,28.6139,77.209,19.8,55.3,243.2,441.5,3.48,91.8,28.8,12.0,400
2024-02-10,Delhi,Delhi,28.6139,77.209,21.2,53.5,191.3,298.8,2.69,71.4,20.5,10.7,355
2024-02-11,Delhi,Delhi,28.6139,77.209,18.6,68.9,148.7,242.3,2.23,58.2,22.0,14.1,322
2024-02-12,Delhi,Delhi,28.6139,77.209,15.0,51.9,187.4,278.6,2.85,79.9,26.3,8.0,352
2024-02-13,Delhi,Delhi,28.6139,77.209,19.0,58.9,226.6,422.1,2.95,92.7,21.9,8.0,390
2024-02-14,Delhi,Delhi,28.6139,77.209,19.3,59.8,240.9,411.7,3.16,81.2,16.5,12.3,393
2024-02-15,Delhi,Delhi,28.6139,77.209,17.1,67.4,200.9,310.1,2.54,73.4,25.2,13.6,362
2024-02-16,Delhi,Delhi,28.6139,77.209,19.3,64.4,155.1,253.2,2.2,60.8,17.4,26.2,327
2024-02-17,Delhi,Delhi,28.6139,77.209,18.4,63.3,146.5,253.0,1.9,64.5,15.1,11.0,320
2024-02-18,Delhi,Delhi,28.6139,77.209,16.7,57.2,173.8,280.3,2.54,76.5,18.1,8.0,341
2024-02-19,Delhi,Delhi,28.6139,77.209,20.4,68.4,220.5,346.2,3.01,100.8,22.4,26.1,377
2024-02-20,Delhi,Delhi,28.6139,77.209,18.3,88.1,167.2,259.5,2.32,64.7,23.3,14.2,336
2024-02-21,Delhi,Delhi,28.6139,77.209,18.6,64.7,167.4,284.6,2.34,65.1,19.9,16.3,336
2024-02-22,Delhi,Delhi,28.6139,77.209,18.6,60.5,152.5,243.5,2.31,66.3,22.1,16.1,325
2024-02-23,Delhi,Delhi,28.6139,77.209,21.7,50.6,139.8,221.1,1.88,54.6,18.7,32.9,315
2024-02-24,Delhi,Delhi,28.6139,77.209,19.5,55.2,144.4,209.2,2.13,59.3,16.6,29.2,319
2024-02-25,Delhi,Delhi,28.6139,77.209,19.8,58.1,153.5,255.0,2.31,60.6,17.1,28.3,326
2024-02-26,Delhi,Delhi,28.6139,77.209,19.0,55.8,216.4,351.2,2.64,67.5,25.0,11.9,374
2024-02-27,Delhi,Delhi,28.6139,77.209,20.7,59.3,140.1,224.3,2.16,59.6,19.7,15.1,315
2024-02-28,Delhi,Delhi,28.6139,77.209,22.3,71.8,148.7,249.7,1.9,60.5,20.9,39.3,322
2024-02-29,Delhi,Delhi,28.6139,77.209,21.2,68.0,120.9,213.1,1.83,60.3,14.9,31.6,301
2024-03-01,Delhi,Delhi,28.6139,77.209,21.3,58.1,170.4,299.1,2.22,68.6,20.2,16.4,339
2024-03-02,Delhi,Delhi,28.6139,77.209,21.3,50.7,195.7,339.1,2.89,69.1,23.4,28.8,358
2024-03-03,Delhi,Delhi,28.6139,77.209,17.8,68.4,206.0,332.5,2.62,78.4,21.3,8.0,366
2024-03-04,Delhi,Delhi,28.6139,77.209,18.8,58.6,150.0,234.7,1.92,49.4,14.6,29.3,323
2024-03-05,Delhi,Delhi,28.6139,77.209,20.1,46.8,161.9,241.7,2.32,58.5,16.5,30.7,332
2024-03-06,Delhi,Delhi,28.6139,77.209,19.2,63.8,137.2,214.1,1.96,61.7,16.3,12.7,313
2024-03-07,Delhi,Delhi,28.6139,77.209,18.7,65.9,158.5,262.0,2.04,63.2,20.7,21.7,330
2024-03-08,Delhi,Delhi,28.6139,77.209,17.3,41.7,150.4,230.4,2.25,67.7,21.8,22.0,323
2024-03-09,Delhi,Delhi,28.6139,77.209,18.4,52.8,141.3,235.3,1.77,47.4,13.2,39.2,316
2024-03-10,Delhi,Delhi,28.6139,77.209,20.4,57.7,143.0,215.3,1.93,58.3,15.6,15.5,318
2024-03-11,Delhi,Delhi,28.6139,77.209,20.9,63.6,152.3,213.4,2.11,59.9,17.1,32.6,325
2024-03-12,Delhi,Delhi,28.6139,77.209,19.7,54.7,128.5,227.8,2.05,60.9,18.7,21.8,307
2024-03-13,Delhi,Delhi,28.6139,77.209,21.4,52.4,129.2,204.0,2.13,59.4,14.8,14.3,307
2024-03-14,Delhi,Delhi,28.6139,77.209,20.5,63.3,197.2,300.6,2.86,81.0,20.5,15.2,359
2024-03-15,Delhi,Delhi,28.6139,77.209,23.4,54.8,244.3,363.1,3.19,101.4,21.3,16.0,396
2024-03-16,Delhi,Delhi,28.6139,77.209,21.2,61.8,102.6,175.8,1.28,44.6,15.7,18.2,242
2024-03-17,Delhi,Delhi,28.6139,77.209,22.9,50.1,100.7,186.9,1.68,54.2,13.6,32.0,236
2024-03-18,Delhi,Delhi,28.6139,77.209,22.1,48.3,106.9,170.0,1.91,42.0,12.6,35.3,256
2024-03-19,Delhi,Delhi,28.6139,77.209,19.3,63.0,128.2,207.3,2.11,48.5,15.5,23.0,306
2024-03-20,Delhi,Delhi,28.6139,77.209,21.8,59.4,158.6,287.1,2.33,69.3,22.1,17.7,330
2024-03-21,Delhi,Delhi,28.6139,77.209,19.8,64.0,147.3,203.0,1.96,52.1,14.8,18.8,321
2024-03-22,Delhi,Delhi,28.6139,77.209,22.0,53.7,133.4,259.4,1.9,60.1,14.1,24.8,310
2024-03-23,Delhi,Delhi,28.6139,77.209,20.9,51.8,143.2,288.8,2.38,60.4,21.2,23.9,318
2024-03-24,Delhi,Delhi,28.6139,77.209,23.1,66.8,108.7,135.2,1.5,55.2,14.9,37.9,262
2024-03-25,Delhi,Delhi,28.6139,77.209,20.1,46.5,119.1,194.7,1.65,51.7,17.5,25.4,297
2024-03-26,Delhi,Delhi,28.6139,77.209,22.6,65.8,124.2,191.5,2.02,54.1,17.1,15.6,303
2024-03-27,Delhi,Delhi,28.6139,77.209,23.8,66.2,87.3,140.7,1.41,45.0,12.9,27.8,191
2024-03-28,Delhi,Delhi,28.6139,77.209,24.5,62.9,95.1,151.0,1.38,40.5,12.6,34.0,217
2024-03-29,Delhi,Delhi,28.6139,77.209,21.6,51.9,95.2,168.7,1.79,40.2,16.1,37.0,217
2024-03-30,Delhi,Delhi,28.6139,77.209,23.1,51.0,143.1,233.6,2.16,62.6,20.9,36.0,318
2024-03-31,Delhi,Delhi,28.6139,77.209,23.5,55.1,126.6,191.6,1.85,54.3,19.4,42.2,305
2024-04-01,Delhi,Delhi,28.6139,77.209,26.1,47.4,136.1,221.1,1.84,55.1,13.3,32.2,312
2024-04-02,Delhi,Delhi,28.6139,77.209,20.8,49.6,78.7,136.0,1.68,38.7,16.2,34.4,162
2024-04-03,Delhi,Delhi,28.6139,77.209,21.9,60.8,84.4,124.3,1.43,50.6,11.7,18.0,181
2024-04-04,Delhi,Delhi,28.6139,77.209,28.7,60.7,134.3,188.4,2.2,54.3,14.5,38.9,311
2024-04-05,Delhi,Delhi,28.6139,77.209,23.3,48.7,62.4,121.7,1.33,31.2,10.5,25.4,114
2024-04-06,Delhi,Delhi,28.6139,77.209,20.5,60.7,149.4,232.1,2.08,51.6,20.4,20.3,323
2024-04-07,Delhi,Delhi,28.6139,77.209,23.0,59.1,75.7,123.4,1.26,38.0,13.7,56.4,152
2024-04-08,Delhi,Delhi,28.6139,77.209,19.1,66.3,135.0,214.6,2.22,61.1,16.0,22.6,312
2024-04-09,Delhi,Delhi,28.6139,77.209,24.7,59.7,91.4,158.3,1.73,48.3,15.8,26.4,205
2024-04-10,Delhi,Delhi,28.6139,77.209,25.8,63.0,138.7,265.7,1.76,59.0,17.5,33.7,314
2024-04-11,Delhi,Delhi,28.6139,77.209,22.9,58.8,221.0,383.8,3.04,90.4,22.0,13.3,378
2024-04-12,Delhi,Delhi,28.6139,77.209,23.8,62.2,65.5,93.2,1.21,39.4,9.1,26.8,118
2024-04-13,Delhi,Delhi,28.6139,77.209,26.4,46.3,124.8,180.0,1.73,60.6,17.2,49.6,304
2024-04-14,Delhi,Delhi,28.6139,77.209,21.7,54.3,71.2,113.3,1.33,42.7,11.5,39.1,137
2024-04-15,Delhi,Delhi,28.6139,77.209,22.6,54.8,115.4,185.7,1.58,60.3,11.1,30.4,285
2024-04-16,Delhi,Delhi,28.6139,77.209,24.7,53.3,99.4,138.3,1.53,44.8,16.5,29.4,231
2024-04-17,Delhi,Delhi,28.6139,77.209,23.9,58.0,106.0,187.9,1.56,40.0,13.0,28.1,253
2024-04-18,Delhi,Delhi,28.6139,77.209,24.8,59.3,83.4,124.1,1.35,44.7,17.5,46.7,178
2024-04-19,Delhi,Delhi,28.6139,77.209,23.2,57.5,119.9,224.6,1.82,57.0,11.4,30.6,300
2024-04-20,Delhi,Delhi,28.6139,77.209,26.0,53.4,72.6,139.7,1.15,46.7,11.3,12.6,142
2024-04-21,Delhi,Delhi,28.6139,77.209,25.4,49.4,129.9,209.6,2.18,63.3,14.3,50.1,308
2024-04-22,Delhi,Delhi,28.6139,77.209,26.8,62.1,89.4,153.4,1.57,54.3,10.2,38.4,198
2024-04-23,Delhi,Delhi,28.6139,77.209,26.3,56.8,71.1,104.2,1.56,40.5,10.2,40.7,137
2024-04-24,Delhi,Delhi,28.6139,77.209,26.4,47.2,136.0,237.1,1.99,58.9,22.2,40.4,312
2024-04-25,Delhi,Delhi,28.6139,77.209,23.6,52.9,93.3,147.0,1.45,35.6,13.9,35.1,211
2024-04-26,Delhi,Delhi,28.6139,77.209,27.2,41.9,142.5,211.9,2.35,61.5,15.0,38.2,317
2024-04-27,Delhi,Delhi,28.6139,77.209,25.8,54.3,121.2,194.7,1.76,49.5,10.2,28.8,301
2024-04-28,Delhi,Delhi,28.6139,77.209,26.3,52.6,76.8,121.4,1.33,39.8,7.0,27.5,156
2024-04-29,Delhi,Delhi,28.6139,77.209,28.6,49.9,88.8,142.2,1.59,42.7,11.5,42.1,196
2024-04-30,Delhi,Delhi,28.6139,77.209,25.5,64.9,91.8,164.6,1.33,46.2,11.4,46.1,206
2024-05-01,Delhi,Delhi,28.6139,77.209,29.4,45.7,123.6,189.4,1.98,53.0,15.2,32.4,303
2024-05-02,Delhi,Delhi,28.6139,77.209,29.6,58.7,96.1,183.6,1.66,50.4,6.9,35.0,220
2024-05-03,Delhi,Delhi,28.6139,77.209,28.5,69.0,89.6,130.1,1.69,26.3,12.9,49.4,199
2024-05-04,Delhi,Delhi,28.6139,77.209,25.5,61.2,81.5,154.1,1.54,41.2,15.6,32.0,172
2024-05-05,Delhi,Delhi,28.6139,77.209,23.5,53.4,83.1,124.4,1.62,47.8,17.5,28.9,177
2024-05-06,Delhi,Delhi,28.6139,77.209,29.5,45.6,110.5,182.3,1.71,60.6,9.2,36.1,268
2024-05-07,Delhi,Delhi,28.6139,77.209,27.8,44.0,81.9,129.1,1.28,44.6,10.1,38.8,173
2024-05-08,Delhi,Delhi,28.6139,77.209,26.4,50.6,74.0,118.3,1.64,47.8,9.4,25.3,147
2024-05-09,Delhi,Delhi,28.6139,77.209,30.0,48.6,70.3,124.4,1.05,37.5,12.1,39.6,134
2024-05-10,Delhi,Delhi,28.6139,77.209,26.4,48.4,69.5,130.2,1.06,36.2,7.9,40.2,132
2024-05-11,Delhi,Delhi,28.6139,77.209,27.3,51.1,56.8,103.9,1.22,35.4,15.6,42.9,103
2024-05-12,Delhi,Delhi,28.6139,77.209,29.2,52.7,64.6,102.6,1.46,34.6,11.3,52.5,115
2024-05-13,Delhi,Delhi,28.6139,77.209,26.3,56.8,104.3,175.0,1.69,42.7,14.0,49.4,248
2024-05-14,Delhi,Delhi,28.6139,77.209,28.3,44.8,70.5,108.1,1.43,33.5,16.4,53.3,135
2024-05-15,Delhi,Delhi,28.6139,77.209,30.5,48.7,84.8,127.3,1.14,34.5,12.7,50.7,183
2024-05-16,Delhi,Delhi,28.6139,77.209,29.1,52.4,41.4,61.2,0.89,30.4,10.5,44.2,69
2024-05-17,Delhi,Delhi,28.6139,77.209,31.1,52.1,79.6,126.1,1.1,39.5,10.1,39.8,165
2024-05-18,Delhi,Delhi,28.6139,77.209,31.0,66.4,66.6,112.4,1.36,33.2,7.2,46.0,122
2024-05-19,Delhi,Delhi,28.6139,77.209,29.1,55.2,61.0,83.1,0.95,30.1,9.0,48.1,103
2024-05-20,Delhi,Delhi,28.6139,77.209,25.0,42.4,69.2,113.7,1.08,39.2,18.1,42.6,131
2024-05-21,Delhi,Delhi,28.6139,77.209,27.3,56.7,58.5,109.8,1.23,37.4,12.6,45.8,107
2024-05-22,Delhi,Delhi,28.6139,77.209,30.8,57.6,40.1,72.9,1.1,20.0,10.0,47.3,73
2024-05-23,Delhi,Delhi,28.6139,77.209,26.7,53.0,76.8,119.9,1.33,30.8,9.2,44.4,156
2024-05-24,Delhi,Delhi,28.6139,77.209,29.0,45.5,64.7,93.2,1.3,40.4,13.9,53.1,116
2024-05-25,Delhi,Delhi,28.6139,77.209,30.4,66.4,56.0,96.3,1.2,23.7,6.4,53.0,96
2024-05-26,Delhi,Delhi,28.6139,77.209,32.5,46.7,47.4,61.8,0.99,32.5,5.1,50.0,79
2024-05-27,Delhi,Delhi,28.6139,77.209,28.9,59.0,41.5,75.3,0.8,37.0,7.6,38.5,75
2024-05-28,Delhi,Delhi,28.6139,77.209,28.9,55.9,58.7,95.0,1.24,42.5,16.6,36.6,98
2024-05-29,Delhi,Delhi,28.6139,77.209,30.1,58.9,77.7,149.6,1.46,43.3,17.9,38.0,159
2024-05-30,Delhi,Delhi,28.6139,77.209,31.0,66.8,55.5,77.2,1.25,36.0,9.1,49.0,92
2024-05-31,Delhi,Delhi,28.6139,77.209,30.2,58.9,38.1,68.1,0.97,39.7,7.0,51.6,68
2024-06-01,Delhi,Delhi,28.6139,77.209,32.4,51.3,52.7,86.2,0.91,16.9,5.3,38.3,88
2024-06-02,Delhi,Delhi,28.6139,77.209,29.2,63.1,48.1,77.0,1.14,26.6,10.1,40.9,80
2024-06-03,Delhi,Delhi,28.6139,77.209,31.0,51.2,57.1,82.5,1.13,37.4,11.1,48.8,95
2024-06-04,Delhi,Delhi,28.6139,77.209,31.7,57.0,52.2,90.9,1.01,28.7,12.5,41.3,91
2024-06-05,Delhi,Delhi,28.6139,77.209,30.3,47.0,22.9,40.1,0.71,28.8,10.6,52.6,40
2024-06-06,Delhi,Delhi,28.6139,77.209,32.6,49.1,48.1,92.2,0.93,29.2,9.3,47.9,92
2024-06-07,Delhi,Delhi,28.6139,77.209,31.5,56.9,33.0,59.4,1.0,25.3,10.3,44.3,59
2024-06-08,Delhi,Delhi,28.6139,77.209,32.7,59.4,28.9,45.2,0.61,21.6,6.2,52.9,48
2024-06-09,Delhi,Delhi,28.6139,77.209,31.8,45.2,36.4,54.6,0.76,22.5,10.5,53.4,61
2024-06-10,Delhi,Delhi,28.6139,77.209,32.2,60.9,39.9,57.6,0.89,23.5,7.7,43.8,66
2024-06-11,Delhi,Delhi,28.6139,77.209,30.5,51.9,24.3,45.4,1.01,23.4,9.3,47.5,45
2024-06-12,Delhi,Delhi,28.6139,77.209,30.6,66.9,38.8,59.5,1.09,21.8,10.2,51.9,65
2024-06-13,Delhi,Delhi,28.6139,77.209,34.1,55.8,37.4,70.1,0.67,31.7,9.2,47.7,70
2024-06-14,Delhi,Delhi,28.6139,77.209,33.1,50.7,30.4,52.5,1.04,27.6,10.8,39.7,52
2024-06-15,Delhi,Delhi,28.6139,77.209,30.2,59.5,23.5,39.9,0.96,28.1,3.2,36.7,40
2024-06-16,Delhi,Delhi,28.6139,77.209,32.5,52.8,21.6,34.7,0.56,14.2,4.5,49.5,36
2024-06-17,Delhi,Delhi,28.6139,77.209,28.0,68.5,31.7,55.4,0.47,13.9,7.7,34.1,55
2024-06-18,Delhi,Delhi,28.6139,77.209,31.3,59.9,17.0,28.0,0.68,19.4,3.0,48.7,28
2024-06-19,Delhi,Delhi,28.6139,77.209,34.2,59.2,28.0,44.6,0.98,40.3,7.0,68.2,47
2024-06-20,Delhi,Delhi,28.6139,77.209,32.3,64.7,19.8,34.8,0.96,27.9,6.5,41.7,35
2024-06-21,Delhi,Delhi,28.6139,77.209,32.9,53.9,18.6,30.3,0.58,16.6,11.4,51.5,31
2024-06-22,Delhi,Delhi,28.6139,77.209,27.3,52.3,12.0,18.4,0.9,20.4,7.4,62.6,20
2024-06-23,Delhi,Delhi,28.6139,77.209,32.1,64.5,15.5,27.0,0.34,23.3,10.3,56.1,27
2024-06-24,Delhi,Delhi,28.6139,77.209,33.5,54.3,16.6,27.3,0.63,11.1,8.2,52.0,28
2024-06-25,Delhi,Delhi,28.6139,77.209,33.8,54.6,9.8,16.8,0.55,25.3,5.2,54.9,17
2024-06-26,Delhi,Delhi,28.6139,77.209,34.8,68.5,13.0,20.6,0.82,17.2,7.4,60.8,22
2024-06-27,Delhi,Delhi,28.6139,77.209,32.8,66.6,10.5,15.4,0.81,16.8,9.0,68.0,18
2024-06-28,Delhi,Delhi,28.6139,77.209,32.9,54.5,8.0,15.3,0.73,16.7,10.2,50.7,15
2024-06-29,Delhi,Delhi,28.6139,77.209,30.9,59.3,9.3,17.4,0.4,23.8,6.3,45.5,17
2024-06-30,Delhi,Delhi,28.6139,77.209,33.0,57.6,8.0,15.0,0.72,12.0,1.7,44.0,15
2024-07-01,Delhi,Delhi,28.6139,77.209,31.2,76.6,8.0,15.0,0.67,6.3,1.5,52.9,15
2024-07-02,Delhi,Delhi,28.6139,77.209,30.2,70.8,8.0,15.0,0.34,18.5,5.7,39.3,15
2024-07-03,Delhi,Delhi,28.6139,77.209,31.6,61.8,8.0,15.0,0.28,4.3,1.0,49.1,15
2024-07-04,Delhi,Delhi,28.6139,77.209,36.3,69.1,8.0,15.0,0.74,14.8,12.0,53.1,15
2024-07-05,Delhi,Delhi,28.6139,77.209,33.2,55.8,8.0,15.0,0.56,23.7,8.4,63.9,15
2024-07-06,Delhi,Delhi,28.6139,77.209,34.1,60.8,8.0,15.4,0.4,20.0,4.7,52.7,15
2024-07-07,Delhi,Delhi,28.6139,77.209,32.9,66.5,8.0,15.0,0.56,22.8,3.3,57.9,15
2024-07-08,Delhi,Delhi,28.6139,77.209,30.6,69.1,8.0,15.3,0.64,20.3,9.7,38.3,15
2024-07-09,Delhi,Delhi,28.6139,77.209,35.5,65.5,8.0,15.0,0.58,31.0,3.3,60.1,15
2024-07-10,Delhi,Delhi,28.6139,77.209,30.0,68.1,8.0,15.0,0.36,13.0,3.6,40.5,15
2024-07-11,Delhi,Delhi,28.6139,77.209,32.9,67.0,8.0,15.7,0.87,18.9,4.3,51.5,16
2024-07-12,Delhi,Delhi,28.6139,77.209,33.8,65.5,8.0,15.0,0.74,13.9,7.0,74.0,15
2024-07-13,Delhi,Delhi,28.6139,77.209,34.4,64.7,8.0,15.0,0.54,22.3,8.5,64.7,15
2024-07-14,Delhi,Delhi,28.6139,77.209,32.7,63.8,8.0,15.0,0.54,16.2,10.2,53.4,15
2024-07-15,Delhi,Delhi,28.6139,77.209,30.7,68.5,8.0,15.0,0.64,26.9,9.8,76.9,15
2024-07-16,Delhi,Delhi,28.6139,77.209,32.6,69.8,8.0,15.0,0.42,13.4,6.6,47.0,15
2024-07-17,Delhi,Delhi,28.6139,77.209,32.6,68.4,8.0,15.0,0.64,25.0,9.7,63.8,15
2024-07-18,Delhi,Delhi,28.6139,77.209,32.6,58.8,8.0,15.0,0.39,20.1,4.6,42.1,15
2024-07-19,Delhi,Delhi,28.6139,77.209,35.7,60.0,8.0,15.1,0.58,16.4,1.2,57.4,15
2024-07-20,Delhi,Delhi,28.6139,77.209,31.8,69.8,8.0,15.0,0.41,19.8,4.6,42.3,15
2024-07-21,Delhi,Delhi,28.6139,77.209,34.5,77.2,8.0,15.0,0.42,18.1,4.2,59.5,15
2024-07-22,Delhi,Delhi,28.6139,77.209,34.2,67.9,8.0,15.0,0.84,18.7,4.7,57.4,15
2024-07-23,Delhi,Delhi,28.6139,77.209,35.6,63.9,8.0,15.0,0.6,15.3,3.8,56.8,15
2024-07-24,Delhi,Delhi,28.6139,77.209,33.6,68.2,8.0,15.0,0.62,12.4,5.3,64.8,15
2024-07-25,Delhi,Delhi,28.6139,77.209,35.3,58.6,8.0,15.0,0.29,14.5,8.5,54.1,15
2024-07-26,Delhi,Delhi,28.6139,77.209,33.5,75.6,8.0,15.0,0.5,6.5,11.8,58.4,15
2024-07-27,Delhi,Delhi,28.6139,77.209,34.5,67.5,8.0,15.0,0.66,21.6,1.5,64.0,15
2024-07-28,Delhi,Delhi,28.6139,77.209,31.0,61.4,8.0,15.0,0.62,9.1,2.8,40.0,15
2024-07-29,Delhi,Delhi,28.6139,77.209,28.9,64.7,8.0,15.0,0.27,15.3,4.3,42.5,15
2024-07-30,Delhi,Delhi,28.6139,77.209,34.3,61.9,8.0,15.0,0.62,20.4,8.9,57.5,15
2024-07-31,Delhi,Delhi,28.6139,77.209,34.3,74.6,8.0,15.0,0.64,21.6,6.0,62.2,15
2024-08-01,Delhi,Delhi,28.6139,77.209,34.3,63.7,8.0,15.0,0.78,5.9,4.5,68.5,15
2024-08-02,Delhi,Delhi,28.6139,77.209,32.5,66.0,8.0,15.0,0.49,16.0,8.8,52.4,15
2024-08-03,Delhi,Delhi,28.6139,77.209,36.0,68.7,8.0,15.0,0.25,19.3,9.5,57.3,15
2024-08-04,Delhi,Delhi,28.6139,77.209,32.5,59.2,9.5,18.5,0.46,17.4,6.7,47.0,18
2024-08-05,Delhi,Delhi,28.6139,77.209,34.0,65.4,8.6,15.0,0.43,24.8,4.2,59.1,15
2024-08-06,Delhi,Delhi,28.6139,77.209,34.2,65.7,10.7,18.2,0.73,12.5,7.7,54.3,18
2024-08-07,Delhi,Delhi,28.6139,77.209,36.1,52.6,12.5,17.6,0.23,5.7,6.3,57.4,21
2024-08-08,Delhi,Delhi,28.6139,77.209,32.4,64.9,9.4,17.6,0.54,21.9,6.0,53.1,18
2024-08-09,Delhi,Delhi,28.6139,77.209,31.7,62.5,10.9,17.3,0.84,14.3,5.3,57.0,18
2024-08-10,Delhi,Delhi,28.6139,77.209,30.1,63.4,11.8,21.4,0.63,7.2,9.7,45.4,21
2024-08-11,Delhi,Delhi,28.6139,77.209,35.5,62.4,12.3,20.1,0.77,17.0,7.7,52.3,21
2024-08-12,Delhi,Delhi,28.6139,77.209,33.3,63.7,21.5,37.5,0.49,28.3,10.8,57.6,38
2024-08-13,Delhi,Delhi,28.6139,77.209,33.3,70.9,20.9,36.7,0.49,13.1,11.7,30.0,37
2024-08-14,Delhi,Delhi,28.6139,77.209,38.0,52.9,21.6,34.2,0.96,34.9,9.1,56.8,36
2024-08-15,Delhi,Delhi,28.6139,77.209,32.9,58.4,12.9,23.4,0.66,13.1,5.5,45.1,23
2024-08-16,Delhi,Delhi,28.6139,77.209,29.8,65.2,38.5,59.1,0.94,26.8,12.2,56.5,64
2024-08-17,Delhi,Delhi,28.6139,77.209,31.7,63.5,21.5,37.9,0.57,13.6,9.1,48.1,38
2024-08-18,Delhi,Delhi,28.6139,77.209,30.2,63.1,43.7,69.5,1.0,28.2,17.3,42.5,73
2024-08-19,Delhi,Delhi,28.6139,77.209,31.1,78.8,21.4,36.5,0.57,20.1,8.6,50.3,36
2024-08-20,Delhi,Delhi,28.6139,77.209,31.0,63.5,26.0,41.1,0.97,13.4,10.2,45.3,43
2024-08-21,Delhi,Delhi,28.6139,77.209,30.6,66.8,20.2,33.5,1.13,37.4,8.5,46.7,34
2024-08-22,Delhi,Delhi,28.6139,77.209,29.0,56.4,37.3,55.6,0.99,23.0,8.7,46.5,62
2024-08-23,Delhi,Delhi,28.6139,77.209,34.3,51.3,28.3,47.8,0.72,20.1,7.5,51.6,48
2024-08-24,Delhi,Delhi,28.6139,77.209,31.8,55.8,29.8,49.4,0.45,29.4,9.3,47.5,50
2024-08-25,Delhi,Delhi,28.6139,77.209,30.8,62.7,29.2,45.7,0.57,34.2,9.9,41.2,49
2024-08-26,Delhi,Delhi,28.6139,77.209,32.4,60.3,48.7,80.0,1.27,36.4,13.4,40.8,81
2024-08-27,Delhi,Delhi,28.6139,77.209,31.8,60.0,50.0,83.4,0.9,22.8,10.9,49.4,83
2024-08-28,Delhi,Delhi,28.6139,77.209,31.3,55.4,66.1,102.9,1.18,36.4,9.9,49.0,120
2024-08-29,Delhi,Delhi,28.6139,77.209,31.9,54.0,39.5,64.4,1.04,15.4,8.2,38.7,66
2024-08-30,Delhi,Delhi,28.6139,77.209,30.8,55.2,49.9,74.8,1.28,35.4,6.0,53.4,83
2024-08-31,Delhi,Delhi,28.6139,77.209,31.7,61.3,37.0,74.1,0.88,16.0,13.9,56.1,74
2024-09-01,Delhi,Delhi,28.6139,77.209,31.7,61.9,47.1,85.2,0.96,24.3,8.1,56.8,85
2024-09-02,Delhi,Delhi,28.6139,77.209,30.5,48.7,46.6,78.8,1.03,28.9,12.6,49.6,79
2024-09-03,Delhi,Delhi,28.6139,77.209,29.7,60.9,59.6,108.8,1.07,35.7,11.6,49.7,106
2024-09-04,Delhi,Delhi,28.6139,77.209,32.7,50.8,69.2,93.6,1.18,34.6,12.4,66.0,131
2024-09-05,Delhi,Delhi,28.6139,77.209,29.0,58.5,70.6,89.4,1.35,45.7,11.3,39.9,135
2024-09-06,Delhi,Delhi,28.6139,77.209,30.5,53.7,48.4,77.0,1.07,33.8,7.5,38.5,81
2024-09-07,Delhi,Delhi,28.6139,77.209,30.4,65.9,74.4,107.4,1.65,41.7,9.0,31.9,148
2024-09-08,Delhi,Delhi,28.6139,77.209,28.4,51.8,60.6,97.8,1.24,26.0,16.0,56.4,102
2024-09-09,Delhi,Delhi,28.6139,77.209,27.9,55.9,58.3,98.0,1.32,42.8,11.0,56.0,98
2024-09-10,Delhi,Delhi,28.6139,77.209,28.6,58.8,54.8,97.9,0.95,26.7,13.8,35.9,98
2024-09-11,Delhi,Delhi,28.6139,77.209,28.3,48.3,57.8,85.5,1.22,42.9,14.8,36.6,96
2024-09-12,Delhi,Delhi,28.6139,77.209,26.4,53.8,97.9,167.4,1.48,57.5,12.6,32.9,226
2024-09-13,Delhi,Delhi,28.6139,77.209,27.7,52.4,72.9,120.4,1.37,40.4,13.1,49.9,143
2024-09-14,Delhi,Delhi,28.6139,77.209,29.3,50.6,72.1,122.8,1.4,43.3,11.9,32.3,140
2024-09-15,Delhi,Delhi,28.6139,77.209,30.9,51.0,66.8,105.0,1.25,16.9,7.9,30.1,123
2024-09-16,Delhi,Delhi,28.6139,77.209,29.5,61.8,123.4,229.2,2.23,52.3,15.3,55.3,303
2024-09-17,Delhi,Delhi,28.6139,77.209,23.7,49.8,97.7,159.7,1.8,51.9,15.6,33.7,226
2024-09-18,Delhi,Delhi,28.6139,77.209,29.4,57.9,63.6,122.0,1.38,39.9,9.6,47.4,115
2024-09-19,Delhi,Delhi,28.6139,77.209,27.2,56.1,71.4,109.4,1.41,29.5,10.7,37.7,138
2024-09-20,Delhi,Delhi,28.6139,77.209,28.9,44.1,73.5,129.5,1.58,35.8,11.4,45.6,145
2024-09-21,Delhi,Delhi,28.6139,77.209,27.9,57.5,80.9,132.7,1.18,24.7,18.8,27.4,170
2024-09-22,Delhi,Delhi,28.6139,77.209,27.5,44.0,68.1,109.1,1.46,38.3,5.9,33.4,127
2024-09-23,Delhi,Delhi,28.6139,77.209,27.5,58.3,88.9,155.1,1.34,31.1,14.6,38.9,196
2024-09-24,Delhi,Delhi,28.6139,77.209,27.5,50.4,112.7,180.9,1.67,56.9,14.3,17.6,276
2024-09-25,Delhi,Delhi,28.6139,77.209,29.9,54.0,62.2,77.8,1.28,41.0,9.1,42.1,107
2024-09-26,Delhi,Delhi,28.6139,77.209,27.3,44.9,65.7,78.2,1.42,32.2,10.4,37.2,119
2024-09-27,Delhi,Delhi,28.6139,77.209,29.1,54.8,76.8,141.3,1.18,41.7,14.1,39.5,156
2024-09-28,Delhi,Delhi,28.6139,77.209,28.8,60.5,78.6,144.2,1.3,37.8,14.5,36.7,162
2024-09-29,Delhi,Delhi,28.6139,77.209,28.1,48.4,136.1,263.0,2.03,59.0,17.4,26.5,312
2024-09-30,Delhi,Delhi,28.6139,77.209,23.6,49.8,110.7,182.3,1.7,42.5,18.1,15.1,269
2024-10-01,Delhi,Delhi,28.6139,77.209,28.7,57.3,110.7,161.1,1.86,53.1,18.7,39.0,269
2024-10-02,Delhi,Delhi,28.6139,77.209,25.8,57.5,85.9,136.3,1.97,31.6,15.3,33.2,186
2024-10-03,Delhi,Delhi,28.6139,77.209,27.7,37.2,86.5,142.8,1.52,30.7,11.3,27.7,188
2024-10-04,Delhi,Delhi,28.6139,77.209,24.6,68.4,67.7,101.5,1.14,34.9,12.9,36.1,126
2024-10-05,Delhi,Delhi,28.6139,77.209,24.1,58.1,112.0,212.5,1.55,48.6,16.5,28.0,273
2024-10-06,Delhi,Delhi,28.6139,77.209,29.6,59.3,106.3,211.0,1.63,49.6,12.1,36.1,254
2024-10-07,Delhi,Delhi,28.6139,77.209,24.2,53.5,128.0,220.4,1.78,51.1,11.5,11.7,306
2024-10-08,Delhi,Delhi,28.6139,77.209,27.9,41.6,93.1,153.5,1.6,55.1,7.4,43.8,210
2024-10-09,Delhi,Delhi,28.6139,77.209,25.9,59.4,95.6,139.1,1.63,45.5,13.9,25.1,219
2024-10-10,Delhi,Delhi,28.6139,77.209,24.8,50.8,103.4,194.7,1.58,48.5,15.2,32.9,245
2024-10-11,Delhi,Delhi,28.6139,77.209,25.4,58.6,122.5,203.6,2.16,54.4,12.3,24.9,302
2024-10-12,Delhi,Delhi,28.6139,77.209,23.0,53.4,73.6,118.3,1.21,43.6,15.0,29.3,145
2024-10-13,Delhi,Delhi,28.6139,77.209,25.2,56.6,120.9,208.2,1.83,56.1,16.1,40.5,301
2024-10-14,Delhi,Delhi,28.6139,77.209,23.2,49.6,103.4,161.5,1.74,49.7,18.3,34.0,245
2024-10-15,Delhi,Delhi,28.6139,77.209,24.3,61.2,83.1,138.9,1.56,45.0,13.8,42.6,177
2024-10-16,Delhi,Delhi,28.6139,77.209,26.5,46.9,67.0,96.0,1.44,24.5,8.2,41.4,123
2024-10-17,Delhi,Delhi,28.6139,77.209,25.2,71.1,103.8,188.2,1.72,36.5,15.7,36.1,246
2024-10-18,Delhi,Delhi,28.6139,77.209,22.0,71.1,148.5,242.6,2.31,61.1,19.9,9.0,322
2024-10-19,Delhi,Delhi,28.6139,77.209,26.0,66.9,157.5,287.3,2.15,63.2,17.0,26.4,329
2024-10-20,Delhi,Delhi,28.6139,77.209,24.4,64.5,118.9,192.7,1.96,55.5,11.2,28.3,296
2024-10-21,Delhi,Delhi,28.6139,77.209,23.3,55.1,170.9,278.6,2.54,68.8,20.0,32.9,339
2024-10-22,Delhi,Delhi,28.6139,77.209,25.5,64.0,111.0,162.9,1.96,53.0,11.9,28.6,270
2024-10-23,Delhi,Delhi,28.6139,77.209,23.7,55.2,139.4,245.9,1.8,51.1,20.5,29.1,315
2024-10-24,Delhi,Delhi,28.6139,77.209,21.8,45.1,103.3,156.8,1.51,47.0,13.0,29.4,244
2024-10-25,Delhi,Delhi,28.6139,77.209,27.1,66.6,102.7,162.0,1.76,38.8,19.4,45.4,242
2024-10-26,Delhi,Delhi,28.6139,77.209,23.6,64.1,99.9,164.9,1.21,48.3,7.6,29.7,233
2024-10-27,Delhi,Delhi,28.6139,77.209,23.4,56.1,74.4,124.0,1.4,26.5,12.4,39.6,148
2024-10-28,Delhi,Delhi,28.6139,77.209,22.7,47.8,156.6,218.3,2.4,66.2,22.8,10.0,328
2024-10-29,Delhi,Delhi,28.6139,77.209,25.4,52.4,103.3,166.9,1.56,38.2,11.6,20.4,244
2024-10-30,Delhi,Delhi,28.6139,77.209,22.2,43.8,100.5,177.9,1.55,43.9,13.6,10.3,235
2024-10-31,Delhi,Delhi,28.6139,77.209,20.3,63.3,93.3,148.6,1.38,49.2,12.3,32.4,211
2024-11-01,Delhi,Delhi,28.6139,77.209,21.7,45.5,116.5,188.3,1.72,52.6,13.3,31.5,288
2024-11-02,Delhi,Delhi,28.6139,77.209,25.2,58.9,181.0,303.1,2.44,62.0,21.2,32.4,347
2024-11-03,Delhi,Delhi,28.6139,77.209,24.2,51.1,196.2,320.0,2.58,72.7,17.8,16.7,359
2024-11-04,Delhi,Delhi,28.6139,77.209,22.2,47.1,86.5,129.4,1.35,32.7,12.6,25.3,188
2024-11-05,Delhi,Delhi,28.6139,77.209,25.0,58.8,116.2,191.1,1.75,41.0,16.8,30.4,287
2024-11-06,Delhi,Delhi,28.6139,77.209,23.7,54.9,100.8,181.4,1.58,47.0,13.4,42.4,236
2024-11-07,Delhi,Delhi,28.6139,77.209,21.8,63.2,158.4,236.4,2.54,68.1,15.7,35.6,330
2024-11-08,Delhi,Delhi,28.6139,77.209,21.9,48.6,136.8,218.0,1.96,60.4,20.0,30.7,313
2024-11-09,Delhi,Delhi,28.6139,77.209,22.6,52.2,112.4,162.2,1.8,53.6,17.2,30.6,275
2024-11-10,Delhi,Delhi,28.6139,77.209,20.4,40.9,132.3,237.0,1.88,56.3,13.5,33.2,309
2024-11-11,Delhi,Delhi,28.6139,77.209,21.8,42.4,118.0,193.1,1.72,50.1,11.6,24.1,293
2024-11-12,Delhi,Delhi,28.6139,77.209,22.3,70.4,188.3,286.6,2.34,67.8,18.2,16.7,353
2024-11-13,Delhi,Delhi,28.6139,77.209,18.6,72.5,149.8,249.3,1.93,59.3,19.6,16.7,323
2024-11-14,Delhi,Delhi,28.6139,77.209,21.2,58.6,155.0,227.7,2.04,55.7,19.2,13.6,327
2024-11-15,Delhi,Delhi,28.6139,77.209,20.9,52.3,74.8,111.9,1.36,32.9,14.4,27.5,149
2024-11-16,Delhi,Delhi,28.6139,77.209,23.2,56.1,133.5,191.0,2.14,57.2,15.7,17.8,310
2024-11-17,Delhi,Delhi,28.6139,77.209,17.9,64.4,215.5,321.1,2.63,82.3,20.5,18.3,373
2024-11-18,Delhi,Delhi,28.6139,77.209,20.4,54.7,183.6,340.2,2.46,91.1,23.4,21.7,349
2024-11-19,Delhi,Delhi,28.6139,77.209,20.1,60.1,91.9,141.5,1.32,35.3,11.7,37.5,206
2024-11-20,Delhi,Delhi,28.6139,77.209,22.6,58.4,129.5,222.7,1.9,54.7,16.9,13.2,307
2024-11-21,Delhi,Delhi,28.6139,77.209,20.7,54.6,107.1,163.3,1.85,39.7,9.9,40.7,257
2024-11-22,Delhi,Delhi,28.6139,77.209,23.9,55.0,204.5,360.7,2.7,77.1,20.6,8.3,365
2024-11-23,Delhi,Delhi,28.6139,77.209,21.8,60.8,148.9,222.8,2.15,59.6,20.9,13.4,322
2024-11-24,Delhi,Delhi,28.6139,77.209,19.8,52.0,119.8,198.4,2.05,57.4,13.4,17.7,299
2024-11-25,Delhi,Delhi,28.6139,77.209,20.9,62.1,143.7,238.3,2.17,57.3,19.9,32.5,318
2024-11-26,Delhi,Delhi,28.6139,77.209,19.7,55.7,80.8,161.5,1.28,38.7,5.5,28.3,169
2024-11-27,Delhi,Delhi,28.6139,77.209,21.8,60.0,113.5,198.1,1.79,47.7,13.4,24.6,278
2024-11-28,Delhi,Delhi,28.6139,77.209,17.8,68.8,146.0,228.0,2.0,52.3,17.2,10.5,320
2024-11-29,Delhi,Delhi,28.6139,77.209,18.6,58.0,175.3,307.3,2.51,66.2,25.3,8.0,343
2024-11-30,Delhi,Delhi,28.6139,77.209,20.8,65.7,95.4,188.1,1.64,42.2,10.1,35.8,218
2024-12-01,Delhi,Delhi,28.6139,77.209,22.1,46.8,135.1,189.9,1.8,57.7,18.8,31.3,312
2024-12-02,Delhi,Delhi,28.6139,77.209,15.9,56.1,184.4,280.9,2.57,76.3,23.9,20.8,350
2024-12-03,Delhi,Delhi,28.6139,77.209,22.2,59.7,107.8,174.0,1.68,47.1,12.5,31.0,259
2024-12-04,Delhi,Delhi,28.6139,77.209,19.4,73.0,156.7,248.7,2.32,62.6,17.4,8.0,328
2024-12-05,Delhi,Delhi,28.6139,77.209,16.2,45.9,151.8,242.9,2.31,52.2,18.6,8.0,324
2024-12-06,Delhi,Delhi,28.6139,77.209,14.1,59.0,219.0,318.6,3.01,87.3,19.1,8.0,376
2024-12-07,Delhi,Delhi,28.6139,77.209,16.7,70.0,143.4,266.8,2.05,55.7,16.1,12.4,318
2024-12-08,Delhi,Delhi,28.6139,77.209,19.3,54.3,145.8,209.5,2.26,65.1,21.5,14.9,320
2024-12-09,Delhi,Delhi,28.6139,77.209,19.2,58.4,183.5,297.2,2.41,80.6,22.2,8.0,349
2024-12-10,Delhi,Delhi,28.6139,77.209,20.4,62.3,114.0,205.9,1.57,49.3,14.6,31.8,280
2024-12-11,Delhi,Delhi,28.6139,77.209,18.2,61.3,145.9,240.0,1.64,54.5,18.0,21.1,320
2024-12-12,Delhi,Delhi,28.6139,77.209,17.1,71.0,139.0,209.0,2.03,58.4,18.9,20.5,315
2024-12-13,Delhi,Delhi,28.6139,77.209,18.3,63.3,149.6,216.5,2.04,64.0,20.3,12.2,323
2024-12-14,Delhi,Delhi,28.6139,77.209,19.0,69.5,186.5,301.2,2.63,71.8,19.2,16.2,351
2024-12-15,Delhi,Delhi,28.6139,77.209,19.3,57.7,175.3,269.4,2.15,66.7,24.6,8.0,343
2024-12-16,Delhi,Delhi,28.6139,77.209,17.4,55.1,132.1,222.0,1.87,59.6,20.5,16.6,309
2024-12-17,Delhi,Delhi,28.6139,77.209,20.4,58.7,160.9,231.7,2.36,68.5,20.9,8.0,331
2024-12-18,Delhi,Delhi,28.6139,77.209,17.6,52.2,217.4,385.2,2.76,81.5,20.9,8.0,375
2024-12-19,Delhi,Delhi,28.6139,77.209,17.1,63.8,130.8,218.1,2.01,45.9,13.4,14.7,308
2024-12-20,Delhi,Delhi,28.6139,77.209,17.7,57.8,162.6,272.9,2.22,68.8,18.0,34.0,333
2024-12-21,Delhi,Delhi,28.6139,77.209,20.5,55.8,151.3,282.4,2.18,57.8,18.3,8.0,324
2024-12-22,Delhi,Delhi,28.6139,77.209,18.3,64.0,156.1,247.3,2.32,65.2,13.2,8.0,328
2024-12-23,Delhi,Delhi,28.6139,77.209,17.2,52.6,110.8,170.8,1.87,50.4,16.4,21.2,269
2024-12-24,Delhi,Delhi,28.6139,77.209,20.1,66.0,216.9,340.0,2.92,72.1,27.2,27.7,375
2024-12-25,Delhi,Delhi,28.6139,77.209,22.3,57.3,134.4,217.9,1.87,57.5,18.5,26.8,311
2024-12-26,Delhi,Delhi,28.6139,77.209,18.7,68.8,200.1,327.5,2.65,81.1,20.0,18.6,362
2024-12-27,Delhi,Delhi,28.6139,77.209,20.6,58.0,139.6,212.9,2.15,62.5,14.8,19.2,315
2024-12-28,Delhi,Delhi,28.6139,77.209,20.2,65.2,139.7,188.1,1.9,59.4,18.1,17.2,315
2024-12-29,Delhi,Delhi,28.6139,77.209,17.2,62.0,209.7,328.3,2.8,69.2,22.3,10.2,369
2024-12-30,Delhi,Delhi,28.6139,77.209,18.3,66.0,200.1,341.0,2.67,85.7,23.3,8.0,362
2024-12-31,Delhi,Delhi,28.6139,77.209,15.9,61.6,168.6,281.7,2.36,70.4,21.3,17.4,337
2025-01-01,Delhi,Delhi,28.6139,77.209,17.8,49.2,190.4,348.5,2.46,67.7,24.5,8.0,354
2025-01-02,Delhi,Delhi,28.6139,77.209,17.0,67.9,151.4,294.2,1.9,57.7,14.7,22.3,324
2025-01-03,Delhi,Delhi,28.6139,77.209,17.4,60.3,161.2,284.4,2.37,67.0,19.6,15.1,332
2025-01-04,Delhi,Delhi,28.6139,77.209,16.8,66.4,139.8,259.7,2.2,62.8,16.1,14.1,315
2025-01-05,Delhi,Delhi,28.6139,77.209,17.6,65.7,197.5,348.6,2.43,74.3,21.5,8.0,360
2025-01-06,Delhi,Delhi,28.6139,77.209,19.0,55.5,139.1,265.2,2.1,63.5,19.7,11.7,315
2025-01-07,Delhi,Delhi,28.6139,77.209,17.9,54.5,224.9,433.5,3.16,75.2,26.9,18.7,400
2025-01-08,Delhi,Delhi,28.6139,77.209,14.7,65.5,151.4,271.5,2.27,56.2,22.3,9.7,324
2025-01-09,Delhi,Delhi,28.6139,77.209,16.7,58.8,163.2,286.5,2.25,53.8,20.3,15.6,333
2025-01-10,Delhi,Delhi,28.6139,77.209,15.3,67.5,192.1,311.0,2.49,70.1,21.0,8.0,355
2025-01-11,Delhi,Delhi,28.6139,77.209,18.5,59.7,163.5,268.7,2.33,75.4,18.3,16.0,333
2025-01-12,Delhi,Delhi,28.6139,77.209,18.9,68.2,152.4,243.7,2.23,75.1,13.0,8.0,325
2025-01-13,Delhi,Delhi,28.6139,77.209,18.5,64.0,161.6,281.8,2.31,67.1,23.0,17.2,332
2025-01-14,Delhi,Delhi,28.6139,77.209,16.6,63.0,198.1,305.5,2.67,73.6,20.9,12.7,360
2025-01-15,Delhi,Delhi,28.6139,77.209,18.4,58.4,140.7,228.1,1.9,57.7,18.8,21.0,316
2025-01-16,Delhi,Delhi,28.6139,77.209,17.2,62.6,158.3,205.3,2.32,67.5,20.7,8.0,329
2025-01-17,Delhi,Delhi,28.6139,77.209,16.0,69.3,163.1,311.2,2.38,56.8,15.3,9.5,333
2025-01-18,Delhi,Delhi,28.6139,77.209,19.3,60.6,196.8,318.1,2.72,73.5,19.0,18.6,359
2025-01-19,Delhi,Delhi,28.6139,77.209,19.5,64.7,159.1,273.4,2.28,73.5,23.4,16.6,330
2025-01-20,Delhi,Delhi,28.6139,77.209,19.7,61.3,241.9,452.1,3.44,85.1,26.2,8.1,400
2025-01-21,Delhi,Delhi,28.6139,77.209,16.9,61.8,156.9,266.0,2.15,59.7,16.8,29.6,328
2025-01-22,Delhi,Delhi,28.6139,77.209,20.2,73.0,154.1,287.6,2.4,63.4,17.9,12.3,326
2025-01-23,Delhi,Delhi,28.6139,77.209,17.2,69.4,156.2,228.7,2.13,65.7,21.8,23.5,328
2025-01-24,Delhi,Delhi,28.6139,77.209,19.3,61.5,121.3,243.8,2.01,49.1,18.5,12.4,301
2025-01-25,Delhi,Delhi,28.6139,77.209,17.2,62.4,128.9,233.7,2.12,55.7,11.9,22.8,307
2025-01-26,Delhi,Delhi,28.6139,77.209,17.7,56.0,143.9,241.9,2.05,63.7,22.4,22.6,318
2025-01-27,Delhi,Delhi,28.6139,77.209,13.8,59.7,207.4,386.5,3.05,92.1,25.5,8.0,367
2025-01-28,Delhi,Delhi,28.6139,77.209,17.6,63.0,160.1,236.2,2.35,64.5,18.4,8.0,331
2025-01-29,Delhi,Delhi,28.6139,77.209,18.4,66.8,144.8,232.6,1.98,60.1,14.0,8.0,319
2025-01-30,Delhi,Delhi,28.6139,77.209,17.5,66.0,210.7,393.2,2.78,90.6,26.0,8.0,370
2025-01-31,Delhi,Delhi,28.6139,77.209,21.4,53.0,225.9,309.4,3.18,83.0,25.5,18.9,381
2025-02-01,Delhi,Delhi,28.6139,77.209,16.2,67.6,211.3,366.4,2.99,73.7,18.5,8.0,370
2025-02-02,Delhi,Delhi,28.6139,77.209,17.3,60.1,132.6,229.4,1.81,57.9,15.9,18.2,310
2025-02-03,Delhi,Delhi,28.6139,77.209,16.7,53.8,143.2,278.6,2.07,66.3,26.8,8.0,318
2025-02-04,Delhi,Delhi,28.6139,77.209,17.4,70.0,237.5,335.5,3.17,92.2,25.1,8.0,390
2025-02-05,Delhi,Delhi,28.6139,77.209,20.3,70.9,167.7,317.2,2.29,67.1,17.2,9.5,337
2025-02-06,Delhi,Delhi,28.6139,77.209,21.2,62.4,149.6,234.3,2.52,53.2,14.9,21.3,323
2025-02-07,Delhi,Delhi,28.6139,77.209,17.3,65.5,185.4,293.4,2.59,73.0,26.1,8.1,350
2025-02-08,Delhi,Delhi,28.6139,77.209,17.3,65.9,197.1,289.0,2.68,84.5,24.3,8.0,359
2025-02-09,Delhi,Delhi,28.6139,77.209,16.6,70.2,138.9,206.5,2.22,51.0,21.3,10.3,315
2025-02-10,Delhi,Delhi,28.6139,77.209,21.0,65.5,164.8,281.9,2.28,65.3,19.9,12.7,334
2025-02-11,Delhi,Delhi,28.6139,77.209,20.8,51.1,192.0,284.8,2.78,73.1,25.1,8.0,355
2025-02-12,Delhi,Delhi,28.6139,77.209,18.6,74.4,121.0,213.1,1.59,48.5,13.1,29.3,301
2025-02-13,Delhi,Delhi,28.6139,77.209,16.3,67.7,156.1,242.1,2.17,65.4,19.0,10.7,328
2025-02-14,Delhi,Delhi,28.6139,77.209,16.6,56.7,121.5,178.3,2.01,55.5,16.6,8.0,301
2025-02-15,Delhi,Delhi,28.6139,77.209,19.3,53.0,124.6,195.7,2.12,56.5,20.1,16.4,304
2025-02-16,Delhi,Delhi,28.6139,77.209,20.0,63.6,136.2,231.7,1.9,51.7,17.9,28.7,312
2025-02-17,Delhi,Delhi,28.6139,77.209,15.4,58.1,170.7,274.5,2.26,58.7,17.8,8.0,339
2025-02-18,Delhi,Delhi,28.6139,77.209,18.6,62.3,142.7,236.1,2.17,61.2,17.6,30.5,317
2025-02-19,Delhi,Delhi,28.6139,77.209,22.1,65.1,132.3,232.1,1.88,53.3,11.6,18.3,309
2025-02-20,Delhi,Delhi,28.6139,77.209,18.9,55.9,153.7,278.6,2.17,74.2,11.3,21.9,326
2025-02-21,Delhi,Delhi,28.6139,77.209,22.1,52.0,117.7,188.7,1.94,63.0,17.9,34.8,292
2025-02-22,Delhi,Delhi,28.6139,77.209,20.6,62.5,165.8,247.5,2.26,79.0,18.1,23.0,335
2025-02-23,Delhi,Delhi,28.6139,77.209,17.6,56.0,192.7,320.1,2.35,70.0,20.6,8.0,356
2025-02-24,Delhi,Delhi,28.6139,77.209,19.1,60.7,147.0,252.9,1.94,64.5,20.3,11.3,321
2025-02-25,Delhi,Delhi,28.6139,77.209,19.4,50.2,142.5,203.8,2.08,64.8,21.6,29.2,317
2025-02-26,Delhi,Delhi,28.6139,77.209,18.0,57.7,161.0,244.1,2.01,70.1,20.5,9.3,332
2025-02-27,Delhi,Delhi,28.6139,77.209,18.1,64.4,94.5,145.7,1.51,42.1,19.3,30.3,215
2025-02-28,Delhi,Delhi,28.6139,77.209,22.6,63.6,165.4,267.7,2.13,74.6,20.7,19.2,335
2025-03-01,Delhi,Delhi,28.6139,77.209,18.2,53.8,289.4,444.5,3.96,106.6,30.1,8.0,400
2025-03-02,Delhi,Delhi,28.6139,77.209,22.0,51.0,141.7,248.8,2.4,60.1,18.1,13.0,317
2025-03-03,Delhi,Delhi,28.6139,77.209,19.4,59.3,141.1,198.9,1.91,49.9,13.4,15.0,316
2025-03-04,Delhi,Delhi,28.6139,77.209,20.2,63.0,169.7,239.9,2.42,72.2,22.4,11.4,338
2025-03-05,Delhi,Delhi,28.6139,77.209,21.4,61.8,205.9,329.5,2.64,78.3,15.1,18.4,366
2025-03-06,Delhi,Delhi,28.6139,77.209,19.4,55.3,176.8,287.0,2.42,73.4,18.4,17.0,344
2025-03-07,Delhi,Delhi,28.6139,77.209,21.6,60.9,88.3,126.4,1.75,43.7,13.1,32.4,194
2025-03-08,Delhi,Delhi,28.6139,77.209,16.9,69.3,159.7,249.0,2.2,66.2,16.4,10.2,331
2025-03-09,Delhi,Delhi,28.6139,77.209,21.5,60.1,247.1,392.9,3.2,92.8,24.4,8.0,398
2025-03-10,Delhi,Delhi,28.6139,77.209,16.4,47.2,160.0,254.6,2.14,69.9,24.3,14.7,331
2025-03-11,Delhi,Delhi,28.6139,77.209,20.5,59.9,107.6,180.0,1.87,47.2,17.9,16.8,259
2025-03-12,Delhi,Delhi,28.6139,77.209,22.5,72.7,146.8,227.6,1.64,52.2,15.7,33.0,321
2025-03-13,Delhi,Delhi,28.6139,77.209,22.2,49.3,103.4,193.6,1.58,50.5,12.9,27.3,245
2025-03-14,Delhi,Delhi,28.6139,77.209,18.9,58.5,178.7,308.0,2.48,66.3,16.5,12.7,345
2025-03-15,Delhi,Delhi,28.6139,77.209,19.2,56.6,109.8,167.8,1.62,41.2,16.9,26.5,266
2025-03-16,Delhi,Delhi,28.6139,77.209,20.2,58.7,136.8,227.7,2.15,51.6,16.2,21.0,313
2025-03-17,Delhi,Delhi,28.6139,77.209,21.9,59.3,110.7,184.8,1.91,51.1,9.0,13.6,269
2025-03-18,Delhi,Delhi,28.6139,77.209,18.0,65.9,117.8,215.9,1.6,51.1,15.7,11.5,293
2025-03-19,Delhi,Delhi,28.6139,77.209,21.7,58.4,183.0,285.5,2.85,59.8,22.0,27.9,348
2025-03-20,Delhi,Delhi,28.6139,77.209,22.4,66.7,134.1,236.7,1.78,54.6,19.6,26.1,311
2025-03-21,Delhi,Delhi,28.6139,77.209,21.4,56.8,115.1,190.7,1.97,57.9,15.0,12.3,284
2025-03-22,Delhi,Delhi,28.6139,77.209,23.0,55.1,100.5,188.3,1.64,43.5,12.9,32.6,235
2025-03-23,Delhi,Delhi,28.6139,77.209,22.6,52.8,85.1,156.8,1.37,40.2,18.8,26.1,184
2025-03-24,Delhi,Delhi,28.6139,77.209,21.3,44.6,96.8,162.6,1.51,51.2,13.8,20.4,223
2025-03-25,Delhi,Delhi,28.6139,77.209,18.9,59.2,129.7,208.9,1.94,60.3,18.5,11.1,307
2025-03-26,Delhi,Delhi,28.6139,77.209,22.7,71.5,155.9,269.1,2.26,70.0,16.9,31.8,328
2025-03-27,Delhi,Delhi,28.6139,77.209,20.9,60.3,110.2,178.9,1.59,32.6,16.9,9.7,267
2025-03-28,Delhi,Delhi,28.6139,77.209,21.7,61.8,174.9,332.6,2.41,80.4,15.6,13.5,342
2025-03-29,Delhi,Delhi,28.6139,77.209,23.7,54.0,104.9,174.3,1.55,51.4,13.0,31.4,250
2025-03-30,Delhi,Delhi,28.6139,77.209,25.5,55.1,115.7,183.8,1.6,65.8,11.6,44.9,286
2025-03-31,Delhi,Delhi,28.6139,77.209,23.0,63.6,95.4,150.8,1.44,39.8,11.8,34.7,218
2025-04-01,Delhi,Delhi,28.6139,77.209,24.2,70.6,149.2,219.0,1.98,51.2,21.7,20.0,322
2025-04-02,Delhi,Delhi,28.6139,77.209,20.7,66.9,188.8,327.2,2.53,74.4,19.3,29.5,353
2025-04-03,Delhi,Delhi,28.6139,77.209,23.9,62.0,80.1,122.3,1.45,38.0,14.6,22.3,167
2025-04-04,Delhi,Delhi,28.6139,77.209,23.4,56.5,108.5,196.8,1.72,52.6,19.2,31.8,262
2025-04-05,Delhi,Delhi,28.6139,77.209,25.9,57.6,153.3,223.2,2.5,69.5,18.2,33.0,326
2025-04-06,Delhi,Delhi,28.6139,77.209,22.8,50.8,83.7,139.7,1.1,40.3,15.7,24.1,179
2025-04-07,Delhi,Delhi,28.6139,77.209,23.5,45.8,129.2,235.5,2.01,53.9,17.9,33.2,307
2025-04-08,Delhi,Delhi,28.6139,77.209,25.9,48.0,148.0,196.4,2.14,64.5,18.2,25.6,322
2025-04-09,Delhi,Delhi,28.6139,77.209,24.0,56.1,114.0,222.7,1.89,49.0,17.4,35.5,280
2025-04-10,Delhi,Delhi,28.6139,77.209,22.3,53.6,125.4,198.9,2.0,52.1,21.6,11.4,304
2025-04-11,Delhi,Delhi,28.6139,77.209,29.0,45.3,162.2,271.0,2.28,72.1,17.1,35.8,332
2025-04-12,Delhi,Delhi,28.6139,77.209,22.6,55.2,167.5,290.7,2.39,75.2,16.5,19.0,337
2025-04-13,Delhi,Delhi,28.6139,77.209,24.5,53.2,106.6,187.5,1.57,54.6,11.5,40.7,255
2025-04-14,Delhi,Delhi,28.6139,77.209,25.4,47.1,95.2,161.1,1.65,43.5,16.6,33.7,217
2025-04-15,Delhi,Delhi,28.6139,77.209,25.3,52.6,86.6,155.9,1.18,28.9,16.3,44.9,189
2025-04-16,Delhi,Delhi,28.6139,77.209,24.6,52.9,130.2,225.0,2.06,54.8,14.8,33.5,308
2025-04-17,Delhi,Delhi,28.6139,77.209,24.8,50.7,76.9,147.2,1.35,34.1,5.7,33.9,156
2025-04-18,Delhi,Delhi,28.6139,77.209,24.8,61.4,97.4,168.4,1.51,44.4,11.8,39.2,225
2025-04-19,Delhi,Delhi,28.6139,77.209,23.3,41.5,104.3,202.8,1.62,43.3,16.0,36.3,248
2025-04-20,Delhi,Delhi,28.6139,77.209,29.3,40.8,90.4,161.3,1.48,42.8,13.0,44.7,201
2025-04-21,Delhi,Delhi,28.6139,77.209,25.2,54.7,106.3,146.5,1.88,41.8,15.0,14.3,254
2025-04-22,Delhi,Delhi,28.6139,77.209,26.8,55.2,173.8,354.9,2.92,61.9,18.3,20.6,341
2025-04-23,Delhi,Delhi,28.6139,77.209,25.2,57.3,95.3,149.0,1.74,51.8,16.7,44.9,218
2025-04-24,Delhi,Delhi,28.6139,77.209,25.3,50.6,88.0,164.9,1.39,36.3,14.1,24.7,193
2025-04-25,Delhi,Delhi,28.6139,77.209,25.3,47.9,119.7,198.0,1.92,52.3,17.3,38.5,299
2025-04-26,Delhi,Delhi,28.6139,77.209,23.4,54.2,99.8,180.6,1.71,51.7,14.5,36.1,233
2025-04-27,Delhi,Delhi,28.6139,77.209,26.0,51.0,128.6,198.8,1.79,60.6,17.9,26.0,307
2025-04-28,Delhi,Delhi,28.6139,77.209,25.7,64.9,96.0,167.5,1.38,49.5,15.1,18.6,220
2025-04-29,Delhi,Delhi,28.6139,77.209,28.7,51.7,86.7,139.7,1.45,43.6,10.2,35.6,189
2025-04-30,Delhi,Delhi,28.6139,77.209,24.5,53.6,61.1,115.3,1.3,37.9,12.0,52.8,110
2025-05-01,Delhi,Delhi,28.6139,77.209,25.8,71.2,62.6,107.4,0.95,42.3,13.4,31.0,109
2025-05-02,Delhi,Delhi,28.6139,77.209,25.3,52.4,59.0,105.6,1.05,35.4,14.2,31.2,104
2025-05-03,Delhi,Delhi,28.6139,77.209,29.6,57.6,94.9,125.8,1.64,33.3,14.8,32.9,216
2025-05-04,Delhi,Delhi,28.6139,77.209,25.6,58.2,63.9,104.6,1.22,31.3,8.2,47.3,113
2025-05-05,Delhi,Delhi,28.6139,77.209,28.3,58.8,112.2,192.0,1.96,54.1,12.5,35.1,274
2025-05-06,Delhi,Delhi,28.6139,77.209,29.1,55.6,84.6,142.4,1.23,37.3,11.5,36.2,182
2025-05-07,Delhi,Delhi,28.6139,77.209,27.3,54.9,78.6,141.0,1.73,48.9,12.9,50.1,162
2025-05-08,Delhi,Delhi,28.6139,77.209,25.2,54.2,68.0,108.4,1.02,35.4,11.1,41.1,127
2025-05-09,Delhi,Delhi,28.6139,77.209,25.3,49.4,92.5,153.4,1.22,44.1,10.0,26.9,208
2025-05-10,Delhi,Delhi,28.6139,77.209,29.4,55.7,66.7,121.8,1.23,42.1,7.9,33.6,122
2025-05-11,Delhi,Delhi,28.6139,77.209,25.7,67.6,63.2,82.6,1.03,33.1,4.8,47.1,111
2025-05-12,Delhi,Delhi,28.6139,77.209,28.8,61.9,100.4,174.6,1.61,47.2,4.7,39.2,235
2025-05-13,Delhi,Delhi,28.6139,77.209,28.4,55.5,82.3,131.7,1.4,45.7,12.2,27.9,174
2025-05-14,Delhi,Delhi,28.6139,77.209,29.0,59.4,71.2,107.8,1.26,28.0,18.7,28.1,137
2025-05-15,Delhi,Delhi,28.6139,77.209,29.3,47.3,85.0,144.6,1.32,39.5,18.2,32.5,183
2025-05-16,Delhi,Delhi,28.6139,77.209,26.9,51.6,72.8,133.5,1.37,42.3,8.9,28.9,143
2025-05-17,Delhi,Delhi,28.6139,77.209,26.9,60.1,77.7,140.4,1.32,39.3,12.7,22.0,159
2025-05-18,Delhi,Delhi,28.6139,77.209,30.1,63.9,58.7,95.6,1.32,41.6,6.3,36.5,98
2025-05-19,Delhi,Delhi,28.6139,77.209,27.8,48.2,108.8,193.9,1.68,39.4,10.8,29.3,263
2025-05-20,Delhi,Delhi,28.6139,77.209,24.1,50.2,59.7,106.2,1.02,23.0,7.2,31.9,104
2025-05-21,Delhi,Delhi,28.6139,77.209,30.3,68.9,93.7,153.3,1.29,48.6,12.8,55.7,212
2025-05-22,Delhi,Delhi,28.6139,77.209,27.4,54.4,62.6,96.8,1.17,39.2,10.5,38.5,109
2025-05-23,Delhi,Delhi,28.6139,77.209,30.2,66.6,76.4,118.8,1.16,37.3,12.9,42.4,155
2025-05-24,Delhi,Delhi,28.6139,77.209,32.0,55.4,73.6,130.8,1.12,40.0,13.9,50.9,145
2025-05-25,Delhi,Delhi,28.6139,77.209,29.7,55.7,79.0,129.8,1.46,43.7,11.3,40.7,163
2025-05-26,Delhi,Delhi,28.6139,77.209,31.5,52.0,49.9,74.5,0.79,25.1,10.1,51.7,83
2025-05-27,Delhi,Delhi,28.6139,77.209,30.1,60.8,74.3,103.8,1.54,33.5,8.7,46.0,148
2025-05-28,Delhi,Delhi,28.6139,77.209,32.8,63.9,86.0,152.6,1.48,42.7,8.8,47.9,187
2025-05-29,Delhi,Delhi,28.6139,77.209,28.2,47.3,52.8,82.8,1.08,36.3,5.7,64.9,88
2025-05-30,Delhi,Delhi,28.6139,77.209,30.2,52.2,54.9,93.3,0.95,24.6,12.3,53.1,93
2025-05-31,Delhi,Delhi,28.6139,77.209,31.5,61.2,47.3,86.8,1.14,27.9,8.8,40.1,87
2025-06-01,Delhi,Delhi,28.6139,77.209,30.1,54.1,47.8,69.6,1.03,27.8,4.2,49.3,80
2025-06-02,Delhi,Delhi,28.6139,77.209,32.6,51.7,73.1,120.2,1.21,39.9,11.7,41.5,144
2025-06-03,Delhi,Delhi,28.6139,77.209,29.9,62.5,39.1,63.4,0.96,26.4,5.4,50.5,65
2025-06-04,Delhi,Delhi,28.6139,77.209,34.5,63.3,38.4,65.5,0.67,23.0,14.1,43.4,66
2025-06-05,Delhi,Delhi,28.6139,77.209,34.7,52.7,65.2,119.6,0.98,42.3,9.5,43.1,117
2025-06-06,Delhi,Delhi,28.6139,77.209,31.5,57.6,50.7,73.6,0.9,27.0,12.1,51.1,84
2025-06-07,Delhi,Delhi,28.6139,77.209,32.1,47.9,68.0,118.0,1.31,34.0,14.7,55.5,127
2025-06-08,Delhi,Delhi,28.6139,77.209,33.4,50.3,37.2,67.2,0.91,16.4,6.1,56.7,67
2025-06-09,Delhi,Delhi,28.6139,77.209,29.2,57.7,40.7,66.0,1.11,22.7,9.5,52.5,68
2025-06-10,Delhi,Delhi,28.6139,77.209,29.1,57.3,32.8,53.5,0.73,27.6,10.3,49.2,55
2025-06-11,Delhi,Delhi,28.6139,77.209,33.8,50.6,37.6,64.4,1.0,27.9,9.4,54.7,64
2025-06-12,Delhi,Delhi,28.6139,77.209,32.1,52.7,23.6,40.1,0.74,25.1,9.0,48.0,40
2025-06-13,Delhi,Delhi,28.6139,77.209,31.3,50.5,38.6,67.1,0.79,29.7,5.1,55.8,67
2025-06-14,Delhi,Delhi,28.6139,77.209,31.9,61.5,34.0,58.9,0.94,37.4,10.4,58.8,59
2025-06-15,Delhi,Delhi,28.6139,77.209,27.7,44.8,29.7,44.6,0.82,19.0,6.9,43.8,50
2025-06-16,Delhi,Delhi,28.6139,77.209,31.7,51.8,26.1,47.0,0.7,12.6,9.1,50.2,47
2025-06-17,Delhi,Delhi,28.6139,77.209,30.8,46.2,22.1,40.3,0.75,14.8,10.5,62.8,40
2025-06-18,Delhi,Delhi,28.6139,77.209,33.9,62.5,29.7,49.8,0.81,19.3,10.4,54.1,50
2025-06-19,Delhi,Delhi,28.6139,77.209,34.2,47.3,18.3,26.1,0.68,14.0,8.5,56.4,31
2025-06-20,Delhi,Delhi,28.6139,77.209,33.5,60.5,24.8,40.4,0.71,22.5,9.9,58.0,41
2025-06-21,Delhi,Delhi,28.6139,77.209,33.3,72.1,32.5,54.5,0.66,31.9,10.7,52.2,54
2025-06-22,Delhi,Delhi,28.6139,77.209,30.0,72.7,26.4,39.0,0.8,31.7,12.6,41.7,44
2025-06-23,Delhi,Delhi,28.6139,77.209,33.8,48.6,12.6,20.1,0.52,21.0,6.9,58.9,21
2025-06-24,Delhi,Delhi,28.6139,77.209,34.0,63.7,14.2,20.5,0.5,31.4,7.6,55.6,24
2025-06-25,Delhi,Delhi,28.6139,77.209,35.2,55.0,15.9,27.8,0.64,17.0,10.1,72.4,28
2025-06-26,Delhi,Delhi,28.6139,77.209,36.8,54.0,12.9,21.6,0.75,8.3,5.6,66.9,22
2025-06-27,Delhi,Delhi,28.6139,77.209,30.0,61.8,8.6,15.0,0.62,23.1,2.7,45.4,15
2025-06-28,Delhi,Delhi,28.6139,77.209,32.5,71.6,11.2,19.1,0.54,6.6,8.4,59.7,19
2025-06-29,Delhi,Delhi,28.6139,77.209,31.9,67.5,8.9,15.0,0.51,12.3,6.1,55.6,15
2025-06-30,Delhi,Delhi,28.6139,77.209,33.6,58.6,11.7,20.2,0.73,20.9,3.3,66.1,20
2025-07-01,Delhi,Delhi,28.6139,77.209,33.4,68.8,8.0,15.0,0.23,15.9,8.1,51.5,15
2025-07-02,Delhi,Delhi,28.6139,77.209,33.0,48.5,8.0,15.0,0.71,15.4,10.9,56.6,15
2025-07-03,Delhi,Delhi,28.6139,77.209,35.4,59.2,8.0,15.0,0.31,9.5,1.8,58.0,15
2025-07-04,Delhi,Delhi,28.6139,77.209,31.6,59.0,8.0,15.0,0.38,16.5,9.7,53.2,15
2025-07-05,Delhi,Delhi,28.6139,77.209,31.8,65.6,8.0,15.0,0.51,22.6,1.0,45.9,15
2025-07-06,Delhi,Delhi,28.6139,77.209,31.8,63.9,8.0,15.0,0.91,16.7,5.4,57.8,15
2025-07-07,Delhi,Delhi,28.6139,77.209,33.1,64.5,8.0,15.0,0.84,11.6,12.2,58.5,15
2025-07-08,Delhi,Delhi,28.6139,77.209,31.6,64.5,8.0,15.0,0.69,9.1,5.7,63.0,15
2025-07-09,Delhi,Delhi,28.6139,77.209,33.7,66.1,8.0,15.0,0.64,11.7,6.9,56.1,15
2025-07-10,Delhi,Delhi,28.6139,77.209,33.6,69.9,8.0,16.2,0.31,18.9,8.9,52.6,16
2025-07-11,Delhi,Delhi,28.6139,77.209,32.5,67.4,8.0,15.0,0.61,18.6,1.5,60.5,15
2025-07-12,Delhi,Delhi,28.6139,77.209,35.5,64.5,8.0,15.0,0.51,11.8,6.9,52.6,15
2025-07-13,Delhi,Delhi,28.6139,77.209,33.8,69.4,8.0,17.2,0.47,4.0,6.8,65.0,17
2025-07-14,Delhi,Delhi,28.6139,77.209,35.9,72.5,8.0,15.0,0.61,19.1,12.2,68.3,15
2025-07-15,Delhi,Delhi,28.6139,77.209,33.6,62.9,8.0,15.0,0.52,11.2,2.9,66.1,15
2025-07-16,Delhi,Delhi,28.6139,77.209,33.9,66.5,8.0,15.0,0.72,20.7,5.5,59.5,15
2025-07-17,Delhi,Delhi,28.6139,77.209,33.0,75.1,8.0,15.0,0.3,12.0,3.9,51.1,15
2025-07-18,Delhi,Delhi,28.6139,77.209,34.0,59.3,8.0,15.0,0.6,10.6,3.5,57.4,15
2025-07-19,Delhi,Delhi,28.6139,77.209,35.3,79.6,8.0,15.0,0.46,17.5,10.0,61.7,15
2025-07-20,Delhi,Delhi,28.6139,77.209,33.2,57.6,8.0,15.0,0.53,30.7,6.7,50.9,15
2025-07-21,Delhi,Delhi,28.6139,77.209,34.9,64.6,8.0,15.1,0.63,21.1,5.0,68.7,15
2025-07-22,Delhi,Delhi,28.6139,77.209,32.5,60.3,8.0,15.0,0.42,17.4,5.1,58.8,15
2025-07-23,Delhi,Delhi,28.6139,77.209,35.3,82.2,8.0,15.0,0.61,18.7,5.0,51.5,15
2025-07-24,Delhi,Delhi,28.6139,77.209,32.9,63.2,8.0,15.0,0.56,6.1,5.2,69.9,15
2025-07-25,Delhi,Delhi,28.6139,77.209,35.4,63.2,8.0,15.0,0.49,9.8,2.8,59.6,15
2025-07-26,Delhi,Delhi,28.6139,77.209,34.0,63.9,8.0,15.0,0.52,4.0,5.9,47.8,15
2025-07-27,Delhi,Delhi,28.6139,77.209,36.5,67.1,8.0,15.0,0.57,26.9,5.6,54.0,15
2025-07-28,Delhi,Delhi,28.6139,77.209,31.7,63.9,8.0,15.0,0.47,25.7,4.4,64.8,15
2025-07-29,Delhi,Delhi,28.6139,77.209,31.1,65.1,8.0,15.4,0.59,18.9,7.1,66.5,15
2025-07-30,Delhi,Delhi,28.6139,77.209,32.6,41.1,8.0,15.0,0.55,17.4,7.4,62.4,15
2025-07-31,Delhi,Delhi,28.6139,77.209,31.1,66.0,8.0,15.0,0.5,7.3,5.0,62.5,15
2025-08-01,Delhi,Delhi,28.6139,77.209,31.1,65.5,8.0,15.0,0.83,15.2,6.2,61.6,15
2025-08-02,Delhi,Delhi,28.6139,77.209,34.6,72.4,8.0,15.0,0.65,27.3,13.1,62.0,15
2025-08-03,Delhi,Delhi,28.6139,77.209,33.4,74.1,8.0,15.0,0.53,17.3,13.0,58.3,15
2025-08-04,Delhi,Delhi,28.6139,77.209,32.5,63.3,8.0,15.0,0.61,13.2,3.5,58.5,15
2025-08-05,Delhi,Delhi,28.6139,77.209,32.6,70.1,8.0,15.0,0.43,6.0,3.9,60.2,15
2025-08-06,Delhi,Delhi,28.6139,77.209,32.1,56.4,8.3,15.0,0.53,24.9,3.5,47.6,15
2025-08-07,Delhi,Delhi,28.6139,77.209,36.1,69.1,8.9,15.1,0.55,16.4,9.9,65.7,15
2025-08-08,Delhi,Delhi,28.6139,77.209,31.7,59.5,14.9,24.7,0.48,8.2,6.0,63.9,25
2025-08-09,Delhi,Delhi,28.6139,77.209,30.6,54.9,13.0,23.0,0.7,12.6,7.8,49.0,23
2025-08-10,Delhi,Delhi,28.6139,77.209,34.3,61.5,14.1,24.7,0.58,10.9,13.1,54.0,25
2025-08-11,Delhi,Delhi,28.6139,77.209,32.4,72.3,18.3,30.6,0.65,19.1,7.4,56.8,31
2025-08-12,Delhi,Delhi,28.6139,77.209,36.3,63.4,21.0,30.4,0.65,22.0,9.8,53.9,35
2025-08-13,Delhi,Delhi,28.6139,77.209,31.6,72.3,21.5,41.2,1.18,17.9,9.3,40.9,41
2025-08-14,Delhi,Delhi,28.6139,77.209,34.0,56.3,26.9,43.7,0.7,27.3,6.4,63.9,45
2025-08-15,Delhi,Delhi,28.6139,77.209,34.3,68.5,24.3,39.8,0.46,22.2,11.1,51.9,40
2025-08-16,Delhi,Delhi,28.6139,77.209,31.3,56.3,23.7,37.9,0.52,28.0,5.3,50.9,40
2025-08-17,Delhi,Delhi,28.6139,77.209,30.8,62.1,32.2,50.7,0.97,22.2,12.6,44.2,54
2025-08-18,Delhi,Delhi,28.6139,77.209,33.4,61.7,25.6,48.2,0.99,40.5,6.3,64.1,48
2025-08-19,Delhi,Delhi,28.6139,77.209,33.0,64.5,28.0,52.0,0.71,19.6,6.8,59.8,52
2025-08-20,Delhi,Delhi,28.6139,77.209,29.3,61.3,43.0,73.8,1.17,22.3,6.2,43.7,74
2025-08-21,Delhi,Delhi,28.6139,77.209,29.7,54.0,44.5,72.7,1.11,22.1,6.8,36.7,74
2025-08-22,Delhi,Delhi,28.6139,77.209,27.1,65.0,32.7,57.0,0.84,23.2,7.3,40.3,57
2025-08-23,Delhi,Delhi,28.6139,77.209,32.6,70.7,31.2,51.8,0.81,13.7,1.2,56.6,52
2025-08-24,Delhi,Delhi,28.6139,77.209,30.9,54.2,49.8,80.8,1.08,31.7,9.3,49.0,83
2025-08-25,Delhi,Delhi,28.6139,77.209,31.0,45.1,45.1,76.6,1.13,17.0,8.1,49.0,77
2025-08-26,Delhi,Delhi,28.6139,77.209,28.1,61.2,42.3,66.9,1.03,28.5,11.8,45.5,70
2025-08-27,Delhi,Delhi,28.6139,77.209,29.1,55.1,38.3,64.6,0.82,18.1,10.3,51.8,65
2025-08-28,Delhi,Delhi,28.6139,77.209,30.1,56.2,45.9,77.2,0.98,26.4,7.6,46.2,77
2025-08-29,Delhi,Delhi,28.6139,77.209,29.6,60.8,44.1,76.8,1.29,31.7,8.2,49.6,77
2025-08-30,Delhi,Delhi,28.6139,77.209,30.9,53.5,39.7,61.8,0.98,40.5,8.5,40.6,66
2025-08-31,Delhi,Delhi,28.6139,77.209,31.6,54.5,48.9,85.9,1.17,23.2,14.4,69.2,86
2025-09-01,Delhi,Delhi,28.6139,77.209,34.6,55.5,52.1,78.9,1.16,29.8,7.7,50.8,87
2025-09-02,Delhi,Delhi,28.6139,77.209,30.3,66.3,46.7,73.0,1.06,24.6,7.6,48.5,78
2025-09-03,Delhi,Delhi,28.6139,77.209,32.2,56.0,63.7,100.1,1.22,29.2,7.7,52.7,112
2025-09-04,Delhi,Delhi,28.6139,77.209,28.6,46.9,71.4,106.3,1.43,32.6,7.3,38.4,138
2025-09-05,Delhi,Delhi,28.6139,77.209,27.0,47.0,68.4,123.4,1.37,40.8,12.4,39.4,128
2025-09-06,Delhi,Delhi,28.6139,77.209,29.2,56.2,53.4,80.4,1.13,28.2,10.9,44.4,89
2025-09-07,Delhi,Delhi,28.6139,77.209,26.9,47.2,68.8,106.3,1.16,49.5,15.4,31.8,129
2025-09-08,Delhi,Delhi,28.6139,77.209,29.7,44.0,60.8,111.7,1.23,35.9,14.0,47.9,108
2025-09-09,Delhi,Delhi,28.6139,77.209,28.1,59.2,46.6,72.9,1.01,22.9,16.9,30.1,78
2025-09-10,Delhi,Delhi,28.6139,77.209,25.9,59.4,72.6,117.7,1.26,35.0,11.6,51.2,142
2025-09-11,Delhi,Delhi,28.6139,77.209,32.4,52.0,66.1,99.0,1.64,30.3,10.5,54.6,120
2025-09-12,Delhi,Delhi,28.6139,77.209,28.2,56.5,115.7,205.3,1.55,55.8,11.4,41.6,286
2025-09-13,Delhi,Delhi,28.6139,77.209,26.1,55.6,92.0,163.4,1.67,33.6,15.4,21.6,207
2025-09-14,Delhi,Delhi,28.6139,77.209,30.5,58.5,79.6,140.2,1.26,31.4,12.7,37.5,165
2025-09-15,Delhi,Delhi,28.6139,77.209,27.5,58.4,73.3,126.9,1.33,33.9,13.8,50.7,144
2025-09-16,Delhi,Delhi,28.6139,77.209,30.6,35.9,73.3,121.8,1.7,41.6,8.4,77.9,144
2025-09-17,Delhi,Delhi,28.6139,77.209,27.2,52.4,57.8,90.8,1.0,39.9,11.7,50.3,96
2025-09-18,Delhi,Delhi,28.6139,77.209,27.4,57.6,50.0,76.4,0.95,38.3,10.6,50.2,83
2025-09-19,Delhi,Delhi,28.6139,77.209,28.9,51.1,61.6,113.5,1.18,36.9,11.3,47.3,109
2025-09-20,Delhi,Delhi,28.6139,77.209,29.2,54.2,75.0,132.4,1.21,37.5,10.0,35.5,150
2025-09-21,Delhi,Delhi,28.6139,77.209,29.4,59.2,48.5,75.0,1.17,34.3,13.4,53.2,81
2025-09-22,Delhi,Delhi,28.6139,77.209,27.8,54.5,69.5,115.0,1.19,29.4,17.7,31.7,132
2025-09-23,Delhi,Delhi,28.6139,77.209,28.8,64.4,75.3,120.8,1.43,27.0,8.7,31.8,151
2025-09-24,Delhi,Delhi,28.6139,77.209,29.0,61.8,77.0,114.0,1.16,41.2,14.3,31.6,157
2025-09-25,Delhi,Delhi,28.6139,77.209,27.9,53.1,70.8,118.7,1.02,30.6,3.0,48.4,136
2025-09-26,Delhi,Delhi,28.6139,77.209,27.2,52.5,77.1,122.3,1.32,38.3,14.2,38.3,157
2025-09-27,Delhi,Delhi,28.6139,77.209,24.7,34.0,123.1,185.5,1.63,54.1,10.2,31.0,302
2025-09-28,Delhi,Delhi,28.6139,77.209,28.3,51.7,98.8,141.1,1.83,47.1,12.3,38.2,229
2025-09-29,Delhi,Delhi,28.6139,77.209,27.1,44.5,76.5,108.3,1.12,44.1,8.2,29.8,155
2025-09-30,Delhi,Delhi,28.6139,77.209,26.2,55.6,86.3,137.7,1.3,46.6,12.3,30.9,188
2025-10-01,Delhi,Delhi,28.6139,77.209,29.1,55.2,88.2,144.5,1.54,43.4,15.6,35.8,194
2025-10-02,Delhi,Delhi,28.6139,77.209,24.1,59.0,75.9,115.3,1.26,35.6,6.5,22.8,153
2025-10-03,Delhi,Delhi,28.6139,77.209,29.5,64.0,76.8,134.3,1.13,39.2,11.1,38.5,156
2025-10-04,Delhi,Delhi,28.6139,77.209,26.4,54.1,115.0,188.7,2.08,47.2,13.7,25.1,283
2025-10-05,Delhi,Delhi,28.6139,77.209,26.9,70.3,85.0,147.6,1.29,40.0,17.5,42.2,183
2025-10-06,Delhi,Delhi,28.6139,77.209,25.5,56.0,74.1,120.2,1.29,53.4,13.2,41.7,147
2025-10-07,Delhi,Delhi,28.6139,77.209,23.1,45.3,94.5,144.7,1.52,45.3,10.0,20.1,215
2025-10-08,Delhi,Delhi,28.6139,77.209,25.7,50.6,99.0,165.0,1.71,48.4,12.5,31.9,230
2025-10-09,Delhi,Delhi,28.6139,77.209,26.4,52.0,63.2,92.3,1.27,30.0,15.7,53.8,111
2025-10-10,Delhi,Delhi,28.6139,77.209,26.9,58.8,97.7,169.1,1.46,51.4,16.0,28.5,226
2025-10-11,Delhi,Delhi,28.6139,77.209,25.2,48.1,120.6,182.1,1.79,57.2,12.9,34.7,300
2025-10-12,Delhi,Delhi,28.6139,77.209,21.5,52.7,111.2,198.8,1.7,54.2,14.1,27.2,271
2025-10-13,Delhi,Delhi,28.6139,77.209,22.6,53.8,166.2,265.8,2.46,68.5,18.6,31.2,336
2025-10-14,Delhi,Delhi,28.6139,77.209,28.9,51.8,135.4,244.9,1.83,63.5,15.2,38.1,312
2025-10-15,Delhi,Delhi,28.6139,77.209,23.1,60.7,142.8,211.6,2.39,67.3,12.3,22.3,318
2025-10-16,Delhi,Delhi,28.6139,77.209,27.6,59.6,194.2,300.7,2.54,77.8,19.5,28.2,357
2025-10-17,Delhi,Delhi,28.6139,77.209,23.2,63.4,125.1,213.6,1.89,53.4,20.2,28.2,304
2025-10-18,Delhi,Delhi,28.6139,77.209,24.4,53.0,110.8,202.4,1.56,54.8,13.7,30.2,269
2025-10-19,Delhi,Delhi,28.6139,77.209,25.7,63.8,133.8,254.1,1.79,51.4,16.4,20.3,311
2025-10-20,Delhi,Delhi,28.6139,77.209,23.0,46.0,96.4,159.6,1.44,40.5,14.1,40.1,221
2025-10-21,Delhi,Delhi,28.6139,77.209,27.2,45.9,112.6,216.9,1.61,49.7,21.7,43.9,275
2025-10-22,Delhi,Delhi,28.6139,77.209,24.4,47.2,96.3,154.7,1.51,34.4,13.7,24.0,221
2025-10-23,Delhi,Delhi,28.6139,77.209,25.0,55.9,122.3,221.9,1.71,58.1,19.1,28.3,302
2025-10-24,Delhi,Delhi,28.6139,77.209,23.5,64.3,97.9,147.7,1.69,39.6,12.0,29.1,226
2025-10-25,Delhi,Delhi,28.6139,77.209,25.1,51.8,98.0,167.9,1.47,42.5,13.1,24.1,227
2025-10-26,Delhi,Delhi,28.6139,77.209,26.6,52.8,126.0,163.6,1.77,53.0,16.1,18.1,305
2025-10-27,Delhi,Delhi,28.6139,77.209,23.4,54.7,112.6,166.8,1.69,50.3,12.7,23.9,275
2025-10-28,Delhi,Delhi,28.6139,77.209,26.7,60.3,76.6,131.7,1.5,36.4,11.5,35.1,155
2025-10-29,Delhi,Delhi,28.6139,77.209,22.3,53.0,85.7,124.5,1.48,41.0,15.5,18.6,186
2025-10-30,Delhi,Delhi,28.6139,77.209,24.7,52.7,92.4,158.4,1.51,43.2,11.0,34.7,208
2025-10-31,Delhi,Delhi,28.6139,77.209,24.1,47.2,98.8,176.4,1.38,42.9,13.9,40.9,229
2025-11-01,Delhi,Delhi,28.6139,77.209,21.1,52.7,132.4,208.6,1.8,51.7,18.7,30.3,310
2025-11-02,Delhi,Delhi,28.6139,77.209,23.3,65.0,127.9,192.4,1.73,61.4,13.8,26.5,306
2025-11-03,Delhi,Delhi,28.6139,77.209,22.9,57.5,155.2,245.1,2.42,51.0,21.7,9.3,327
2025-11-04,Delhi,Delhi,28.6139,77.209,21.2,51.8,146.0,219.8,2.2,59.5,17.9,28.0,320
2025-11-05,Delhi,Delhi,28.6139,77.209,23.3,65.7,157.9,258.1,2.12,61.7,18.1,25.6,329
2025-11-06,Delhi,Delhi,28.6139,77.209,22.8,53.1,143.6,239.2,2.01,62.5,11.5,28.4,318
2025-11-07,Delhi,Delhi,28.6139,77.209,22.3,67.2,132.5,212.6,1.85,47.7,15.5,40.8,310
2025-11-08,Delhi,Delhi,28.6139,77.209,22.1,67.2,162.4,308.7,2.17,63.0,20.1,15.6,333
2025-11-09,Delhi,Delhi,28.6139,77.209,22.0,57.8,157.2,242.4,2.32,63.7,23.8,8.0,329
2025-11-10,Delhi,Delhi,28.6139,77.209,21.4,47.0,140.5,261.1,2.02,65.4,18.9,14.8,316
2025-11-11,Delhi,Delhi,28.6139,77.209,22.2,73.7,172.2,257.3,2.73,71.1,23.2,25.2,340
2025-11-12,Delhi,Delhi,28.6139,77.209,20.7,60.4,78.2,130.0,1.56,31.9,8.6,28.5,161
2025-11-13,Delhi,Delhi,28.6139,77.209,26.5,55.5,123.8,226.3,2.07,50.7,15.5,23.3,303
2025-11-14,Delhi,Delhi,28.6139,77.209,19.1,64.6,124.2,226.0,1.98,59.1,19.6,9.8,303
2025-11-15,Delhi,Delhi,28.6139,77.209,20.5,62.9,172.3,273.5,2.35,61.9,17.1,15.7,340
2025-11-16,Delhi,Delhi,28.6139,77.209,20.5,67.3,190.2,329.6,2.7,74.4,24.1,8.0,354
2025-11-17,Delhi,Delhi,28.6139,77.209,25.0,53.5,98.4,168.6,1.54,45.4,16.1,37.3,228
2025-11-18,Delhi,Delhi,28.6139,77.209,18.8,60.5,185.9,291.7,2.81,71.2,21.7,11.3,351
2025-11-19,Delhi,Delhi,28.6139,77.209,21.9,50.0,106.0,184.6,1.74,64.1,13.5,22.4,253
2025-11-20,Delhi,Delhi,28.6139,77.209,21.5,63.1,107.3,207.0,1.73,45.9,11.6,20.5,258
2025-11-21,Delhi,Delhi,28.6139,77.209,21.5,58.3,131.8,226.7,1.98,58.9,21.9,26.3,309
2025-11-22,Delhi,Delhi,28.6139,77.209,23.0,60.6,130.1,225.7,2.21,51.0,18.3,27.2,308
2025-11-23,Delhi,Delhi,28.6139,77.209,22.9,57.6,99.6,174.4,1.39,49.0,15.0,31.3,232
2025-11-24,Delhi,Delhi,28.6139,77.209,19.8,57.0,162.8,232.9,2.58,71.3,17.8,19.9,333
2025-11-25,Delhi,Delhi,28.6139,77.209,20.9,52.8,164.8,283.2,2.3,63.2,19.3,19.4,334
2025-11-26,Delhi,Delhi,28.6139,77.209,17.1,64.4,179.9,269.4,2.29,71.2,20.9,8.0,346
2025-11-27,Delhi,Delhi,28.6139,77.209,20.5,69.4,130.4,203.5,1.84,50.3,17.6,17.0,308
2025-11-28,Delhi,Delhi,28.6139,77.209,18.8,55.2,142.9,282.1,1.84,52.9,19.6,15.7,318
2025-11-29,Delhi,Delhi,28.6139,77.209,19.8,63.0,143.9,232.0,2.2,66.3,15.2,36.9,318
2025-11-30,Delhi,Delhi,28.6139,77.209,17.0,62.2,211.0,324.8,2.69,78.2,18.5,8.0,370
2025-12-01,Delhi,Delhi,28.6139,77.209,20.7,59.3,78.4,142.9,1.4,24.6,12.5,25.0,161
2025-12-02,Delhi,Delhi,28.6139,77.209,16.9,48.7,119.1,179.5,1.99,62.7,10.3,18.9,297
2025-12-03,Delhi,Delhi,28.6139,77.209,20.1,50.3,147.8,234.0,2.04,56.5,16.9,17.9,321
2025-12-04,Delhi,Delhi,28.6139,77.209,17.5,54.0,116.8,214.6,1.76,49.9,13.8,28.0,289
2025-12-05,Delhi,Delhi,28.6139,77.209,18.1,44.6,140.7,233.1,1.87,68.9,18.7,15.5,316
2025-12-06,Delhi,Delhi,28.6139,77.209,21.7,69.5,145.5,206.0,2.06,59.7,23.6,21.3,320
2025-12-07,Delhi,Delhi,28.6139,77.209,20.6,62.3,130.0,225.1,2.33,54.6,10.6,29.4,308
2025-12-08,Delhi,Delhi,28.6139,77.209,21.5,59.6,153.0,243.3,2.32,55.6,25.1,36.6,325
2025-12-09,Delhi,Delhi,28.6139,77.209,22.2,44.5,173.9,327.0,2.39,59.8,19.2,32.4,341
2025-12-10,Delhi,Delhi,28.6139,77.209,17.9,47.1,144.3,225.0,2.01,59.2,18.6,16.1,319
2025-12-11,Delhi,Delhi,28.6139,77.209,21.9,59.9,138.1,249.6,2.03,60.4,12.8,23.9,314
2025-12-12,Delhi,Delhi,28.6139,77.209,16.5,73.8,147.7,283.0,2.16,63.1,20.8,15.1,321
2025-12-13,Delhi,Delhi,28.6139,77.209,20.4,55.2,153.4,233.6,2.14,60.2,18.4,21.5,326
2025-12-14,Delhi,Delhi,28.6139,77.209,18.1,66.2,105.2,170.5,1.75,47.8,14.2,14.7,251
2025-12-15,Delhi,Delhi,28.6139,77.209,17.3,56.8,171.3,292.6,2.26,57.8,13.9,21.0,339
2025-12-16,Delhi,Delhi,28.6139,77.209,20.0,60.6,140.6,213.8,1.92,61.7,17.5,22.6,316
2025-12-17,Delhi,Delhi,28.6139,77.209,20.6,68.8,205.5,347.4,2.84,80.7,25.0,15.0,366
2025-12-18,Delhi,Delhi,28.6139,77.209,20.4,57.9,177.9,287.5,2.3,82.8,19.5,8.0,345
2025-12-19,Delhi,Delhi,28.6139,77.209,19.1,55.5,202.6,326.9,2.86,78.9,25.7,13.8,364
2025-12-20,Delhi,Delhi,28.6139,77.209,18.9,70.3,125.7,208.4,1.89,48.6,19.5,8.0,304
2025-12-21,Delhi,Delhi,28.6139,77.209,19.6,60.8,145.1,241.0,1.84,60.1,15.7,15.2,319
2025-12-22,Delhi,Delhi,28.6139,77.209,19.1,68.1,120.1,201.2,1.85,50.5,20.4,17.1,300
2025-12-23,Delhi,Delhi,28.6139,77.209,19.5,55.7,135.5,211.5,1.75,60.0,17.0,23.0,312
2025-12-24,Delhi,Delhi,28.6139,77.209,18.9,70.4,209.0,327.4,2.93,81.0,22.9,27.3,368
2025-12-25,Delhi,Delhi,28.6139,77.209,20.0,62.5,220.6,360.0,2.91,77.0,23.9,17.5,377
2025-12-26,Delhi,Delhi,28.6139,77.209,15.5,63.7,123.8,203.4,2.15,43.8,16.1,27.0,303
2025-12-27,Delhi,Delhi,28.6139,77.209,18.1,61.6,144.4,228.7,2.26,61.8,9.7,22.7,319
2025-12-28,Delhi,Delhi,28.6139,77.209,15.8,57.2,157.3,267.3,2.09,72.6,18.0,21.6,329
2025-12-29,Delhi,Delhi,28.6139,77.209,18.8,60.7,182.3,251.2,2.22,72.8,16.5,29.7,348
2025-12-30,Delhi,Delhi,28.6139,77.209,21.2,57.7,109.0,167.9,1.6,53.8,19.6,20.2,263
2025-12-31,Delhi,Delhi,28.6139,77.209,17.4,67.5,113.0,181.8,1.57,56.2,19.8,13.1,277
2024-01-01,Pune,Maharashtra,18.5204,73.8567,19.4,64.5,85.3,145.0,1.35,40.4,16.8,29.2,184
2024-01-02,Pune,Maharashtra,18.5204,73.8567,21.4,55.9,73.7,134.8,1.27,35.8,9.8,35.8,146
2024-01-03,Pune,Maharashtra,18.5204,73.8567,17.9,64.9,77.5,125.2,1.23,35.5,14.7,16.8,158
2024-01-04,Pune,Maharashtra,18.5204,73.8567,20.2,62.4,70.0,106.4,1.38,31.8,10.2,26.1,133
2024-01-05,Pune,Maharashtra,18.5204,73.8567,18.7,53.2,64.9,105.4,1.24,30.0,13.2,34.3,116
2024-01-06,Pune,Maharashtra,18.5204,73.8567,19.5,66.9,105.8,188.2,1.82,57.9,16.9,23.1,253
2024-01-07,Pune,Maharashtra,18.5204,73.8567,19.2,49.1,58.2,85.3,1.06,29.3,14.4,15.7,97
2024-01-08,Pune,Maharashtra,18.5204,73.8567,17.6,57.6,86.3,149.9,1.78,28.8,11.4,32.5,188
2024-01-09,Pune,Maharashtra,18.5204,73.8567,18.6,56.9,83.3,129.0,1.14,33.7,15.7,22.7,178
2024-01-10,Pune,Maharashtra,18.5204,73.8567,19.3,52.2,52.5,88.5,0.85,36.4,4.6,37.3,88
2024-01-11,Pune,Maharashtra,18.5204,73.8567,18.8,60.1,61.9,96.9,1.45,32.3,14.8,15.8,106
2024-01-12,Pune,Maharashtra,18.5204,73.8567,21.8,67.2,64.3,100.6,1.29,33.8,11.1,30.5,114
2024-01-13,Pune,Maharashtra,18.5204,73.8567,20.8,66.7,84.2,158.2,1.49,48.0,12.7,32.0,181
2024-01-14,Pune,Maharashtra,18.5204,73.8567,19.5,63.1,68.6,98.7,1.33,31.3,5.4,26.7,129
2024-01-15,Pune,Maharashtra,18.5204,73.8567,17.6,46.1,73.0,125.8,1.4,41.2,10.7,14.4,143
2024-01-16,Pune,Maharashtra,18.5204,73.8567,17.5,48.6,54.0,103.1,1.14,27.3,14.4,8.0,102
2024-01-17,Pune,Maharashtra,18.5204,73.8567,22.6,59.2,124.1,217.5,1.73,57.2,14.6,38.9,303
2024-01-18,Pune,Maharashtra,18.5204,73.8567,17.2,57.8,75.5,109.6,1.46,35.8,14.2,24.9,152
2024-01-19,Pune,Maharashtra,18.5204,73.8567,19.2,54.5,83.0,120.9,1.52,39.1,12.7,34.8,177
2024-01-20,Pune,Maharashtra,18.5204,73.8567,19.7,71.3,66.0,101.4,1.45,40.0,14.5,35.3,120
2024-01-21,Pune,Maharashtra,18.5204,73.8567,18.5,58.7,64.3,107.7,1.48,39.1,11.7,30.9,114
2024-01-22,Pune,Maharashtra,18.5204,73.8567,17.2,61.8,113.0,190.3,1.81,49.2,12.2,16.7,277
2024-01-23,Pune,Maharashtra,18.5204,73.8567,17.7,64.9,48.6,71.0,0.86,26.7,10.1,30.3,81
2024-01-24,Pune,Maharashtra,18.5204,73.8567,18.1,58.4,78.8,119.7,1.64,48.8,17.1,35.5,163
2024-01-25,Pune,Maharashtra,18.5204,73.8567,17.8,76.1,56.7,86.6,0.98,35.7,12.0,26.5,94
2024-01-26,Pune,Maharashtra,18.5204,73.8567,21.5,51.4,67.6,109.7,1.3,33.3,11.1,45.9,125
2024-01-27,Pune,Maharashtra,18.5204,73.8567,19.1,53.8,64.2,125.0,1.17,30.6,17.9,15.2,117
2024-01-28,Pune,Maharashtra,18.5204,73.8567,18.2,51.4,59.4,89.6,1.09,39.1,14.2,13.4,99
2024-01-29,Pune,Maharashtra,18.5204,73.8567,19.4,68.9,74.2,111.6,1.44,38.4,14.4,34.5,147
2024-01-30,Pune,Maharashtra,18.5204,73.8567,20.4,63.6,41.8,61.9,1.0,26.4,10.3,25.0,70
2024-01-31,Pune,Maharashtra,18.5204,73.8567,18.6,54.2,68.5,119.5,1.34,36.6,13.7,42.3,128
2024-02-01,Pune,Maharashtra,18.5204,73.8567,20.9,52.0,71.8,118.1,1.18,39.0,14.0,40.0,139
2024-02-02,Pune,Maharashtra,18.5204,73.8567,17.0,67.7,54.2,82.2,1.08,31.0,3.8,37.5,90
2024-02-03,Pune,Maharashtra,18.5204,73.8567,21.5,60.5,101.8,162.5,1.52,53.8,15.3,34.3,239
2024-02-04,Pune,Maharashtra,18.5204,73.8567,19.4,67.9,63.9,97.9,1.18,42.0,10.6,20.3,113
2024-02-05,Pune,Maharashtra,18.5204,73.8567,19.4,57.6,69.0,116.9,1.25,39.3,10.0,13.8,130
2024-02-06,Pune,Maharashtra,18.5204,73.8567,18.2,61.6,63.7,130.7,1.48,42.6,10.5,37.8,120
2024-02-07,Pune,Maharashtra,18.5204,73.8567,17.3,60.1,71.1,123.1,1.25,36.8,7.0,11.6,137
2024-02-08,Pune,Maharashtra,18.5204,73.8567,16.6,53.6,96.2,157.5,1.25,48.9,8.3,32.6,221
2024-02-09,Pune,Maharashtra,18.5204,73.8567,18.3,57.0,124.0,192.3,2.09,59.7,19.7,25.2,303
2024-02-10,Pune,Maharashtra,18.5204,73.8567,20.7,49.7,84.6,122.5,1.51,47.2,14.2,27.1,182
2024-02-11,Pune,Maharashtra,18.5204,73.8567,18.0,61.5,91.0,160.1,1.49,48.6,6.0,26.3,203
2024-02-12,Pune,Maharashtra,18.5204,73.8567,17.0,63.3,104.1,182.5,1.59,51.1,12.6,23.5,247
2024-02-13,Pune,Maharashtra,18.5204,73.8567,18.2,64.9,75.2,118.8,1.19,49.8,14.7,23.0,151
2024-02-14,Pune,Maharashtra,18.5204,73.8567,19.2,62.7,100.2,183.6,1.9,42.8,13.2,35.1,234
2024-02-15,Pune,Maharashtra,18.5204,73.8567,19.4,57.1,84.2,139.2,1.44,40.0,16.5,36.7,181
2024-02-16,Pune,Maharashtra,18.5204,73.8567,19.8,68.9,72.8,128.5,1.05,36.0,15.0,28.7,143
2024-02-17,Pune,Maharashtra,18.5204,73.8567,22.0,64.2,75.9,128.6,1.39,36.1,8.0,25.7,153
2024-02-18,Pune,Maharashtra,18.5204,73.8567,22.4,67.7,46.9,76.1,1.2,17.1,9.3,44.6,78
2024-02-19,Pune,Maharashtra,18.5204,73.8567,23.8,68.2,74.4,112.1,1.35,46.1,10.6,17.5,148
2024-02-20,Pune,Maharashtra,18.5204,73.8567,17.4,57.1,49.5,80.6,0.91,23.7,5.8,29.4,82
2024-02-21,Pune,Maharashtra,18.5204,73.8567,18.8,60.7,48.4,86.0,0.89,30.5,5.5,34.2,86
2024-02-22,Pune,Maharashtra,18.5204,73.8567,21.7,63.4,71.9,113.2,1.16,28.5,9.3,23.9,140
2024-02-23,Pune,Maharashtra,18.5204,73.8567,19.7,50.0,53.7,92.2,1.33,34.9,8.4,36.9,92
2024-02-24,Pune,Maharashtra,18.5204,73.8567,22.1,50.1,68.3,101.6,1.25,31.1,12.3,31.4,128
2024-02-25,Pune,Maharashtra,18.5204,73.8567,21.0,48.9,70.2,124.0,1.03,29.6,14.7,25.3,134
2024-02-26,Pune,Maharashtra,18.5204,73.8567,23.6,57.2,70.6,119.8,1.34,37.8,13.2,41.4,135
2024-02-27,Pune,Maharashtra,18.5204,73.8567,22.7,55.7,55.3,81.3,1.14,27.5,12.7,25.1,92
2024-02-28,Pune,Maharashtra,18.5204,73.8567,22.8,48.0,81.9,132.3,1.34,36.8,11.7,38.3,173
2024-02-29,Pune,Maharashtra,18.5204,73.8567,20.3,59.0,65.6,117.3,1.08,36.0,13.1,13.0,119
2024-03-01,Pune,Maharashtra,18.5204,73.8567,20.9,57.3,73.3,107.1,1.16,42.3,11.4,31.4,144
2024-03-02,Pune,Maharashtra,18.5204,73.8567,20.6,66.3,50.9,75.8,1.23,25.4,8.7,31.3,85
2024-03-03,Pune,Maharashtra,18.5204,73.8567,18.5,72.1,63.4,103.9,1.24,28.3,16.8,22.0,111
2024-03-04,Pune,Maharashtra,18.5204,73.8567,24.0,61.2,83.5,164.4,1.5,40.8,5.7,36.2,178
2024-03-05,Pune,Maharashtra,18.5204,73.8567,22.8,53.1,80.7,125.1,1.43,43.1,6.8,30.7,169
2024-03-06,Pune,Maharashtra,18.5204,73.8567,20.9,62.5,54.4,93.8,1.15,40.2,11.5,39.4,94
2024-03-07,Pune,Maharashtra,18.5204,73.8567,24.0,58.1,57.2,96.6,1.07,25.9,9.8,40.1,97
2024-03-08,Pune,Maharashtra,18.5204,73.8567,20.6,56.3,51.6,80.6,1.04,28.6,5.8,34.4,86
2024-03-09,Pune,Maharashtra,18.5204,73.8567,18.5,52.0,55.2,92.4,1.29,38.7,7.3,29.4,92
2024-03-10,Pune,Maharashtra,18.5204,73.8567,23.7,54.8,46.6,73.8,1.23,40.8,7.0,32.5,78
2024-03-11,Pune,Maharashtra,18.5204,73.8567,19.7,56.8,61.2,97.6,1.0,27.6,13.6,26.0,104
2024-03-12,Pune,Maharashtra,18.5204,73.8567,21.8,63.6,72.0,100.9,1.27,32.6,15.4,32.6,140
2024-03-13,Pune,Maharashtra,18.5204,73.8567,22.6,61.6,52.4,86.3,1.21,33.1,15.1,32.5,87
2024-03-14,Pune,Maharashtra,18.5204,73.8567,23.0,70.8,60.7,108.3,1.46,30.0,6.1,42.6,106
2024-03-15,Pune,Maharashtra,18.5204,73.8567,23.9,62.7,58.6,97.2,1.42,28.2,6.6,36.2,98
2024-03-16,Pune,Maharashtra,18.5204,73.8567,23.6,61.0,77.1,139.8,1.24,40.1,7.9,36.0,157
2024-03-17,Pune,Maharashtra,18.5204,73.8567,23.6,55.9,53.1,92.2,1.28,40.3,14.1,24.2,92
2024-03-18,Pune,Maharashtra,18.5204,73.8567,21.3,50.7,53.2,87.2,1.1,23.2,11.5,39.3,89
2024-03-19,Pune,Maharashtra,18.5204,73.8567,23.4,54.0,49.8,77.4,1.21,38.9,10.2,30.8,83
2024-03-20,Pune,Maharashtra,18.5204,73.8567,20.2,53.1,46.3,73.1,1.13,25.4,10.4,22.4,77
2024-03-21,Pune,Maharashtra,18.5204,73.8567,25.9,40.1,66.4,94.9,1.05,37.3,11.1,50.9,121
2024-03-22,Pune,Maharashtra,18.5204,73.8567,20.6,50.9,57.0,91.7,1.22,41.8,7.2,35.9,95
2024-03-23,Pune,Maharashtra,18.5204,73.8567,22.6,69.2,59.0,98.6,1.31,34.8,12.3,41.2,99
2024-03-24,Pune,Maharashtra,18.5204,73.8567,21.0,60.6,76.6,146.1,1.35,36.7,11.6,32.6,155
2024-03-25,Pune,Maharashtra,18.5204,73.8567,22.2,55.4,77.0,133.1,1.32,42.9,8.6,30.0,157
2024-03-26,Pune,Maharashtra,18.5204,73.8567,23.6,60.8,39.7,60.3,0.71,25.7,10.9,34.6,66
2024-03-27,Pune,Maharashtra,18.5204,73.8567,22.8,44.3,65.2,93.6,1.33,38.0,9.9,39.1,117
2024-03-28,Pune,Maharashtra,18.5204,73.8567,25.9,60.0,59.0,95.5,1.19,31.7,11.4,47.6,98
2024-03-29,Pune,Maharashtra,18.5204,73.8567,24.4,67.0,50.3,89.2,0.92,35.3,9.7,36.4,89
2024-03-30,Pune,Maharashtra,18.5204,73.8567,23.2,57.2,59.4,96.1,1.11,24.6,13.4,50.8,99
2024-03-31,Pune,Maharashtra,18.5204,73.8567,23.9,45.6,37.5,64.9,0.94,19.9,9.7,36.0,65
2024-04-01,Pune,Maharashtra,18.5204,73.8567,26.5,55.1,75.0,121.8,1.25,29.6,9.4,26.7,150
2024-04-02,Pune,Maharashtra,18.5204,73.8567,26.1,67.0,60.4,106.2,1.17,33.0,11.8,24.9,104
2024-04-03,Pune,Maharashtra,18.5204,73.8567,22.5,59.8,44.2,62.4,0.73,19.0,10.6,21.1,74
2024-04-04,Pune,Maharashtra,18.5204,73.8567,23.4,48.1,46.6,88.2,1.22,24.8,11.3,32.5,88
2024-04-05,Pune,Maharashtra,18.5204,73.8567,25.6,74.6,36.2,53.6,0.9,18.9,12.0,38.5,60
2024-04-06,Pune,Maharashtra,18.5204,73.8567,25.5,49.2,48.7,86.1,0.88,38.5,8.0,44.4,86
2024-04-07,Pune,Maharashtra,18.5204,73.8567,23.1,56.3,46.5,74.8,0.65,22.9,11.7,35.1,78
2024-04-08,Pune,Maharashtra,18.5204,73.8567,26.5,50.8,38.3,62.5,1.08,18.5,3.9,48.3,64
2024-04-09,Pune,Maharashtra,18.5204,73.8567,23.6,50.8,60.3,97.2,1.25,34.8,10.5,35.2,101
2024-04-10,Pune,Maharashtra,18.5204,73.8567,27.7,54.9,66.7,112.5,1.27,45.4,10.5,40.8,122
2024-04-11,Pune,Maharashtra,18.5204,73.8567,26.4,62.5,49.6,85.2,1.18,29.2,14.3,35.7,85
2024-04-12,Pune,Maharashtra,18.5204,73.8567,23.6,67.1,46.2,83.6,1.14,28.6,9.2,47.5,84
2024-04-13,Pune,Maharashtra,18.5204,73.8567,24.8,55.4,53.9,100.2,1.13,39.0,12.1,25.0,100
2024-04-14,Pune,Maharashtra,18.5204,73.8567,24.9,51.0,48.3,82.1,1.0,34.7,4.6,40.4,82
2024-04-15,Pune,Maharashtra,18.5204,73.8567,26.3,61.4,37.8,72.2,0.86,28.7,8.0,39.8,72
2024-04-16,Pune,Maharashtra,18.5204,73.8567,25.7,61.6,41.2,68.5,1.02,23.7,6.8,46.3,69
2024-04-17,Pune,Maharashtra,18.5204,73.8567,24.2,59.8,44.1,79.9,1.2,30.9,17.0,37.1,80
2024-04-18,Pune,Maharashtra,18.5204,73.8567,23.8,60.0,49.2,84.4,1.03,21.6,7.9,36.3,84
2024-04-19,Pune,Maharashtra,18.5204,73.8567,27.5,57.3,46.2,72.5,1.24,25.1,9.9,40.2,77
2024-04-20,Pune,Maharashtra,18.5204,73.8567,27.1,58.8,47.8,80.2,1.09,37.9,10.2,52.7,80
2024-04-21,Pune,Maharashtra,18.5204,73.8567,26.9,56.9,32.3,55.8,0.92,32.2,3.8,42.8,56
2024-04-22,Pune,Maharashtra,18.5204,73.8567,27.3,65.7,51.8,85.2,1.44,33.2,8.6,57.3,86
2024-04-23,Pune,Maharashtra,18.5204,73.8567,25.8,73.8,44.3,75.8,1.24,16.6,10.8,42.1,76
2024-04-24,Pune,Maharashtra,18.5204,73.8567,27.4,59.5,76.8,136.6,1.6,31.3,12.4,39.3,156
2024-04-25,Pune,Maharashtra,18.5204,73.8567,31.8,58.2,39.8,65.5,0.82,22.6,2.3,48.7,66
2024-04-26,Pune,Maharashtra,18.5204,73.8567,29.4,60.0,46.0,55.6,1.34,27.7,8.0,50.0,77
2024-04-27,Pune,Maharashtra,18.5204,73.8567,26.9,53.7,78.9,150.0,1.36,31.7,15.4,33.5,163
2024-04-28,Pune,Maharashtra,18.5204,73.8567,26.6,63.7,43.7,70.1,0.95,26.5,11.3,42.4,73
2024-04-29,Pune,Maharashtra,18.5204,73.8567,22.5,61.4,40.8,62.2,0.63,37.6,12.9,35.0,68
2024-04-30,Pune,Maharashtra,18.5204,73.8567,29.7,55.4,32.9,48.7,0.91,26.9,5.7,49.9,55
2024-05-01,Pune,Maharashtra,18.5204,73.8567,29.3,64.7,56.5,90.4,0.97,33.4,14.4,47.1,94
2024-05-02,Pune,Maharashtra,18.5204,73.8567,27.1,58.6,30.9,48.4,0.9,17.8,8.3,46.4,52
2024-05-03,Pune,Maharashtra,18.5204,73.8567,25.6,51.7,43.3,66.6,0.81,18.0,14.2,40.4,72
2024-05-04,Pune,Maharashtra,18.5204,73.8567,26.2,61.0,35.1,54.3,1.16,17.9,8.8,54.0,58
2024-05-05,Pune,Maharashtra,18.5204,73.8567,29.2,60.2,36.8,63.7,0.99,15.7,2.8,49.4,64
2024-05-06,Pune,Maharashtra,18.5204,73.8567,28.4,65.4,27.7,54.2,1.15,23.3,10.8,66.4,54
2024-05-07,Pune,Maharashtra,18.5204,73.8567,29.9,64.5,50.3,89.1,0.91,32.4,8.7,46.2,89
2024-05-08,Pune,Maharashtra,18.5204,73.8567,28.9,58.0,34.7,63.1,1.12,19.3,7.6,53.5,63
2024-05-09,Pune,Maharashtra,18.5204,73.8567,30.6,55.5,27.8,44.4,0.54,23.8,3.9,43.4,46
2024-05-10,Pune,Maharashtra,18.5204,73.8567,29.7,58.9,47.2,78.7,1.06,37.9,14.6,56.9,79
2024-05-11,Pune,Maharashtra,18.5204,73.8567,30.6,61.5,31.6,54.2,0.76,35.9,7.0,43.2,54
2024-05-12,Pune,Maharashtra,18.5204,73.8567,25.5,62.5,37.5,58.1,0.85,30.6,13.7,43.7,62
2024-05-13,Pune,Maharashtra,18.5204,73.8567,27.1,61.3,41.3,65.4,0.88,26.2,8.0,40.2,69
2024-05-14,Pune,Maharashtra,18.5204,73.8567,28.8,58.6,37.5,66.6,0.78,30.4,6.2,49.0,67
2024-05-15,Pune,Maharashtra,18.5204,73.8567,31.5,66.4,20.5,37.1,0.54,28.7,11.6,49.5,37
2024-05-16,Pune,Maharashtra,18.5204,73.8567,33.1,54.8,38.1,63.2,0.86,14.1,8.8,45.8,64
2024-05-17,Pune,Maharashtra,18.5204,73.8567,29.5,77.0,31.4,46.2,0.87,32.9,8.3,44.9,52
2024-05-18,Pune,Maharashtra,18.5204,73.8567,28.8,65.1,29.3,47.1,1.0,20.1,4.5,58.5,49
2024-05-19,Pune,Maharashtra,18.5204,73.8567,26.5,52.0,30.2,43.4,0.88,20.5,7.0,46.2,50
2024-05-20,Pune,Maharashtra,18.5204,73.8567,31.7,61.3,21.3,35.4,0.91,18.7,9.0,41.3,36
2024-05-21,Pune,Maharashtra,18.5204,73.8567,29.3,65.6,31.1,52.5,0.62,25.9,4.6,55.5,52
2024-05-22,Pune,Maharashtra,18.5204,73.8567,35.7,57.9,21.7,34.9,0.68,14.3,6.1,50.9,36
2024-05-23,Pune,Maharashtra,18.5204,73.8567,29.2,50.1,26.9,45.4,0.91,20.9,6.9,53.0,45
2024-05-24,Pune,Maharashtra,18.5204,73.8567,34.4,53.4,29.0,49.7,0.87,26.4,8.5,59.6,50
2024-05-25,Pune,Maharashtra,18.5204,73.8567,32.1,64.7,34.7,58.7,0.76,26.4,13.2,55.8,59
2024-05-26,Pune,Maharashtra,18.5204,73.8567,29.0,48.8,22.4,32.9,0.89,23.5,6.9,62.0,37
2024-05-27,Pune,Maharashtra,18.5204,73.8567,31.4,51.2,36.0,58.1,0.82,23.6,6.8,43.0,60
2024-05-28,Pune,Maharashtra,18.5204,73.8567,32.5,65.3,31.5,53.9,0.73,28.2,16.8,56.7,54
2024-05-29,Pune,Maharashtra,18.5204,73.8567,30.8,60.2,22.7,42.8,0.82,27.6,6.5,60.1,43
2024-05-30,Pune,Maharashtra,18.5204,73.8567,32.8,57.1,19.0,30.6,0.71,26.1,6.9,48.5,32
2024-05-31,Pune,Maharashtra,18.5204,73.8567,32.9,58.8,17.2,29.8,0.61,22.1,6.3,48.0,30
2024-06-01,Pune,Maharashtra,18.5204,73.8567,32.6,52.2,24.4,43.4,0.69,27.4,7.1,50.5,43
2024-06-02,Pune,Maharashtra,18.5204,73.8567,31.6,66.2,18.9,30.7,0.55,25.3,7.7,54.3,32
2024-06-03,Pune,Maharashtra,18.5204,73.8567,29.7,57.4,28.1,51.2,0.75,39.1,11.0,36.4,51
2024-06-04,Pune,Maharashtra,18.5204,73.8567,31.7,59.6,18.0,32.9,0.86,27.1,8.7,56.4,33
2024-06-05,Pune,Maharashtra,18.5204,73.8567,32.3,66.1,16.6,30.8,0.72,18.8,10.6,41.8,31
2024-06-06,Pune,Maharashtra,18.5204,73.8567,28.7,62.2,20.5,35.3,0.87,15.1,10.8,57.3,35
2024-06-07,Pune,Maharashtra,18.5204,73.8567,32.5,59.4,16.2,32.4,0.76,17.6,7.9,57.5,32
2024-06-08,Pune,Maharashtra,18.5204,73.8567,32.2,50.7,18.1,28.2,0.61,17.8,8.6,67.9,30
2024-06-09,Pune,Maharashtra,18.5204,73.8567,30.1,67.5,21.6,42.5,0.49,24.0,11.1,54.4,42
2024-06-10,Pune,Maharashtra,18.5204,73.8567,31.9,65.9,17.1,30.1,0.55,15.3,4.0,50.0,30
2024-06-11,Pune,Maharashtra,18.5204,73.8567,32.1,62.0,16.3,30.3,0.58,26.4,14.8,46.3,30
2024-06-12,Pune,Maharashtra,18.5204,73.8567,36.2,58.7,15.9,25.5,0.56,10.7,5.7,61.3,26
2024-06-13,Pune,Maharashtra,18.5204,73.8567,33.3,66.5,10.0,17.7,0.76,7.4,5.7,55.0,18
2024-06-14,Pune,Maharashtra,18.5204,73.8567,34.8,70.1,15.0,27.9,0.81,18.0,3.6,66.7,28
2024-06-15,Pune,Maharashtra,18.5204,73.8567,32.9,67.8,13.5,20.0,0.98,13.3,3.5,46.8,22
2024-06-16,Pune,Maharashtra,18.5204,73.8567,29.8,79.0,14.9,24.3,0.55,11.2,10.1,65.4,25
2024-06-17,Pune,Maharashtra,18.5204,73.8567,34.5,72.8,13.2,17.5,0.89,14.4,13.9,67.0,22
2024-06-18,Pune,Maharashtra,18.5204,73.8567,32.2,67.5,10.4,16.8,0.85,12.7,5.1,51.8,17
2024-06-19,Pune,Maharashtra,18.5204,73.8567,32.9,73.8,12.7,19.4,0.61,18.1,8.1,68.7,21
2024-06-20,Pune,Maharashtra,18.5204,73.8567,31.7,69.4,8.8,15.0,0.67,13.1,7.4,46.5,15
2024-06-21,Pune,Maharashtra,18.5204,73.8567,33.8,69.7,9.2,19.2,0.79,13.7,9.7,57.8,19
2024-06-22,Pune,Maharashtra,18.5204,73.8567,35.7,78.9,8.0,15.3,0.58,16.5,13.3,49.0,15
2024-06-23,Pune,Maharashtra,18.5204,73.8567,35.5,63.9,8.1,15.0,0.57,22.7,11.2,73.8,15
2024-06-24,Pune,Maharashtra,18.5204,73.8567,36.8,70.7,8.0,15.0,0.49,25.4,5.9,47.9,15
2024-06-25,Pune,Maharashtra,18.5204,73.8567,37.1,79.3,8.6,15.2,0.24,17.6,8.3,50.0,15
2024-06-26,Pune,Maharashtra,18.5204,73.8567,30.4,73.5,8.3,15.0,0.6,18.0,8.5,45.7,15
2024-06-27,Pune,Maharashtra,18.5204,73.8567,32.0,69.1,8.0,15.0,0.48,15.5,6.6,64.0,15
2024-06-28,Pune,Maharashtra,18.5204,73.8567,31.0,60.1,8.0,15.0,0.43,19.4,3.4,59.4,15
2024-06-29,Pune,Maharashtra,18.5204,73.8567,35.5,56.5,8.0,15.0,0.65,18.9,4.2,59.9,15
2024-06-30,Pune,Maharashtra,18.5204,73.8567,33.1,87.2,8.0,15.0,0.37,24.5,10.1,63.4,15
2024-07-01,Pune,Maharashtra,18.5204,73.8567,33.6,75.2,8.0,15.0,0.71,5.2,10.4,55.0,15
2024-07-02,Pune,Maharashtra,18.5204,73.8567,34.1,69.3,8.0,15.0,0.66,15.2,6.0,60.2,15
2024-07-03,Pune,Maharashtra,18.5204,73.8567,35.3,76.1,8.0,15.0,0.53,18.6,7.4,71.8,15
2024-07-04,Pune,Maharashtra,18.5204,73.8567,32.0,67.3,8.0,15.0,0.58,16.4,10.2,51.4,15
2024-07-05,Pune,Maharashtra,18.5204,73.8567,32.4,71.9,8.0,15.0,0.41,10.9,1.5,47.9,15
2024-07-06,Pune,Maharashtra,18.5204,73.8567,34.7,67.9,8.0,15.0,0.7,8.8,5.3,61.5,15
2024-07-07,Pune,Maharashtra,18.5204,73.8567,36.9,64.8,8.0,15.0,0.62,21.4,12.7,67.2,15
2024-07-08,Pune,Maharashtra,18.5204,73.8567,34.8,60.2,8.0,15.1,0.63,12.0,7.5,58.7,15
2024-07-09,Pune,Maharashtra,18.5204,73.8567,33.4,63.9,8.0,15.0,0.66,6.0,3.3,63.7,15
2024-07-10,Pune,Maharashtra,18.5204,73.8567,31.0,82.4,8.0,15.0,0.49,21.7,7.0,50.2,15
2024-07-11,Pune,Maharashtra,18.5204,73.8567,36.6,68.5,8.0,15.0,0.36,19.3,9.7,61.8,15
2024-07-12,Pune,Maharashtra,18.5204,73.8567,33.6,79.3,8.0,15.0,0.73,15.9,1.0,59.0,15
2024-07-13,Pune,Maharashtra,18.5204,73.8567,32.9,82.4,8.0,15.0,0.69,11.1,7.2,57.1,15
2024-07-14,Pune,Maharashtra,18.5204,73.8567,31.9,75.9,8.0,15.5,0.51,15.9,5.5,66.1,16
2024-07-15,Pune,Maharashtra,18.5204,73.8567,32.4,73.8,8.0,15.0,0.65,23.9,1.7,57.0,15
2024-07-16,Pune,Maharashtra,18.5204,73.8567,33.3,76.9,8.0,15.3,0.78,6.9,6.9,53.0,15
2024-07-17,Pune,Maharashtra,18.5204,73.8567,34.6,73.1,8.0,15.0,0.76,7.2,6.2,61.7,15
2024-07-18,Pune,Maharashtra,18.5204,73.8567,32.8,84.4,8.0,15.0,0.5,12.8,6.6,62.8,15
2024-07-19,Pune,Maharashtra,18.5204,73.8567,35.3,89.1,8.0,15.0,0.37,16.4,5.6,64.9,15
2024-07-20,Pune,Maharashtra,18.5204,73.8567,34.5,86.1,8.0,15.0,0.39,13.6,3.6,63.2,15
2024-07-21,Pune,Maharashtra,18.5204,73.8567,39.0,60.8,8.0,15.0,0.54,20.4,2.3,52.5,15
2024-07-22,Pune,Maharashtra,18.5204,73.8567,31.9,72.8,8.0,15.0,0.81,23.1,4.6,33.2,15
2024-07-23,Pune,Maharashtra,18.5204,73.8567,35.2,75.8,8.0,15.4,0.48,18.2,9.2,68.7,15
2024-07-24,Pune,Maharashtra,18.5204,73.8567,35.2,78.8,8.0,15.0,0.5,19.9,7.3,62.0,15
2024-07-25,Pune,Maharashtra,18.5204,73.8567,33.0,63.4,8.0,15.7,0.5,18.2,6.4,54.8,16
2024-07-26,Pune,Maharashtra,18.5204,73.8567,35.0,63.1,8.0,15.0,0.51,16.6,3.5,63.7,15
2024-07-27,Pune,Maharashtra,18.5204,73.8567,36.1,84.3,8.0,15.0,0.59,8.8,5.5,75.5,15
2024-07-28,Pune,Maharashtra,18.5204,73.8567,34.9,71.0,8.0,15.0,0.4,10.4,8.9,69.3,15
2024-07-29,Pune,Maharashtra,18.5204,73.8567,37.2,64.3,8.0,15.0,0.75,8.5,8.2,69.4,15
2024-07-30,Pune,Maharashtra,18.5204,73.8567,30.7,66.7,8.0,15.0,0.57,15.7,5.2,44.2,15
2024-07-31,Pune,Maharashtra,18.5204,73.8567,33.0,76.9,8.0,15.0,0.96,18.0,1.0,49.0,15
2024-08-01,Pune,Maharashtra,18.5204,73.8567,37.1,68.2,8.0,15.0,0.41,7.9,4.6,42.5,15
2024-08-02,Pune,Maharashtra,18.5204,73.8567,36.1,75.3,8.0,15.0,0.83,17.0,5.2,65.0,15
2024-08-03,Pune,Maharashtra,18.5204,73.8567,35.3,66.5,8.0,15.0,0.8,11.3,3.9,67.6,15
2024-08-04,Pune,Maharashtra,18.5204,73.8567,36.5,60.8,8.0,15.0,0.53,10.1,5.4,70.1,15
2024-08-05,Pune,Maharashtra,18.5204,73.8567,30.8,82.7,8.0,15.0,0.53,12.8,9.1,56.8,15
2024-08-06,Pune,Maharashtra,18.5204,73.8567,35.6,75.2,8.0,15.0,0.45,9.8,6.5,57.9,15
2024-08-07,Pune,Maharashtra,18.5204,73.8567,36.0,69.7,8.0,15.0,0.45,20.2,9.6,55.2,15
2024-08-08,Pune,Maharashtra,18.5204,73.8567,32.8,68.0,8.0,15.0,0.59,15.6,2.1,48.0,15
2024-08-09,Pune,Maharashtra,18.5204,73.8567,38.6,81.6,8.0,15.0,0.59,21.5,5.7,62.6,15
2024-08-10,Pune,Maharashtra,18.5204,73.8567,34.1,75.1,8.0,15.0,0.35,13.9,1.0,49.0,15
2024-08-11,Pune,Maharashtra,18.5204,73.8567,29.7,78.6,8.0,15.0,0.93,14.1,5.4,63.8,15
2024-08-12,Pune,Maharashtra,18.5204,73.8567,34.3,66.1,8.4,15.0,0.55,27.9,3.5,46.6,15
2024-08-13,Pune,Maharashtra,18.5204,73.8567,32.2,70.2,8.0,15.0,0.6,6.8,10.5,52.1,15
2024-08-14,Pune,Maharashtra,18.5204,73.8567,35.5,72.2,10.3,17.9,0.52,25.0,8.1,43.3,18
2024-08-15,Pune,Maharashtra,18.5204,73.8567,34.3,65.2,11.1,19.2,0.58,27.5,9.9,59.1,19
2024-08-16,Pune,Maharashtra,18.5204,73.8567,32.1,68.0,10.8,17.4,0.57,22.0,5.6,53.3,18
2024-08-17,Pune,Maharashtra,18.5204,73.8567,35.8,64.2,20.4,35.7,0.73,18.5,4.6,55.4,36
2024-08-18,Pune,Maharashtra,18.5204,73.8567,34.7,70.7,12.3,18.5,0.63,26.5,3.8,49.8,21
2024-08-19,Pune,Maharashtra,18.5204,73.8567,31.4,58.2,12.7,19.1,0.76,16.1,7.8,51.9,21
2024-08-20,Pune,Maharashtra,18.5204,73.8567,32.5,71.1,13.0,20.9,0.68,13.9,12.5,49.3,22
2024-08-21,Pune,Maharashtra,18.5204,73.8567,33.6,68.9,12.1,22.7,0.74,15.5,8.2,54.4,23
2024-08-22,Pune,Maharashtra,18.5204,73.8567,31.9,64.9,18.3,30.7,0.7,16.4,6.3,67.8,31
2024-08-23,Pune,Maharashtra,18.5204,73.8567,31.8,69.2,14.2,22.8,0.69,12.9,6.6,53.8,24
2024-08-24,Pune,Maharashtra,18.5204,73.8567,32.4,63.1,15.2,28.7,0.63,25.5,7.1,57.5,29
2024-08-25,Pune,Maharashtra,18.5204,73.8567,30.3,60.6,16.0,25.7,0.83,14.5,13.4,46.1,27
2024-08-26,Pune,Maharashtra,18.5204,73.8567,28.0,68.8,15.1,30.0,0.72,18.7,10.9,40.1,30
2024-08-27,Pune,Maharashtra,18.5204,73.8567,32.4,68.7,13.3,20.9,0.62,9.6,7.8,53.3,22
2024-08-28,Pune,Maharashtra,18.5204,73.8567,28.2,60.7,18.3,27.4,0.68,20.0,7.8,66.4,31
2024-08-29,Pune,Maharashtra,18.5204,73.8567,29.9,59.8,25.5,41.4,0.77,15.2,8.9,46.0,42
2024-08-30,Pune,Maharashtra,18.5204,73.8567,28.4,62.4,22.7,36.6,0.76,14.2,9.3,49.1,38
2024-08-31,Pune,Maharashtra,18.5204,73.8567,28.5,59.5,31.7,48.4,0.84,23.5,7.3,38.8,53
2024-09-01,Pune,Maharashtra,18.5204,73.8567,32.1,73.8,27.3,55.8,0.72,29.1,5.7,29.6,56
2024-09-02,Pune,Maharashtra,18.5204,73.8567,30.8,65.0,26.8,45.5,0.91,25.2,11.2,43.3,46
2024-09-03,Pune,Maharashtra,18.5204,73.8567,30.6,62.6,37.2,64.0,1.04,29.0,9.0,67.4,64
2024-09-04,Pune,Maharashtra,18.5204,73.8567,28.6,55.7,24.7,39.1,1.04,21.1,10.8,51.1,41
2024-09-05,Pune,Maharashtra,18.5204,73.8567,29.7,67.2,26.3,41.2,0.7,20.4,13.0,61.0,44
2024-09-06,Pune,Maharashtra,18.5204,73.8567,31.4,57.5,26.6,47.9,0.9,27.2,9.7,47.8,48
2024-09-07,Pune,Maharashtra,18.5204,73.8567,30.5,57.0,38.3,53.6,0.64,22.9,10.1,29.2,64
2024-09-08,Pune,Maharashtra,18.5204,73.8567,32.0,66.7,28.0,41.4,0.94,28.0,17.8,42.5,47
2024-09-09,Pune,Maharashtra,18.5204,73.8567,32.1,63.8,24.8,40.0,0.56,29.4,8.6,55.1,41
2024-09-10,Pune,Maharashtra,18.5204,73.8567,29.8,43.4,33.3,61.7,0.72,19.6,5.4,49.3,62
2024-09-11,Pune,Maharashtra,18.5204,73.8567,26.8,59.6,25.0,39.8,0.83,17.8,7.2,43.3,42
2024-09-12,Pune,Maharashtra,18.5204,73.8567,28.7,61.4,34.3,58.8,0.79,21.7,13.4,41.2,59
2024-09-13,Pune,Maharashtra,18.5204,73.8567,29.7,58.0,34.1,56.4,0.77,16.1,4.8,54.7,57
2024-09-14,Pune,Maharashtra,18.5204,73.8567,28.4,61.3,30.4,56.1,0.77,20.9,6.2,41.4,56
2024-09-15,Pune,Maharashtra,18.5204,73.8567,27.8,47.4,36.6,51.7,1.02,33.5,12.2,46.2,61
2024-09-16,Pune,Maharashtra,18.5204,73.8567,29.7,40.1,23.7,41.8,0.62,15.3,7.1,49.6,42
2024-09-17,Pune,Maharashtra,18.5204,73.8567,33.8,52.9,34.7,56.3,0.88,33.1,8.4,50.6,58
2024-09-18,Pune,Maharashtra,18.5204,73.8567,28.4,61.6,30.8,55.1,0.79,21.3,11.7,38.3,55
2024-09-19,Pune,Maharashtra,18.5204,73.8567,29.2,36.9,65.1,99.4,1.35,47.5,9.1,39.7,117
2024-09-20,Pune,Maharashtra,18.5204,73.8567,26.7,53.5,36.5,60.3,1.03,21.6,4.5,57.0,61
2024-09-21,Pune,Maharashtra,18.5204,73.8567,31.2,45.8,31.4,51.3,0.57,23.2,4.3,58.6,52
2024-09-22,Pune,Maharashtra,18.5204,73.8567,30.4,57.5,26.8,40.2,0.95,17.1,9.9,57.1,45
2024-09-23,Pune,Maharashtra,18.5204,73.8567,30.1,72.8,49.2,71.7,0.95,25.6,10.7,40.0,82
2024-09-24,Pune,Maharashtra,18.5204,73.8567,31.0,57.5,34.7,54.2,0.92,33.1,6.7,37.6,58
2024-09-25,Pune,Maharashtra,18.5204,73.8567,27.7,58.2,31.9,53.3,0.71,27.1,5.1,52.8,53
2024-09-26,Pune,Maharashtra,18.5204,73.8567,27.8,64.7,41.5,63.7,1.02,33.4,8.5,50.5,69
2024-09-27,Pune,Maharashtra,18.5204,73.8567,31.3,58.9,45.0,72.1,1.38,20.5,13.0,49.6,75
2024-09-28,Pune,Maharashtra,18.5204,73.8567,29.2,57.2,45.5,62.2,1.02,32.5,7.1,42.2,76
2024-09-29,Pune,Maharashtra,18.5204,73.8567,24.0,65.1,40.2,64.2,0.88,21.0,7.2,25.6,67
2024-09-30,Pune,Maharashtra,18.5204,73.8567,28.6,61.9,42.0,75.8,0.93,19.4,5.8,51.6,76
2024-10-01,Pune,Maharashtra,18.5204,73.8567,26.7,60.6,43.2,75.9,0.76,29.3,8.4,50.8,76
2024-10-02,Pune,Maharashtra,18.5204,73.8567,29.2,57.5,44.8,73.3,1.22,29.7,10.6,39.8,75
2024-10-03,Pune,Maharashtra,18.5204,73.8567,28.2,56.0,46.2,78.0,1.06,29.1,16.0,37.4,78
2024-10-04,Pune,Maharashtra,18.5204,73.8567,24.2,64.8,54.2,82.7,0.94,35.7,11.0,46.2,90
2024-10-05,Pune,Maharashtra,18.5204,73.8567,27.7,56.0,43.6,82.6,0.83,33.2,9.3,37.8,83
2024-10-06,Pune,Maharashtra,18.5204,73.8567,27.5,66.9,36.4,71.4,0.91,34.5,11.5,57.5,71
2024-10-07,Pune,Maharashtra,18.5204,73.8567,27.6,51.0,42.7,71.5,1.11,20.5,11.5,42.0,72
2024-10-08,Pune,Maharashtra,18.5204,73.8567,27.9,68.3,52.6,107.3,0.91,39.9,8.5,39.2,105
2024-10-09,Pune,Maharashtra,18.5204,73.8567,29.4,61.5,30.4,47.1,1.01,35.0,15.3,47.4,51
2024-10-10,Pune,Maharashtra,18.5204,73.8567,27.3,51.4,30.8,45.0,0.83,21.7,8.4,40.6,51
2024-10-11,Pune,Maharashtra,18.5204,73.8567,26.5,61.8,56.3,87.0,0.99,22.0,11.2,48.8,94
2024-10-12,Pune,Maharashtra,18.5204,73.8567,28.4,53.6,65.0,105.1,1.15,26.5,12.9,49.1,117
2024-10-13,Pune,Maharashtra,18.5204,73.8567,30.3,58.4,35.6,71.0,1.16,22.6,9.9,56.6,71
2024-10-14,Pune,Maharashtra,18.5204,73.8567,27.8,54.7,48.5,78.0,0.83,41.6,14.5,44.0,81
2024-10-15,Pune,Maharashtra,18.5204,73.8567,26.4,57.2,43.9,66.8,0.88,28.2,7.7,37.1,73
2024-10-16,Pune,Maharashtra,18.5204,73.8567,26.6,64.7,45.7,69.3,1.15,24.9,12.0,41.0,76
2024-10-17,Pune,Maharashtra,18.5204,73.8567,26.2,61.7,52.3,95.2,1.11,26.6,10.7,36.3,95
2024-10-18,Pune,Maharashtra,18.5204,73.8567,25.7,50.2,37.1,66.8,0.79,17.9,11.9,52.1,67
2024-10-19,Pune,Maharashtra,18.5204,73.8567,29.4,50.6,39.1,61.6,1.08,31.7,8.5,54.1,65
2024-10-20,Pune,Maharashtra,18.5204,73.8567,24.0,60.0,47.1,64.4,1.17,28.5,8.7,36.0,78
2024-10-21,Pune,Maharashtra,18.5204,73.8567,27.3,60.5,49.2,72.8,1.1,42.3,12.1,34.4,82
2024-10-22,Pune,Maharashtra,18.5204,73.8567,24.9,53.3,40.0,76.3,0.85,30.6,10.3,51.2,76
2024-10-23,Pune,Maharashtra,18.5204,73.8567,22.4,69.2,61.5,107.8,1.11,38.7,8.5,33.7,105
2024-10-24,Pune,Maharashtra,18.5204,73.8567,24.6,63.7,47.6,78.9,1.07,27.8,13.8,36.5,79
2024-10-25,Pune,Maharashtra,18.5204,73.8567,23.8,53.7,47.9,92.5,0.84,22.8,12.0,48.7,92
2024-10-26,Pune,Maharashtra,18.5204,73.8567,25.7,53.0,56.4,109.7,1.33,26.8,10.3,34.4,106
2024-10-27,Pune,Maharashtra,18.5204,73.8567,24.7,56.4,52.0,85.5,1.33,22.4,8.8,34.8,87
2024-10-28,Pune,Maharashtra,18.5204,73.8567,22.6,55.7,64.8,106.8,1.19,40.2,12.3,30.8,116
2024-10-29,Pune,Maharashtra,18.5204,73.8567,27.0,66.8,44.3,69.2,1.05,25.9,11.5,31.2,74
2024-10-30,Pune,Maharashtra,18.5204,73.8567,26.1,64.9,40.3,64.8,1.13,32.6,4.4,43.3,67
2024-10-31,Pune,Maharashtra,18.5204,73.8567,26.9,58.3,51.6,73.7,1.37,31.3,11.3,34.8,86
2024-11-01,Pune,Maharashtra,18.5204,73.8567,24.4,62.8,56.4,80.5,1.36,30.3,12.5,31.8,94
2024-11-02,Pune,Maharashtra,18.5204,73.8567,23.8,63.8,42.7,59.5,0.71,20.7,2.4,31.1,71
2024-11-03,Pune,Maharashtra,18.5204,73.8567,25.0,58.4,41.7,75.6,0.92,29.2,9.9,34.1,76
2024-11-04,Pune,Maharashtra,18.5204,73.8567,22.6,60.8,59.3,84.0,1.23,31.7,12.8,26.5,99
2024-11-05,Pune,Maharashtra,18.5204,73.8567,23.7,62.2,48.6,94.4,0.97,35.0,11.6,38.1,94
2024-11-06,Pune,Maharashtra,18.5204,73.8567,23.1,61.4,42.0,64.7,1.23,23.2,11.8,34.5,70
2024-11-07,Pune,Maharashtra,18.5204,73.8567,20.6,52.6,72.1,137.7,1.55,40.8,10.8,29.2,140
2024-11-08,Pune,Maharashtra,18.5204,73.8567,23.4,53.3,51.1,81.5,0.95,40.2,7.0,54.1,85
2024-11-09,Pune,Maharashtra,18.5204,73.8567,22.3,56.0,76.1,107.7,1.32,40.0,6.7,29.8,154
2024-11-10,Pune,Maharashtra,18.5204,73.8567,22.5,53.1,59.9,110.4,1.05,37.9,14.1,37.9,107
2024-11-11,Pune,Maharashtra,18.5204,73.8567,23.5,47.7,63.9,119.0,1.18,37.9,13.2,39.9,113
2024-11-12,Pune,Maharashtra,18.5204,73.8567,25.0,62.7,57.6,87.2,1.11,43.8,14.1,36.8,96
2024-11-13,Pune,Maharashtra,18.5204,73.8567,21.1,60.4,33.9,54.2,1.02,27.1,6.5,35.6,56
2024-11-14,Pune,Maharashtra,18.5204,73.8567,21.9,48.6,47.6,72.1,0.9,33.4,12.2,33.5,79
2024-11-15,Pune,Maharashtra,18.5204,73.8567,21.0,56.3,59.8,97.7,0.77,32.9,6.3,32.3,100
2024-11-16,Pune,Maharashtra,18.5204,73.8567,20.8,56.7,67.1,111.8,1.0,30.8,8.8,24.9,124
2024-11-17,Pune,Maharashtra,18.5204,73.8567,21.1,59.3,42.0,67.1,0.81,20.2,9.7,28.7,70
2024-11-18,Pune,Maharashtra,18.5204,73.8567,21.8,50.4,61.9,85.3,1.09,41.4,12.9,31.7,106
2024-11-19,Pune,Maharashtra,18.5204,73.8567,23.1,48.5,49.3,77.0,1.08,23.7,15.0,19.2,82
2024-11-20,Pune,Maharashtra,18.5204,73.8567,22.5,61.6,66.8,117.2,1.08,39.8,10.6,44.3,123
2024-11-21,Pune,Maharashtra,18.5204,73.8567,19.9,47.3,63.5,102.8,1.02,36.8,8.5,45.8,112
2024-11-22,Pune,Maharashtra,18.5204,73.8567,24.0,56.4,75.6,121.0,1.2,43.7,9.3,35.3,152
2024-11-23,Pune,Maharashtra,18.5204,73.8567,23.3,55.7,81.6,123.2,1.24,37.0,10.5,37.5,172
2024-11-24,Pune,Maharashtra,18.5204,73.8567,19.9,57.1,71.8,111.8,1.21,32.2,18.4,36.3,139
2024-11-25,Pune,Maharashtra,18.5204,73.8567,23.6,59.8,78.8,146.7,1.29,41.5,14.6,22.3,163
2024-11-26,Pune,Maharashtra,18.5204,73.8567,21.9,69.2,60.7,89.8,1.28,31.7,14.2,39.5,102
2024-11-27,Pune,Maharashtra,18.5204,73.8567,21.0,46.8,122.6,215.6,1.71,45.9,15.1,20.9,302
2024-11-28,Pune,Maharashtra,18.5204,73.8567,21.8,64.1,50.6,83.9,1.01,41.8,10.0,51.2,84
2024-11-29,Pune,Maharashtra,18.5204,73.8567,21.0,40.4,59.3,99.9,1.08,28.2,12.8,29.2,100
2024-11-30,Pune,Maharashtra,18.5204,73.8567,22.0,67.8,81.5,125.6,1.53,34.1,11.0,37.3,172
2024-12-01,Pune,Maharashtra,18.5204,73.8567,21.3,43.7,79.3,126.6,1.36,37.9,11.5,27.6,164
2024-12-02,Pune,Maharashtra,18.5204,73.8567,20.2,75.1,75.1,123.9,1.49,45.6,10.0,45.4,150
2024-12-03,Pune,Maharashtra,18.5204,73.8567,17.1,55.3,78.7,123.6,1.2,26.2,10.9,18.4,162
2024-12-04,Pune,Maharashtra,18.5204,73.8567,21.6,67.0,43.1,73.2,0.97,34.8,9.6,42.6,73
2024-12-05,Pune,Maharashtra,18.5204,73.8567,19.9,65.6,97.0,166.7,1.49,39.6,11.3,30.2,223
2024-12-06,Pune,Maharashtra,18.5204,73.8567,21.9,54.9,65.7,129.7,1.05,36.6,12.1,34.7,120
2024-12-07,Pune,Maharashtra,18.5204,73.8567,21.3,55.5,90.7,153.4,1.5,39.0,14.1,29.9,202
2024-12-08,Pune,Maharashtra,18.5204,73.8567,19.7,52.1,44.3,60.3,1.25,40.1,9.0,24.8,74
2024-12-09,Pune,Maharashtra,18.5204,73.8567,22.1,63.5,73.5,134.1,1.19,38.3,9.4,10.4,145
2024-12-10,Pune,Maharashtra,18.5204,73.8567,20.6,55.0,61.6,99.8,1.17,29.5,11.2,38.4,105
2024-12-11,Pune,Maharashtra,18.5204,73.8567,20.5,52.3,79.4,155.0,1.19,37.6,10.8,23.9,165
2024-12-12,Pune,Maharashtra,18.5204,73.8567,19.9,61.8,75.3,140.9,1.12,38.6,12.2,36.6,151
2024-12-13,Pune,Maharashtra,18.5204,73.8567,23.1,51.7,76.4,120.3,1.23,39.5,15.4,35.1,155
2024-12-14,Pune,Maharashtra,18.5204,73.8567,18.7,55.7,56.0,98.5,1.06,34.6,6.7,36.9,98
2024-12-15,Pune,Maharashtra,18.5204,73.8567,19.3,58.7,70.1,109.4,1.22,36.4,18.1,33.3,134
2024-12-16,Pune,Maharashtra,18.5204,73.8567,17.6,53.5,68.4,112.9,1.23,27.6,11.3,8.0,128
2024-12-17,Pune,Maharashtra,18.5204,73.8567,21.1,54.6,79.6,139.4,1.14,37.4,13.6,33.7,165
2024-12-18,Pune,Maharashtra,18.5204,73.8567,18.7,68.7,89.0,161.7,1.4,46.1,10.9,21.3,197
2024-12-19,Pune,Maharashtra,18.5204,73.8567,18.8,56.6,74.2,132.4,1.4,33.7,15.4,35.0,147
2024-12-20,Pune,Maharashtra,18.5204,73.8567,18.7,55.5,54.4,90.3,0.9,35.4,10.0,32.2,91
2024-12-21,Pune,Maharashtra,18.5204,73.8567,19.7,56.8,73.9,149.5,1.27,37.8,10.7,32.0,146
2024-12-22,Pune,Maharashtra,18.5204,73.8567,17.3,61.2,128.5,205.0,1.97,53.8,14.6,15.6,307
2024-12-23,Pune,Maharashtra,18.5204,73.8567,15.5,50.8,104.2,146.8,1.54,54.5,13.5,10.0,247
2024-12-24,Pune,Maharashtra,18.5204,73.8567,20.3,61.0,37.8,54.3,0.97,15.7,10.3,28.2,63
2024-12-25,Pune,Maharashtra,18.5204,73.8567,15.6,59.8,73.9,138.2,1.09,33.6,12.4,8.0,146
2024-12-26,Pune,Maharashtra,18.5204,73.8567,20.9,45.5,89.6,146.8,1.63,50.1,13.0,22.8,199
2024-12-27,Pune,Maharashtra,18.5204,73.8567,22.1,70.6,70.3,117.6,1.34,47.5,9.5,19.7,134
2024-12-28,Pune,Maharashtra,18.5204,73.8567,19.0,68.2,66.2,103.9,1.24,48.9,9.0,15.3,121
2024-12-29,Pune,Maharashtra,18.5204,73.8567,21.6,52.4,69.2,109.5,1.44,36.5,10.2,31.6,131
2024-12-30,Pune,Maharashtra,18.5204,73.8567,19.2,50.1,83.0,127.2,1.37,43.3,14.0,29.7,177
2024-12-31,Pune,Maharashtra,18.5204,73.8567,22.1,59.6,57.2,98.4,1.04,37.2,12.6,32.4,98
2025-01-01,Pune,Maharashtra,18.5204,73.8567,18.4,48.0,95.6,156.4,1.77,52.3,16.0,18.9,219
2025-01-02,Pune,Maharashtra,18.5204,73.8567,14.9,67.5,72.8,124.9,1.59,39.2,11.8,12.0,143
2025-01-03,Pune,Maharashtra,18.5204,73.8567,19.0,54.7,60.1,102.2,1.06,38.8,12.0,24.9,101
2025-01-04,Pune,Maharashtra,18.5204,73.8567,22.2,69.4,94.7,150.2,1.53,47.1,13.1,22.5,216
2025-01-05,Pune,Maharashtra,18.5204,73.8567,20.1,52.2,52.7,75.4,1.24,34.0,5.0,29.3,88
2025-01-06,Pune,Maharashtra,18.5204,73.8567,18.2,57.2,65.6,93.0,1.22,29.5,10.6,13.3,119
2025-01-07,Pune,Maharashtra,18.5204,73.8567,19.7,66.9,65.4,137.6,1.32,32.9,10.1,33.5,125
2025-01-08,Pune,Maharashtra,18.5204,73.8567,20.8,55.7,118.9,222.6,1.94,48.9,12.4,19.8,296
2025-01-09,Pune,Maharashtra,18.5204,73.8567,18.9,59.9,63.9,118.2,1.13,27.3,9.4,29.8,113
2025-01-10,Pune,Maharashtra,18.5204,73.8567,23.8,65.6,46.2,71.6,1.08,18.9,10.1,43.5,77
2025-01-11,Pune,Maharashtra,18.5204,73.8567,18.1,54.1,65.4,108.0,1.23,32.4,7.8,28.0,118
2025-01-12,Pune,Maharashtra,18.5204,73.8567,20.8,49.2,82.2,125.6,1.23,38.7,10.4,34.5,174
2025-01-13,Pune,Maharashtra,18.5204,73.8567,20.4,47.8,88.4,128.4,1.33,42.9,17.7,10.2,195
2025-01-14,Pune,Maharashtra,18.5204,73.8567,17.7,62.1,122.8,191.7,1.77,56.6,11.0,15.2,302
2025-01-15,Pune,Maharashtra,18.5204,73.8567,18.2,60.7,101.4,187.5,1.77,47.6,13.6,30.9,238
2025-01-16,Pune,Maharashtra,18.5204,73.8567,20.8,65.4,77.5,137.7,1.51,37.3,8.7,32.7,158
2025-01-17,Pune,Maharashtra,18.5204,73.8567,19.3,56.1,61.1,92.0,1.29,28.1,8.6,42.5,104
2025-01-18,Pune,Maharashtra,18.5204,73.8567,19.6,48.0,106.3,170.4,1.75,53.3,13.9,37.4,254
2025-01-19,Pune,Maharashtra,18.5204,73.8567,16.1,41.5,68.5,120.8,1.32,35.3,8.5,24.3,128
2025-01-20,Pune,Maharashtra,18.5204,73.8567,20.2,78.1,64.3,100.6,1.26,32.0,12.9,26.9,114
2025-01-21,Pune,Maharashtra,18.5204,73.8567,19.6,61.7,67.7,112.6,1.31,34.6,15.5,19.8,126
2025-01-22,Pune,Maharashtra,18.5204,73.8567,18.9,59.0,56.3,96.4,1.2,27.6,13.0,23.9,96
2025-01-23,Pune,Maharashtra,18.5204,73.8567,19.7,60.0,66.9,114.4,1.03,32.2,14.4,24.6,123
2025-01-24,Pune,Maharashtra,18.5204,73.8567,18.3,48.0,70.4,118.8,1.16,33.1,7.5,20.6,135
2025-01-25,Pune,Maharashtra,18.5204,73.8567,18.0,52.4,86.9,134.9,1.31,40.1,12.2,15.8,190
2025-01-26,Pune,Maharashtra,18.5204,73.8567,18.7,70.2,67.9,106.4,1.42,39.7,12.8,29.3,126
2025-01-27,Pune,Maharashtra,18.5204,73.8567,18.3,62.6,55.9,82.7,1.37,34.3,13.1,40.3,93
2025-01-28,Pune,Maharashtra,18.5204,73.8567,23.1,52.7,51.8,73.4,0.75,39.9,15.4,42.2,86
2025-01-29,Pune,Maharashtra,18.5204,73.8567,20.8,49.4,77.1,125.9,1.59,45.9,15.4,26.1,157
2025-01-30,Pune,Maharashtra,18.5204,73.8567,17.5,54.4,74.7,132.4,1.34,49.6,14.7,31.6,149
2025-01-31,Pune,Maharashtra,18.5204,73.8567,22.9,55.8,65.0,93.8,1.37,38.1,19.1,36.0,117
2025-02-01,Pune,Maharashtra,18.5204,73.8567,18.5,72.3,66.1,111.8,1.31,38.4,11.6,25.7,120
2025-02-02,Pune,Maharashtra,18.5204,73.8567,19.4,56.7,79.7,140.8,1.6,36.6,11.5,25.2,166
2025-02-03,Pune,Maharashtra,18.5204,73.8567,21.0,49.7,99.1,136.2,1.63,50.7,14.5,25.1,230
2025-02-04,Pune,Maharashtra,18.5204,73.8567,15.9,57.6,61.4,98.8,0.98,29.7,8.2,27.5,105
2025-02-05,Pune,Maharashtra,18.5204,73.8567,19.0,59.9,74.1,140.6,1.31,28.9,12.1,27.1,147
2025-02-06,Pune,Maharashtra,18.5204,73.8567,18.5,49.0,89.6,155.2,1.57,51.8,8.0,17.8,199
2025-02-07,Pune,Maharashtra,18.5204,73.8567,19.9,60.8,61.0,83.5,1.15,26.0,9.3,22.5,103
2025-02-08,Pune,Maharashtra,18.5204,73.8567,20.3,66.5,71.9,125.8,1.4,39.7,11.4,30.7,140
2025-02-09,Pune,Maharashtra,18.5204,73.8567,19.5,59.0,71.4,109.8,1.28,31.6,14.6,30.5,138
2025-02-10,Pune,Maharashtra,18.5204,73.8567,19.5,52.4,53.8,94.4,1.01,38.0,13.6,26.3,94
2025-02-11,Pune,Maharashtra,18.5204,73.8567,21.7,54.3,74.3,114.9,1.16,45.4,9.1,21.2,148
2025-02-12,Pune,Maharashtra,18.5204,73.8567,20.3,46.4,71.9,118.0,1.24,40.2,18.0,38.4,140
2025-02-13,Pune,Maharashtra,18.5204,73.8567,19.9,57.1,80.4,126.2,1.42,47.2,12.9,35.2,168
2025-02-14,Pune,Maharashtra,18.5204,73.8567,20.2,60.2,54.7,90.2,0.81,31.5,11.1,13.9,91
2025-02-15,Pune,Maharashtra,18.5204,73.8567,23.3,51.7,70.9,110.9,1.17,50.1,6.8,43.9,136
2025-02-16,Pune,Maharashtra,18.5204,73.8567,20.3,71.6,95.5,154.4,1.26,49.0,11.8,24.3,218
2025-02-17,Pune,Maharashtra,18.5204,73.8567,19.2,63.5,111.0,163.5,1.64,44.1,18.0,24.1,270
2025-02-18,Pune,Maharashtra,18.5204,73.8567,16.7,45.5,92.8,159.9,1.71,44.1,13.9,29.6,209
2025-02-19,Pune,Maharashtra,18.5204,73.8567,17.7,45.6,53.8,90.2,0.92,30.3,10.6,39.1,90
2025-02-20,Pune,Maharashtra,18.5204,73.8567,19.5,51.1,76.7,108.0,1.46,37.1,12.8,34.5,156
2025-02-21,Pune,Maharashtra,18.5204,73.8567,20.2,69.0,62.2,112.0,1.62,24.0,6.6,31.0,108
2025-02-22,Pune,Maharashtra,18.5204,73.8567,19.4,64.2,73.4,119.2,1.53,39.8,11.6,15.8,145
2025-02-23,Pune,Maharashtra,18.5204,73.8567,21.2,69.4,57.9,97.0,1.16,24.2,14.9,14.8,97
2025-02-24,Pune,Maharashtra,18.5204,73.8567,19.6,58.1,46.9,82.8,1.15,13.9,13.0,36.6,83
2025-02-25,Pune,Maharashtra,18.5204,73.8567,19.0,56.5,63.1,107.3,1.0,32.1,10.7,37.9,110
2025-02-26,Pune,Maharashtra,18.5204,73.8567,21.9,49.3,79.5,145.0,1.15,34.9,17.0,23.5,165
2025-02-27,Pune,Maharashtra,18.5204,73.8567,23.3,60.4,71.9,115.5,1.3,31.8,8.0,30.9,140
2025-02-28,Pune,Maharashtra,18.5204,73.8567,18.9,56.6,73.4,132.5,1.38,18.9,9.0,21.5,145
2025-03-01,Pune,Maharashtra,18.5204,73.8567,21.4,56.4,70.1,117.0,1.44,31.3,17.2,25.6,134
2025-03-02,Pune,Maharashtra,18.5204,73.8567,17.7,69.3,72.7,125.6,1.22,36.2,13.6,32.6,142
2025-03-03,Pune,Maharashtra,18.5204,73.8567,18.5,57.1,74.4,127.3,1.36,34.0,11.1,26.9,148
2025-03-04,Pune,Maharashtra,18.5204,73.8567,20.2,67.3,62.0,113.9,1.21,36.2,10.8,27.3,109
2025-03-05,Pune,Maharashtra,18.5204,73.8567,23.4,46.9,66.8,117.4,1.22,43.7,8.9,55.0,123
2025-03-06,Pune,Maharashtra,18.5204,73.8567,20.0,76.8,95.7,151.5,1.55,47.7,14.5,14.0,219
2025-03-07,Pune,Maharashtra,18.5204,73.8567,20.1,55.4,66.9,104.0,1.12,41.6,11.9,32.8,123
2025-03-08,Pune,Maharashtra,18.5204,73.8567,21.7,63.0,65.1,107.0,1.27,41.5,11.3,22.8,117
2025-03-09,Pune,Maharashtra,18.5204,73.8567,21.8,64.1,65.6,100.8,1.26,28.9,7.8,30.0,119
2025-03-10,Pune,Maharashtra,18.5204,73.8567,20.4,54.5,60.8,90.7,1.11,36.1,11.7,30.7,103
2025-03-11,Pune,Maharashtra,18.5204,73.8567,25.5,63.7,57.6,76.7,1.24,38.4,9.0,44.8,96
2025-03-12,Pune,Maharashtra,18.5204,73.8567,21.5,64.1,66.0,93.6,1.39,32.5,8.3,28.8,120
2025-03-13,Pune,Maharashtra,18.5204,73.8567,22.3,53.0,56.1,109.2,1.22,27.2,14.3,30.2,106
2025-03-14,Pune,Maharashtra,18.5204,73.8567,21.5,53.1,60.3,93.6,1.01,36.5,17.3,29.1,101
2025-03-15,Pune,Maharashtra,18.5204,73.8567,23.1,58.3,52.0,100.7,1.09,21.8,16.0,26.1,100
2025-03-16,Pune,Maharashtra,18.5204,73.8567,24.6,57.2,63.0,107.8,1.06,27.6,13.0,41.2,110
2025-03-17,Pune,Maharashtra,18.5204,73.8567,25.5,67.8,69.5,114.2,1.29,32.2,10.8,39.1,132
2025-03-18,Pune,Maharashtra,18.5204,73.8567,21.3,62.9,58.0,82.6,1.01,35.3,10.4,34.7,97
2025-03-19,Pune,Maharashtra,18.5204,73.8567,24.7,57.5,38.8,64.0,1.12,27.7,10.3,38.1,65
2025-03-20,Pune,Maharashtra,18.5204,73.8567,23.8,62.2,68.2,132.0,1.38,42.0,10.2,32.8,127
2025-03-21,Pune,Maharashtra,18.5204,73.8567,24.7,43.7,61.1,115.1,1.35,28.0,14.8,45.8,110
2025-03-22,Pune,Maharashtra,18.5204,73.8567,22.9,53.7,47.5,80.3,1.19,23.4,3.7,43.0,80
2025-03-23,Pune,Maharashtra,18.5204,73.8567,22.8,60.0,69.6,102.8,1.23,39.4,10.7,43.9,132
2025-03-24,Pune,Maharashtra,18.5204,73.8567,25.0,65.8,42.8,64.5,0.91,22.9,11.8,41.6,71
2025-03-25,Pune,Maharashtra,18.5204,73.8567,25.1,59.4,72.8,110.8,1.57,33.7,9.3,46.7,143
2025-03-26,Pune,Maharashtra,18.5204,73.8567,26.3,68.2,56.7,104.5,1.11,21.0,9.8,36.1,103
2025-03-27,Pune,Maharashtra,18.5204,73.8567,24.0,64.1,34.6,65.6,0.68,26.8,10.5,36.3,66
2025-03-28,Pune,Maharashtra,18.5204,73.8567,23.5,54.6,58.8,98.8,1.3,42.1,15.3,44.3,99
2025-03-29,Pune,Maharashtra,18.5204,73.8567,19.4,57.0,51.3,82.4,1.09,24.3,6.2,35.7,86
2025-03-30,Pune,Maharashtra,18.5204,73.8567,21.1,60.9,49.3,92.8,1.27,35.9,5.8,29.4,93
2025-03-31,Pune,Maharashtra,18.5204,73.8567,23.4,54.9,47.0,70.6,1.06,28.7,6.9,27.3,78
2025-04-01,Pune,Maharashtra,18.5204,73.8567,22.2,68.7,53.3,88.4,1.09,20.5,5.7,31.6,89
2025-04-02,Pune,Maharashtra,18.5204,73.8567,25.8,50.3,48.9,84.1,1.27,24.3,5.5,33.9,84
2025-04-03,Pune,Maharashtra,18.5204,73.8567,22.1,60.2,35.9,54.5,0.67,19.7,6.0,48.5,60
2025-04-04,Pune,Maharashtra,18.5204,73.8567,23.6,63.2,70.8,110.0,1.2,34.8,15.4,39.8,136
2025-04-05,Pune,Maharashtra,18.5204,73.8567,23.8,55.8,50.3,77.6,0.93,32.6,9.1,30.0,84
2025-04-06,Pune,Maharashtra,18.5204,73.8567,26.9,54.2,44.8,83.4,0.67,39.4,9.7,33.3,83
2025-04-07,Pune,Maharashtra,18.5204,73.8567,23.8,57.5,40.7,78.8,1.08,18.4,6.4,30.8,79
2025-04-08,Pune,Maharashtra,18.5204,73.8567,25.8,63.7,61.3,102.1,1.1,30.7,12.8,33.7,104
2025-04-09,Pune,Maharashtra,18.5204,73.8567,25.5,54.5,38.5,62.0,1.06,20.9,14.7,38.6,64
2025-04-10,Pune,Maharashtra,18.5204,73.8567,26.9,50.6,52.3,81.6,1.14,23.1,7.5,49.7,87
2025-04-11,Pune,Maharashtra,18.5204,73.8567,26.9,66.1,44.3,73.0,1.08,28.7,14.7,33.9,74
2025-04-12,Pune,Maharashtra,18.5204,73.8567,25.4,60.8,44.4,69.6,0.93,28.2,10.6,57.6,74
2025-04-13,Pune,Maharashtra,18.5204,73.8567,22.6,65.1,38.8,63.4,0.82,15.5,9.2,27.7,65
2025-04-14,Pune,Maharashtra,18.5204,73.8567,25.3,63.4,42.7,73.1,0.99,27.8,10.6,28.0,73
2025-04-15,Pune,Maharashtra,18.5204,73.8567,25.8,73.3,48.6,77.2,1.18,22.3,11.1,53.0,81
2025-04-16,Pune,Maharashtra,18.5204,73.8567,26.5,65.9,50.6,82.0,1.05,30.3,15.6,50.9,84
2025-04-17,Pune,Maharashtra,18.5204,73.8567,24.8,53.0,40.0,64.9,0.84,34.4,10.8,37.2,67
2025-04-18,Pune,Maharashtra,18.5204,73.8567,28.3,61.4,46.2,74.0,0.83,31.5,11.3,46.7,77
2025-04-19,Pune,Maharashtra,18.5204,73.8567,26.4,54.2,56.7,89.8,1.16,33.2,9.3,42.8,94
2025-04-20,Pune,Maharashtra,18.5204,73.8567,24.8,54.9,32.0,56.5,0.77,21.1,11.1,40.6,56
2025-04-21,Pune,Maharashtra,18.5204,73.8567,25.8,48.2,45.6,63.1,1.0,29.0,6.8,29.3,76
2025-04-22,Pune,Maharashtra,18.5204,73.8567,30.2,56.1,36.7,69.2,0.87,29.1,9.3,27.8,69
2025-04-23,Pune,Maharashtra,18.5204,73.8567,28.0,62.0,35.5,59.3,0.83,28.1,17.5,37.5,59
2025-04-24,Pune,Maharashtra,18.5204,73.8567,28.8,57.7,46.9,81.6,1.06,28.4,2.2,59.0,82
2025-04-25,Pune,Maharashtra,18.5204,73.8567,25.2,50.5,38.8,68.3,1.01,27.7,9.8,54.3,68
2025-04-26,Pune,Maharashtra,18.5204,73.8567,26.0,47.6,33.1,51.1,1.16,16.7,9.5,39.1,55
2025-04-27,Pune,Maharashtra,18.5204,73.8567,26.1,73.0,57.3,86.7,1.25,27.9,9.9,31.3,96
2025-04-28,Pune,Maharashtra,18.5204,73.8567,27.8,60.5,51.8,77.5,1.32,34.8,9.5,44.5,86
2025-04-29,Pune,Maharashtra,18.5204,73.8567,27.2,52.5,27.4,44.1,0.68,27.8,8.5,47.4,46
2025-04-30,Pune,Maharashtra,18.5204,73.8567,26.8,61.6,29.9,52.5,0.59,24.1,7.6,47.7,52
2025-05-01,Pune,Maharashtra,18.5204,73.8567,27.1,73.7,46.6,72.8,1.02,37.8,10.4,21.6,78
2025-05-02,Pune,Maharashtra,18.5204,73.8567,26.5,62.7,37.9,66.1,1.05,29.2,7.6,66.9,66
2025-05-03,Pune,Maharashtra,18.5204,73.8567,27.7,38.9,55.5,71.9,1.22,30.4,16.5,50.9,92
2025-05-04,Pune,Maharashtra,18.5204,73.8567,30.2,77.1,45.1,71.9,1.18,21.1,8.9,45.2,75
2025-05-05,Pune,Maharashtra,18.5204,73.8567,25.6,45.6,41.6,75.9,0.58,35.9,11.0,34.0,76
2025-05-06,Pune,Maharashtra,18.5204,73.8567,29.0,57.1,30.7,49.8,1.03,28.4,6.4,54.3,51
2025-05-07,Pune,Maharashtra,18.5204,73.8567,31.0,50.7,42.2,64.4,1.02,38.3,12.2,52.3,70
2025-05-08,Pune,Maharashtra,18.5204,73.8567,28.3,53.5,28.3,43.8,0.58,36.0,10.5,46.2,47
2025-05-09,Pune,Maharashtra,18.5204,73.8567,27.8,60.8,49.2,58.8,1.15,22.0,11.2,46.2,82
2025-05-10,Pune,Maharashtra,18.5204,73.8567,30.5,44.3,39.9,59.8,0.97,19.1,6.1,47.0,66
2025-05-11,Pune,Maharashtra,18.5204,73.8567,27.2,58.3,29.9,54.1,0.89,6.4,6.1,46.8,54
2025-05-12,Pune,Maharashtra,18.5204,73.8567,29.1,67.0,42.2,65.9,1.12,33.0,14.4,51.1,70
2025-05-13,Pune,Maharashtra,18.5204,73.8567,27.4,53.2,57.0,90.1,1.2,36.2,8.3,43.8,95
2025-05-14,Pune,Maharashtra,18.5204,73.8567,26.0,49.5,32.7,42.5,0.64,25.0,10.5,43.6,55
2025-05-15,Pune,Maharashtra,18.5204,73.8567,29.2,58.3,38.1,53.5,0.9,18.8,6.2,57.0,64
2025-05-16,Pune,Maharashtra,18.5204,73.8567,27.3,57.0,30.2,55.2,0.59,23.1,11.4,30.9,55
2025-05-17,Pune,Maharashtra,18.5204,73.8567,29.7,55.3,33.3,58.0,0.97,25.8,6.6,40.8,58
2025-05-18,Pune,Maharashtra,18.5204,73.8567,31.8,51.3,23.0,33.5,0.97,26.1,5.0,51.8,38
2025-05-19,Pune,Maharashtra,18.5204,73.8567,33.3,63.4,31.5,49.1,0.66,25.7,6.4,47.2,52
2025-05-20,Pune,Maharashtra,18.5204,73.8567,30.2,64.1,31.3,51.5,0.75,28.0,6.8,45.1,52
2025-05-21,Pune,Maharashtra,18.5204,73.8567,32.0,52.6,45.2,66.4,0.87,27.7,10.8,60.0,75
2025-05-22,Pune,Maharashtra,18.5204,73.8567,31.0,53.7,20.1,27.1,0.66,27.5,7.8,49.4,34
2025-05-23,Pune,Maharashtra,18.5204,73.8567,29.7,61.3,27.5,44.7,0.87,26.6,4.9,33.2,46
2025-05-24,Pune,Maharashtra,18.5204,73.8567,27.1,53.8,38.0,66.0,0.86,19.0,9.0,39.1,66
2025-05-25,Pune,Maharashtra,18.5204,73.8567,33.6,62.0,26.6,46.2,0.89,30.8,4.7,54.5,46
2025-05-26,Pune,Maharashtra,18.5204,73.8567,28.9,71.2,26.4,47.1,0.95,29.8,10.0,46.9,47
2025-05-27,Pune,Maharashtra,18.5204,73.8567,33.4,60.7,22.3,31.6,0.91,23.9,10.3,58.6,37
2025-05-28,Pune,Maharashtra,18.5204,73.8567,31.9,52.8,21.3,35.4,0.57,22.5,7.6,55.8,36
2025-05-29,Pune,Maharashtra,18.5204,73.8567,29.3,64.3,17.1,27.5,0.9,29.4,8.2,47.1,29
2025-05-30,Pune,Maharashtra,18.5204,73.8567,31.8,60.5,21.7,35.5,0.96,11.1,13.0,42.1,36
2025-05-31,Pune,Maharashtra,18.5204,73.8567,35.2,61.0,19.5,31.6,0.95,27.7,7.1,53.8,32
2025-06-01,Pune,Maharashtra,18.5204,73.8567,34.2,65.6,24.2,37.6,0.75,18.9,5.1,50.3,40
2025-06-02,Pune,Maharashtra,18.5204,73.8567,30.6,67.4,19.3,23.1,0.6,26.7,9.3,47.8,32
2025-06-03,Pune,Maharashtra,18.5204,73.8567,30.4,63.0,20.0,36.6,0.57,21.1,4.2,55.1,37
2025-06-04,Pune,Maharashtra,18.5204,73.8567,32.0,62.7,19.5,33.2,0.55,12.8,6.9,55.4,33
2025-06-05,Pune,Maharashtra,18.5204,73.8567,31.6,77.8,20.7,29.5,0.73,17.6,5.9,58.1,34
2025-06-06,Pune,Maharashtra,18.5204,73.8567,34.2,72.1,18.0,31.0,0.83,25.9,5.3,52.8,31
2025-06-07,Pune,Maharashtra,18.5204,73.8567,33.4,69.8,15.4,24.4,0.87,17.7,6.5,67.0,26
2025-06-08,Pune,Maharashtra,18.5204,73.8567,29.2,65.2,19.2,30.4,0.64,16.4,10.2,53.1,32
2025-06-09,Pune,Maharashtra,18.5204,73.8567,33.2,57.6,22.9,35.1,0.75,17.5,11.1,54.7,38
2025-06-10,Pune,Maharashtra,18.5204,73.8567,32.1,72.8,17.9,30.9,0.68,23.6,10.2,57.4,31
2025-06-11,Pune,Maharashtra,18.5204,73.8567,32.6,66.3,14.6,22.3,0.57,29.2,8.2,48.3,24
2025-06-12,Pune,Maharashtra,18.5204,73.8567,33.1,61.6,15.5,23.0,0.78,6.1,6.5,37.5,26
2025-06-13,Pune,Maharashtra,18.5204,73.8567,34.9,64.3,9.7,17.6,0.66,33.9,1.0,53.0,18
2025-06-14,Pune,Maharashtra,18.5204,73.8567,34.6,59.6,14.0,22.8,0.68,19.7,8.2,63.0,23
2025-06-15,Pune,Maharashtra,18.5204,73.8567,31.6,74.1,12.6,20.5,0.69,21.5,1.0,53.0,21
2025-06-16,Pune,Maharashtra,18.5204,73.8567,33.0,71.9,10.6,18.6,0.71,14.8,1.1,53.6,19
2025-06-17,Pune,Maharashtra,18.5204,73.8567,32.4,68.8,10.4,16.1,0.71,17.3,6.3,47.0,17
2025-06-18,Pune,Maharashtra,18.5204,73.8567,30.2,67.6,10.6,16.7,0.49,18.5,7.6,34.7,18
2025-06-19,Pune,Maharashtra,18.5204,73.8567,33.2,63.5,13.5,22.8,0.78,12.0,5.7,66.1,23
2025-06-20,Pune,Maharashtra,18.5204,73.8567,36.8,53.7,12.9,18.2,0.68,13.3,11.6,58.9,22
2025-06-21,Pune,Maharashtra,18.5204,73.8567,30.5,59.1,8.0,15.0,0.52,23.7,8.0,47.5,15
2025-06-22,Pune,Maharashtra,18.5204,73.8567,33.6,64.2,8.0,15.0,0.62,7.2,5.9,50.6,15
2025-06-23,Pune,Maharashtra,18.5204,73.8567,33.6,63.5,8.0,15.0,0.64,19.2,10.8,66.1,15
2025-06-24,Pune,Maharashtra,18.5204,73.8567,34.4,72.2,8.7,15.1,0.76,14.6,11.4,64.1,15
2025-06-25,Pune,Maharashtra,18.5204,73.8567,32.2,76.2,8.0,15.0,0.43,10.8,8.2,46.0,15
2025-06-26,Pune,Maharashtra,18.5204,73.8567,31.4,70.0,8.0,15.0,0.79,28.4,4.3,61.8,15
2025-06-27,Pune,Maharashtra,18.5204,73.8567,31.6,81.2,8.0,15.0,0.59,10.8,5.0,51.6,15
2025-06-28,Pune,Maharashtra,18.5204,73.8567,36.6,66.2,8.0,15.0,0.51,9.8,2.3,55.8,15
2025-06-29,Pune,Maharashtra,18.5204,73.8567,32.5,71.1,8.0,15.0,0.51,15.4,6.5,51.8,15
2025-06-30,Pune,Maharashtra,18.5204,73.8567,33.4,72.0,8.0,15.0,0.44,11.9,3.5,49.4,15
2025-07-01,Pune,Maharashtra,18.5204,73.8567,38.2,80.3,8.0,15.0,0.33,16.6,5.7,52.7,15
2025-07-02,Pune,Maharashtra,18.5204,73.8567,33.1,73.8,8.0,15.0,0.69,17.5,7.4,61.4,15
2025-07-03,Pune,Maharashtra,18.5204,73.8567,35.1,74.3,8.0,15.0,0.89,18.0,1.0,56.6,15
2025-07-04,Pune,Maharashtra,18.5204,73.8567,36.5,62.1,8.0,15.0,0.35,15.8,2.8,65.5,15
2025-07-05,Pune,Maharashtra,18.5204,73.8567,36.5,67.6,8.0,15.0,0.45,12.3,5.1,62.8,15
2025-07-06,Pune,Maharashtra,18.5204,73.8567,32.3,81.9,8.0,15.0,0.7,20.4,6.5,58.3,15
2025-07-07,Pune,Maharashtra,18.5204,73.8567,33.5,59.9,8.0,15.0,0.58,15.9,5.2,39.4,15
2025-07-08,Pune,Maharashtra,18.5204,73.8567,35.3,84.1,8.0,15.0,0.71,13.6,5.8,51.8,15
2025-07-09,Pune,Maharashtra,18.5204,73.8567,38.3,78.4,8.0,15.1,0.57,25.4,4.5,68.0,15
2025-07-10,Pune,Maharashtra,18.5204,73.8567,33.5,69.9,8.0,15.0,0.5,15.8,2.3,45.6,15
2025-07-11,Pune,Maharashtra,18.5204,73.8567,34.0,69.5,8.0,15.0,0.56,23.1,5.0,59.6,15
2025-07-12,Pune,Maharashtra,18.5204,73.8567,35.7,88.7,8.0,15.0,0.23,23.9,6.0,48.2,15
2025-07-13,Pune,Maharashtra,18.5204,73.8567,36.1,85.5,8.0,15.0,0.42,24.3,5.7,60.0,15
2025-07-14,Pune,Maharashtra,18.5204,73.8567,36.2,74.9,8.0,15.0,0.73,20.7,7.0,73.0,15
2025-07-15,Pune,Maharashtra,18.5204,73.8567,33.5,76.8,8.0,15.0,0.77,16.6,7.9,61.9,15
2025-07-16,Pune,Maharashtra,18.5204,73.8567,34.0,71.4,8.0,15.0,0.8,16.2,8.7,41.8,15
2025-07-17,Pune,Maharashtra,18.5204,73.8567,35.4,76.9,8.0,15.0,0.66,15.1,4.7,65.6,15
2025-07-18,Pune,Maharashtra,18.5204,73.8567,37.3,71.3,8.0,15.0,0.25,4.0,1.9,76.4,15
2025-07-19,Pune,Maharashtra,18.5204,73.8567,34.6,75.5,8.0,15.0,0.49,20.9,10.5,79.9,15
2025-07-20,Pune,Maharashtra,18.5204,73.8567,34.9,88.7,8.0,15.0,0.79,18.0,7.8,61.9,15
2025-07-21,Pune,Maharashtra,18.5204,73.8567,33.1,75.3,8.0,15.0,0.83,21.5,3.8,44.3,15
2025-07-22,Pune,Maharashtra,18.5204,73.8567,38.3,68.6,8.0,15.0,0.79,15.9,7.5,67.0,15
2025-07-23,Pune,Maharashtra,18.5204,73.8567,35.2,66.3,8.0,15.0,0.55,20.5,9.8,71.3,15
2025-07-24,Pune,Maharashtra,18.5204,73.8567,36.9,76.6,8.0,15.0,0.39,8.3,11.8,59.7,15
2025-07-25,Pune,Maharashtra,18.5204,73.8567,34.9,70.3,8.0,15.0,0.58,9.5,7.4,66.4,15
2025-07-26,Pune,Maharashtra,18.5204,73.8567,35.0,77.2,8.0,15.0,0.59,4.0,9.8,51.5,15
2025-07-27,Pune,Maharashtra,18.5204,73.8567,32.1,64.0,8.0,15.0,0.82,15.8,3.0,56.6,15
2025-07-28,Pune,Maharashtra,18.5204,73.8567,30.9,79.9,8.0,15.0,0.62,11.9,6.5,31.7,15
2025-07-29,Pune,Maharashtra,18.5204,73.8567,37.0,67.5,8.0,15.0,0.59,11.1,5.6,53.8,15
2025-07-30,Pune,Maharashtra,18.5204,73.8567,34.8,75.0,8.0,15.0,0.6,18.6,7.7,57.8,15
2025-07-31,Pune,Maharashtra,18.5204,73.8567,35.0,72.1,8.0,15.0,0.65,14.0,11.5,55.3,15
2025-08-01,Pune,Maharashtra,18.5204,73.8567,32.3,86.2,8.0,15.0,0.68,8.0,7.4,43.5,15
2025-08-02,Pune,Maharashtra,18.5204,73.8567,32.9,75.1,8.0,15.0,0.48,31.8,3.8,50.8,15
2025-08-03,Pune,Maharashtra,18.5204,73.8567,36.3,87.3,8.0,15.0,0.43,16.3,2.8,63.0,15
2025-08-04,Pune,Maharashtra,18.5204,73.8567,37.5,77.3,8.0,15.0,0.79,10.1,11.6,61.5,15
2025-08-05,Pune,Maharashtra,18.5204,73.8567,33.2,83.0,8.0,15.0,0.34,12.5,8.2,55.7,15
2025-08-06,Pune,Maharashtra,18.5204,73.8567,35.4,71.2,8.0,15.0,0.83,15.5,8.0,64.7,15
2025-08-07,Pune,Maharashtra,18.5204,73.8567,34.5,74.8,8.0,15.0,0.3,15.5,5.6,54.6,15
2025-08-08,Pune,Maharashtra,18.5204,73.8567,33.8,80.5,8.0,15.0,0.5,24.4,7.4,67.2,15
2025-08-09,Pune,Maharashtra,18.5204,73.8567,37.3,78.0,8.0,15.0,0.73,16.1,3.7,53.9,15
2025-08-10,Pune,Maharashtra,18.5204,73.8567,33.0,75.0,9.0,15.0,0.6,28.0,7.9,70.4,15
2025-08-11,Pune,Maharashtra,18.5204,73.8567,36.0,68.6,8.0,15.0,0.39,14.0,3.1,68.7,15
2025-08-12,Pune,Maharashtra,18.5204,73.8567,34.4,69.4,8.2,15.0,0.66,19.2,5.6,54.3,15
2025-08-13,Pune,Maharashtra,18.5204,73.8567,33.6,78.1,8.0,15.0,0.6,22.7,4.7,53.6,15
2025-08-14,Pune,Maharashtra,18.5204,73.8567,36.0,79.2,8.0,15.0,0.56,23.7,1.0,61.4,15
2025-08-15,Pune,Maharashtra,18.5204,73.8567,33.9,65.3,9.0,15.0,0.51,24.7,5.7,61.1,15
2025-08-16,Pune,Maharashtra,18.5204,73.8567,33.1,63.8,15.7,24.0,0.67,17.4,4.6,63.2,26
2025-08-17,Pune,Maharashtra,18.5204,73.8567,35.7,62.3,9.7,16.8,0.52,17.1,6.1,48.4,17
2025-08-18,Pune,Maharashtra,18.5204,73.8567,35.3,74.1,14.2,21.8,1.02,4.0,7.1,61.6,24
2025-08-19,Pune,Maharashtra,18.5204,73.8567,35.1,61.4,16.5,33.0,0.65,18.1,12.6,40.6,33
2025-08-20,Pune,Maharashtra,18.5204,73.8567,25.9,73.2,13.4,21.9,0.59,24.8,8.0,41.6,22
2025-08-21,Pune,Maharashtra,18.5204,73.8567,33.5,70.9,14.6,21.5,0.58,24.1,8.2,66.8,24
2025-08-22,Pune,Maharashtra,18.5204,73.8567,33.0,62.9,10.3,15.4,0.88,16.8,8.3,43.5,17
2025-08-23,Pune,Maharashtra,18.5204,73.8567,32.5,77.3,13.5,24.5,0.4,28.5,9.7,40.8,24
2025-08-24,Pune,Maharashtra,18.5204,73.8567,33.5,55.8,20.2,32.0,0.78,18.1,9.0,56.4,34
2025-08-25,Pune,Maharashtra,18.5204,73.8567,32.8,77.3,17.5,25.3,0.66,15.3,8.2,64.8,29
2025-08-26,Pune,Maharashtra,18.5204,73.8567,33.4,67.5,19.5,34.8,0.5,17.4,9.7,57.1,35
2025-08-27,Pune,Maharashtra,18.5204,73.8567,31.6,50.4,19.3,30.7,0.59,13.5,1.0,36.4,32
2025-08-28,Pune,Maharashtra,18.5204,73.8567,34.6,75.8,31.6,55.3,0.9,27.9,14.8,41.8,55
2025-08-29,Pune,Maharashtra,18.5204,73.8567,33.2,71.1,18.4,33.0,0.58,21.6,12.2,55.1,33
2025-08-30,Pune,Maharashtra,18.5204,73.8567,32.7,61.0,29.9,50.6,0.87,27.2,9.0,42.9,51
2025-08-31,Pune,Maharashtra,18.5204,73.8567,32.5,56.9,22.4,45.0,1.01,18.7,3.6,53.8,45
2025-09-01,Pune,Maharashtra,18.5204,73.8567,33.6,52.4,32.6,45.4,0.89,24.1,12.2,55.0,54
2025-09-02,Pune,Maharashtra,18.5204,73.8567,33.2,80.0,17.7,27.0,0.48,6.6,5.3,50.4,30
2025-09-03,Pune,Maharashtra,18.5204,73.8567,31.0,56.3,24.9,40.1,0.65,24.2,9.6,64.7,42
2025-09-04,Pune,Maharashtra,18.5204,73.8567,32.9,53.7,22.5,44.8,0.71,21.8,4.0,58.1,45
2025-09-05,Pune,Maharashtra,18.5204,73.8567,31.3,64.1,26.1,50.0,0.74,15.7,14.8,60.2,50
2025-09-06,Pune,Maharashtra,18.5204,73.8567,34.3,50.5,34.0,62.6,0.9,24.2,4.4,61.9,63
2025-09-07,Pune,Maharashtra,18.5204,73.8567,32.7,54.9,29.0,44.3,0.87,21.7,8.5,51.3,48
2025-09-08,Pune,Maharashtra,18.5204,73.8567,29.5,68.5,35.7,55.3,1.16,36.0,2.5,45.1,60
2025-09-09,Pune,Maharashtra,18.5204,73.8567,34.7,64.6,24.1,36.8,0.77,15.4,7.8,53.7,40
2025-09-10,Pune,Maharashtra,18.5204,73.8567,26.6,58.4,23.9,36.6,0.59,23.6,6.6,48.6,40
2025-09-11,Pune,Maharashtra,18.5204,73.8567,31.4,61.0,29.4,55.0,1.0,16.8,11.8,45.1,55
2025-09-12,Pune,Maharashtra,18.5204,73.8567,28.9,57.6,29.6,47.8,1.02,20.1,7.1,60.1,49
2025-09-13,Pune,Maharashtra,18.5204,73.8567,33.4,60.1,29.3,47.8,0.86,25.0,11.8,47.6,49
2025-09-14,Pune,Maharashtra,18.5204,73.8567,30.4,55.0,25.2,44.5,0.74,20.8,4.9,50.8,44
2025-09-15,Pune,Maharashtra,18.5204,73.8567,28.4,56.1,41.3,57.9,1.05,27.2,8.5,42.4,69
2025-09-16,Pune,Maharashtra,18.5204,73.8567,29.2,55.8,29.9,49.5,0.8,25.6,7.6,43.1,50
2025-09-17,Pune,Maharashtra,18.5204,73.8567,28.3,54.8,45.1,66.9,0.69,25.5,11.1,61.1,75
2025-09-18,Pune,Maharashtra,18.5204,73.8567,28.9,67.1,33.6,54.0,0.96,30.1,9.8,42.3,56
2025-09-19,Pune,Maharashtra,18.5204,73.8567,28.7,65.0,39.3,61.4,1.07,24.8,11.3,42.5,66
2025-09-20,Pune,Maharashtra,18.5204,73.8567,27.8,53.0,39.2,60.9,1.15,26.0,9.9,38.3,65
2025-09-21,Pune,Maharashtra,18.5204,73.8567,29.5,51.0,29.4,49.5,0.72,25.6,10.3,47.6,50
2025-09-22,Pune,Maharashtra,18.5204,73.8567,29.6,58.2,38.8,65.3,0.97,27.8,6.4,45.7,65
2025-09-23,Pune,Maharashtra,18.5204,73.8567,27.0,74.3,55.6,89.8,1.15,35.6,11.6,31.7,93
2025-09-24,Pune,Maharashtra,18.5204,73.8567,25.7,51.9,39.0,66.5,0.95,28.4,13.9,36.8,66
2025-09-25,Pune,Maharashtra,18.5204,73.8567,29.1,57.9,45.6,69.4,1.02,31.4,4.6,49.9,76
2025-09-26,Pune,Maharashtra,18.5204,73.8567,29.4,59.5,44.2,77.5,1.0,26.2,11.0,53.8,78
2025-09-27,Pune,Maharashtra,18.5204,73.8567,29.6,58.1,41.2,66.7,0.99,20.8,11.3,46.5,69
2025-09-28,Pune,Maharashtra,18.5204,73.8567,29.2,55.6,40.7,64.1,1.06,18.4,13.6,46.1,68
2025-09-29,Pune,Maharashtra,18.5204,73.8567,30.9,66.8,44.6,68.3,1.18,18.3,11.7,45.1,74
2025-09-30,Pune,Maharashtra,18.5204,73.8567,29.7,61.8,47.4,76.5,0.91,39.7,10.1,41.8,79
2025-10-01,Pune,Maharashtra,18.5204,73.8567,32.6,64.5,30.1,58.2,0.81,10.4,9.7,44.9,58
2025-10-02,Pune,Maharashtra,18.5204,73.8567,33.3,62.7,43.4,71.2,0.92,35.0,7.3,39.5,72
2025-10-03,Pune,Maharashtra,18.5204,73.8567,24.4,64.7,40.0,59.1,0.86,21.9,8.0,32.4,67
2025-10-04,Pune,Maharashtra,18.5204,73.8567,23.5,69.5,38.6,69.1,0.69,33.5,5.1,44.0,69
2025-10-05,Pune,Maharashtra,18.5204,73.8567,27.3,67.7,56.7,89.5,1.13,18.9,15.0,37.6,94
2025-10-06,Pune,Maharashtra,18.5204,73.8567,28.1,74.6,36.7,62.1,0.98,24.3,10.3,41.6,62
2025-10-07,Pune,Maharashtra,18.5204,73.8567,27.0,66.9,32.1,50.0,0.83,33.0,5.8,40.0,54
2025-10-08,Pune,Maharashtra,18.5204,73.8567,28.2,53.6,52.5,96.8,1.08,35.1,11.0,52.9,97
2025-10-09,Pune,Maharashtra,18.5204,73.8567,26.4,64.2,32.6,50.9,0.93,22.4,12.1,34.5,54
2025-10-10,Pune,Maharashtra,18.5204,73.8567,25.5,63.2,29.5,54.8,1.04,11.8,11.3,43.0,55
2025-10-11,Pune,Maharashtra,18.5204,73.8567,25.6,71.7,55.6,83.0,1.06,23.9,7.7,37.9,93
2025-10-12,Pune,Maharashtra,18.5204,73.8567,26.1,51.4,47.7,76.6,0.85,37.6,1.0,40.6,80
2025-10-13,Pune,Maharashtra,18.5204,73.8567,27.9,62.1,51.6,96.0,1.06,28.4,11.3,44.4,96
2025-10-14,Pune,Maharashtra,18.5204,73.8567,25.4,53.4,42.6,71.4,1.26,27.2,6.8,39.8,71
2025-10-15,Pune,Maharashtra,18.5204,73.8567,25.6,61.7,35.0,69.7,0.71,26.9,10.7,46.8,70
2025-10-16,Pune,Maharashtra,18.5204,73.8567,27.0,56.6,36.9,59.5,1.01,18.0,11.8,42.3,62
2025-10-17,Pune,Maharashtra,18.5204,73.8567,25.5,61.5,45.6,77.0,1.18,31.0,13.0,53.2,77
2025-10-18,Pune,Maharashtra,18.5204,73.8567,27.8,48.2,37.0,71.5,0.56,23.3,14.2,44.1,72
2025-10-19,Pune,Maharashtra,18.5204,73.8567,24.0,63.6,52.8,75.1,1.15,32.7,13.9,22.4,88
2025-10-20,Pune,Maharashtra,18.5204,73.8567,23.5,59.5,45.0,63.2,1.09,24.9,14.8,41.1,75
2025-10-21,Pune,Maharashtra,18.5204,73.8567,25.9,59.1,52.4,80.2,1.04,21.3,14.3,42.4,87
2025-10-22,Pune,Maharashtra,18.5204,73.8567,26.0,71.7,52.5,93.1,0.99,28.2,14.6,39.6,93
2025-10-23,Pune,Maharashtra,18.5204,73.8567,23.6,55.4,55.8,78.5,1.03,35.7,10.3,33.1,93
2025-10-24,Pune,Maharashtra,18.5204,73.8567,27.4,60.4,57.7,100.3,1.09,34.8,6.7,24.2,100
2025-10-25,Pune,Maharashtra,18.5204,73.8567,28.4,58.7,48.3,83.6,0.99,29.7,17.3,28.0,84
2025-10-26,Pune,Maharashtra,18.5204,73.8567,23.6,59.4,54.8,106.9,1.03,36.9,10.6,48.5,105
2025-10-27,Pune,Maharashtra,18.5204,73.8567,27.3,73.6,55.9,100.9,1.07,30.7,14.2,36.5,101
2025-10-28,Pune,Maharashtra,18.5204,73.8567,20.3,58.5,31.3,53.4,1.03,24.4,6.9,40.0,53
2025-10-29,Pune,Maharashtra,18.5204,73.8567,26.4,54.1,62.2,115.3,1.01,31.0,13.9,26.1,110
2025-10-30,Pune,Maharashtra,18.5204,73.8567,22.8,71.1,56.2,97.3,0.86,37.7,3.2,25.4,97
2025-10-31,Pune,Maharashtra,18.5204,73.8567,25.9,55.9,62.1,98.1,1.37,35.6,9.7,43.7,107
2025-11-01,Pune,Maharashtra,18.5204,73.8567,22.3,46.8,41.6,61.6,0.93,24.0,9.0,33.8,69
2025-11-02,Pune,Maharashtra,18.5204,73.8567,23.8,52.8,52.0,81.3,1.02,21.7,11.5,40.2,87
2025-11-03,Pune,Maharashtra,18.5204,73.8567,22.4,49.3,44.2,72.6,0.97,34.8,12.7,34.3,74
2025-11-04,Pune,Maharashtra,18.5204,73.8567,23.3,45.4,66.6,111.7,1.27,30.9,8.0,32.0,122
2025-11-05,Pune,Maharashtra,18.5204,73.8567,26.9,55.5,41.8,55.6,0.89,27.8,11.3,36.4,70
2025-11-06,Pune,Maharashtra,18.5204,73.8567,23.3,57.5,46.8,75.7,1.1,43.1,13.4,26.1,78
2025-11-07,Pune,Maharashtra,18.5204,73.8567,27.2,66.3,65.1,107.6,1.08,39.6,18.2,51.2,117
2025-11-08,Pune,Maharashtra,18.5204,73.8567,22.6,62.4,50.7,87.9,1.02,39.9,12.2,46.6,88
2025-11-09,Pune,Maharashtra,18.5204,73.8567,25.8,62.1,47.9,90.6,0.7,26.1,8.4,31.3,91
2025-11-10,Pune,Maharashtra,18.5204,73.8567,20.1,51.8,72.2,121.1,1.48,43.5,8.0,19.2,141
2025-11-11,Pune,Maharashtra,18.5204,73.8567,22.4,64.2,73.3,111.0,1.29,37.6,17.4,28.8,144
2025-11-12,Pune,Maharashtra,18.5204,73.8567,21.9,67.7,70.2,96.8,1.38,38.7,13.8,33.7,134
2025-11-13,Pune,Maharashtra,18.5204,73.8567,25.5,60.8,72.7,127.5,1.38,49.4,11.8,35.1,142
2025-11-14,Pune,Maharashtra,18.5204,73.8567,23.0,61.0,57.7,87.7,1.22,30.8,5.8,38.0,96
2025-11-15,Pune,Maharashtra,18.5204,73.8567,18.8,49.1,58.4,104.0,1.15,32.8,7.9,26.8,103
2025-11-16,Pune,Maharashtra,18.5204,73.8567,20.1,65.4,53.3,99.2,1.15,25.7,12.2,28.8,99
2025-11-17,Pune,Maharashtra,18.5204,73.8567,20.5,70.5,64.2,91.1,1.07,39.9,12.2,48.7,114
2025-11-18,Pune,Maharashtra,18.5204,73.8567,23.9,60.3,55.5,96.1,0.94,28.4,4.6,31.5,96
2025-11-19,Pune,Maharashtra,18.5204,73.8567,23.6,53.8,57.0,105.1,1.12,38.4,12.5,48.1,103
2025-11-20,Pune,Maharashtra,18.5204,73.8567,21.5,56.9,71.9,129.7,1.2,27.1,7.1,41.7,140
2025-11-21,Pune,Maharashtra,18.5204,73.8567,20.9,55.1,82.3,109.9,1.63,43.6,16.6,32.3,174
2025-11-22,Pune,Maharashtra,18.5204,73.8567,23.1,55.5,69.6,106.0,1.33,32.4,12.2,17.6,132
2025-11-23,Pune,Maharashtra,18.5204,73.8567,19.7,62.5,95.2,138.8,1.45,48.8,12.2,25.2,217
2025-11-24,Pune,Maharashtra,18.5204,73.8567,22.4,60.0,55.2,95.5,1.07,31.6,13.4,29.3,96
2025-11-25,Pune,Maharashtra,18.5204,73.8567,22.2,65.0,43.3,74.1,1.0,24.6,10.5,34.4,74
2025-11-26,Pune,Maharashtra,18.5204,73.8567,20.9,60.6,76.3,95.0,1.34,36.1,16.1,20.4,154
2025-11-27,Pune,Maharashtra,18.5204,73.8567,22.1,52.0,55.3,88.8,1.16,26.6,10.7,38.8,92
2025-11-28,Pune,Maharashtra,18.5204,73.8567,21.4,54.5,62.0,109.8,1.2,38.9,11.4,39.0,107
2025-11-29,Pune,Maharashtra,18.5204,73.8567,22.1,54.1,44.9,75.0,0.79,22.1,8.7,43.2,75
2025-11-30,Pune,Maharashtra,18.5204,73.8567,18.7,56.7,54.6,91.3,0.78,29.9,11.2,24.4,91
2025-12-01,Pune,Maharashtra,18.5204,73.8567,22.1,70.6,48.0,76.6,0.98,31.4,14.9,25.1,80
2025-12-02,Pune,Maharashtra,18.5204,73.8567,22.8,71.7,61.1,91.1,1.26,43.2,9.4,36.1,104
2025-12-03,Pune,Maharashtra,18.5204,73.8567,21.4,63.9,61.9,101.9,1.13,33.7,12.9,45.1,106
2025-12-04,Pune,Maharashtra,18.5204,73.8567,21.8,58.8,69.2,114.6,1.45,34.7,8.9,31.6,131
2025-12-05,Pune,Maharashtra,18.5204,73.8567,20.5,48.5,89.4,155.8,1.49,44.3,7.0,30.4,198
2025-12-06,Pune,Maharashtra,18.5204,73.8567,22.2,59.5,79.4,139.2,1.59,27.0,13.0,28.7,165
2025-12-07,Pune,Maharashtra,18.5204,73.8567,20.6,52.5,48.1,79.9,1.21,22.2,11.0,27.2,80
2025-12-08,Pune,Maharashtra,18.5204,73.8567,18.4,69.4,78.8,143.0,1.53,37.0,12.0,29.8,163
2025-12-09,Pune,Maharashtra,18.5204,73.8567,21.8,46.8,70.9,113.1,1.11,32.4,7.2,30.0,136
2025-12-10,Pune,Maharashtra,18.5204,73.8567,17.4,60.7,68.0,97.5,1.26,26.2,12.4,27.2,127
2025-12-11,Pune,Maharashtra,18.5204,73.8567,20.7,51.9,69.4,119.5,1.45,41.4,12.4,33.3,131
2025-12-12,Pune,Maharashtra,18.5204,73.8567,19.5,57.9,73.2,122.2,1.35,39.0,9.2,29.6,144
2025-12-13,Pune,Maharashtra,18.5204,73.8567,19.3,62.7,60.3,104.0,1.25,34.1,6.8,32.3,103
2025-12-14,Pune,Maharashtra,18.5204,73.8567,20.3,65.2,67.7,98.9,1.04,31.5,10.7,22.0,126
2025-12-15,Pune,Maharashtra,18.5204,73.8567,18.7,57.6,91.8,176.1,1.81,43.8,15.3,16.4,206
2025-12-16,Pune,Maharashtra,18.5204,73.8567,20.8,63.3,60.8,106.8,1.06,36.5,12.1,29.9,105
2025-12-17,Pune,Maharashtra,18.5204,73.8567,20.0,53.4,56.7,91.2,0.83,30.6,7.9,29.1,94
2025-12-18,Pune,Maharashtra,18.5204,73.8567,18.7,59.7,70.4,106.3,1.23,39.2,12.0,21.7,135
2025-12-19,Pune,Maharashtra,18.5204,73.8567,22.2,65.0,55.8,101.1,0.75,27.1,13.1,34.8,101
2025-12-20,Pune,Maharashtra,18.5204,73.8567,20.1,60.3,49.1,73.0,0.88,30.3,6.4,37.4,82
2025-12-21,Pune,Maharashtra,18.5204,73.8567,20.8,54.3,66.7,132.8,1.63,42.2,11.5,39.1,122
2025-12-22,Pune,Maharashtra,18.5204,73.8567,22.1,56.0,99.3,154.7,1.55,53.2,18.0,39.8,231
2025-12-23,Pune,Maharashtra,18.5204,73.8567,22.1,65.1,71.7,136.9,1.08,44.9,7.9,20.6,139
2025-12-24,Pune,Maharashtra,18.5204,73.8567,20.5,50.4,75.4,122.4,1.34,39.9,15.5,19.0,151
2025-12-25,Pune,Maharashtra,18.5204,73.8567,18.9,51.4,45.5,85.9,0.87,28.7,14.5,26.4,86
2025-12-26,Pune,Maharashtra,18.5204,73.8567,16.8,62.2,80.2,123.5,1.52,37.0,11.8,22.6,167
2025-12-27,Pune,Maharashtra,18.5204,73.8567,19.7,54.9,74.5,123.2,1.19,27.0,10.9,25.2,148
2025-12-28,Pune,Maharashtra,18.5204,73.8567,21.3,47.8,63.2,111.9,1.24,26.2,14.2,26.3,111
2025-12-29,Pune,Maharashtra,18.5204,73.8567,19.9,67.5,76.2,133.4,1.18,37.4,11.5,24.8,154
2025-12-30,Pune,Maharashtra,18.5204,73.8567,13.1,50.3,76.2,138.3,1.74,37.7,5.0,20.1,154
2025-12-31,Pune,Maharashtra,18.5204,73.8567,20.8,56.6,58.2,91.8,1.22,41.1,10.4,19.8,97
2024-01-01,Bengaluru,Karnataka,12.9716,77.5946,19.0,64.5,97.6,163.1,1.53,47.1,12.9,9.9,225
2024-01-02,Bengaluru,Karnataka,12.9716,77.5946,18.7,60.6,58.6,99.8,1.23,35.7,11.4,23.0,100
2024-01-03,Bengaluru,Karnataka,12.9716,77.5946,20.3,60.9,73.7,111.0,1.26,43.3,12.6,14.3,146
2024-01-04,Bengaluru,Karnataka,12.9716,77.5946,19.7,72.0,51.5,84.8,1.3,30.8,17.5,26.9,86
2024-01-05,Bengaluru,Karnataka,12.9716,77.5946,17.1,61.4,66.5,123.6,1.24,33.2,12.2,29.5,122
2024-01-06,Bengaluru,Karnataka,12.9716,77.5946,22.7,59.5,60.0,87.1,1.53,36.1,12.7,39.2,100
2024-01-07,Bengaluru,Karnataka,12.9716,77.5946,19.5,60.1,70.9,107.9,1.38,40.3,15.2,21.3,136
2024-01-08,Bengaluru,Karnataka,12.9716,77.5946,18.0,58.5,56.2,100.1,0.92,37.3,12.1,30.5,100
2024-01-09,Bengaluru,Karnataka,12.9716,77.5946,15.2,57.3,82.7,137.4,1.73,30.2,12.4,17.6,176
2024-01-10,Bengaluru,Karnataka,12.9716,77.5946,14.3,58.5,42.4,70.9,1.14,26.5,9.1,32.5,71
2024-01-11,Bengaluru,Karnataka,12.9716,77.5946,14.4,73.6,72.5,130.8,1.36,30.8,10.7,17.8,142
2024-01-12,Bengaluru,Karnataka,12.9716,77.5946,15.3,67.0,60.4,92.5,1.27,36.7,12.2,8.0,101
2024-01-13,Bengaluru,Karnataka,12.9716,77.5946,19.5,59.6,47.1,74.0,0.84,33.4,9.3,36.6,78
2024-01-14,Bengaluru,Karnataka,12.9716,77.5946,17.9,68.9,90.5,140.6,1.23,41.3,15.1,18.9,202
2024-01-15,Bengaluru,Karnataka,12.9716,77.5946,15.9,50.9,88.5,141.3,1.48,37.9,10.0,17.4,195
2024-01-16,Bengaluru,Karnataka,12.9716,77.5946,16.8,71.6,37.3,69.1,1.12,29.5,9.4,28.8,69
2024-01-17,Bengaluru,Karnataka,12.9716,77.5946,16.5,71.1,61.2,85.4,1.24,32.8,15.6,11.9,104
2024-01-18,Bengaluru,Karnataka,12.9716,77.5946,18.4,77.7,68.8,101.1,1.52,44.6,10.8,26.2,129
2024-01-19,Bengaluru,Karnataka,12.9716,77.5946,15.4,69.1,64.9,93.7,1.42,45.4,16.7,25.5,116
2024-01-20,Bengaluru,Karnataka,12.9716,77.5946,17.7,65.1,82.1,152.7,1.42,46.3,13.1,26.0,174
2024-01-21,Bengaluru,Karnataka,12.9716,77.5946,17.6,71.0,78.4,122.1,1.55,40.5,12.1,18.5,161
2024-01-22,Bengaluru,Karnataka,12.9716,77.5946,15.5,57.6,62.3,99.7,1.42,44.9,11.3,29.5,108
2024-01-23,Bengaluru,Karnataka,12.9716,77.5946,19.9,59.2,96.9,136.4,1.56,46.4,12.8,17.2,223
2024-01-24,Bengaluru,Karnataka,12.9716,77.5946,16.6,61.6,72.1,116.1,1.27,34.2,5.8,17.3,140
2024-01-25,Bengaluru,Karnataka,12.9716,77.5946,15.3,71.6,54.2,96.5,1.12,27.3,13.0,21.0,96
2024-01-26,Bengaluru,Karnataka,12.9716,77.5946,18.7,56.0,51.8,87.5,0.71,26.4,16.7,30.0,88
2024-01-27,Bengaluru,Karnataka,12.9716,77.5946,17.2,55.3,76.8,125.6,1.4,38.6,13.6,20.3,156
2024-01-28,Bengaluru,Karnataka,12.9716,77.5946,17.9,63.7,49.0,69.4,1.15,32.5,11.5,36.6,82
2024-01-29,Bengaluru,Karnataka,12.9716,77.5946,15.1,67.0,53.3,85.3,1.11,22.6,9.7,24.1,89
2024-01-30,Bengaluru,Karnataka,12.9716,77.5946,18.7,57.1,55.2,92.3,1.17,29.0,13.9,28.0,92
2024-01-31,Bengaluru,Karnataka,12.9716,77.5946,21.2,66.7,62.8,94.3,1.19,35.4,10.9,32.7,109
2024-02-01,Bengaluru,Karnataka,12.9716,77.5946,15.0,71.6,55.6,97.2,0.82,35.7,11.2,27.3,97
2024-02-02,Bengaluru,Karnataka,12.9716,77.5946,18.0,70.4,43.3,77.3,1.23,27.7,4.8,29.3,77
2024-02-03,Bengaluru,Karnataka,12.9716,77.5946,16.0,64.5,74.6,117.2,1.27,39.3,10.4,8.0,149
2024-02-04,Bengaluru,Karnataka,12.9716,77.5946,22.3,61.4,52.8,92.8,0.99,23.5,11.3,42.0,93
2024-02-05,Bengaluru,Karnataka,12.9716,77.5946,19.7,74.1,89.7,146.6,1.7,37.2,15.9,26.5,199
2024-02-06,Bengaluru,Karnataka,12.9716,77.5946,18.0,62.1,61.4,111.9,1.33,33.3,13.7,31.1,108
2024-02-07,Bengaluru,Karnataka,12.9716,77.5946,15.3,68.6,75.7,148.0,1.38,41.3,7.3,16.7,152
2024-02-08,Bengaluru,Karnataka,12.9716,77.5946,15.8,75.7,65.6,97.6,1.34,36.4,6.8,8.0,119
2024-02-09,Bengaluru,Karnataka,12.9716,77.5946,19.0,67.8,76.1,134.4,1.17,33.3,13.8,8.0,154
2024-02-10,Bengaluru,Karnataka,12.9716,77.5946,15.2,55.0,64.4,118.9,1.2,33.2,8.9,13.4,115
2024-02-11,Bengaluru,Karnataka,12.9716,77.5946,15.3,53.3,59.7,89.8,1.36,42.2,13.5,25.7,100
2024-02-12,Bengaluru,Karnataka,12.9716,77.5946,17.8,59.9,71.9,112.4,1.2,40.3,6.9,34.7,140
2024-02-13,Bengaluru,Karnataka,12.9716,77.5946,18.1,67.0,97.4,152.1,1.43,44.2,13.5,24.6,225
2024-02-14,Bengaluru,Karnataka,12.9716,77.5946,18.6,65.1,52.9,86.3,1.1,24.8,10.1,19.0,88
2024-02-15,Bengaluru,Karnataka,12.9716,77.5946,17.2,77.4,66.7,106.5,1.26,31.1,12.8,17.5,122
2024-02-16,Bengaluru,Karnataka,12.9716,77.5946,19.7,65.0,55.7,90.3,1.22,31.9,7.4,39.8,93
2024-02-17,Bengaluru,Karnataka,12.9716,77.5946,16.5,59.7,62.2,110.4,0.98,35.5,5.1,12.8,107
2024-02-18,Bengaluru,Karnataka,12.9716,77.5946,19.3,54.1,55.9,76.4,0.74,35.3,11.0,45.1,93
2024-02-19,Bengaluru,Karnataka,12.9716,77.5946,18.6,70.3,34.4,51.7,1.02,27.3,10.3,44.4,57
2024-02-20,Bengaluru,Karnataka,12.9716,77.5946,19.4,62.0,52.6,92.2,0.92,28.6,13.2,45.8,92
2024-02-21,Bengaluru,Karnataka,12.9716,77.5946,20.5,51.5,68.3,118.3,1.17,32.8,10.4,32.0,128
2024-02-22,Bengaluru,Karnataka,12.9716,77.5946,17.6,62.2,46.1,68.8,0.69,41.0,12.0,23.9,77
2024-02-23,Bengaluru,Karnataka,12.9716,77.5946,17.3,55.0,66.6,115.4,1.39,32.0,12.8,26.9,122
2024-02-24,Bengaluru,Karnataka,12.9716,77.5946,15.6,59.0,56.4,104.2,1.18,24.3,14.5,29.5,103
2024-02-25,Bengaluru,Karnataka,12.9716,77.5946,15.0,62.0,51.7,84.9,1.12,20.7,10.0,16.7,86
2024-02-26,Bengaluru,Karnataka,12.9716,77.5946,18.4,55.7,65.5,98.2,1.27,32.8,6.1,17.1,118
2024-02-27,Bengaluru,Karnataka,12.9716,77.5946,18.6,58.6,62.1,110.6,0.88,39.5,10.8,24.3,107
2024-02-28,Bengaluru,Karnataka,12.9716,77.5946,17.0,56.8,58.3,111.3,1.0,29.2,10.9,18.1,108
2024-02-29,Bengaluru,Karnataka,12.9716,77.5946,17.4,57.0,66.2,100.4,1.17,44.0,12.9,34.2,121
2024-03-01,Bengaluru,Karnataka,12.9716,77.5946,21.8,54.9,55.1,91.2,1.0,31.6,5.8,27.5,92
2024-03-02,Bengaluru,Karnataka,12.9716,77.5946,20.7,58.6,36.5,66.2,0.86,32.3,8.0,33.3,66
2024-03-03,Bengaluru,Karnataka,12.9716,77.5946,17.0,55.7,48.0,80.0,1.07,24.8,12.4,33.2,80
2024-03-04,Bengaluru,Karnataka,12.9716,77.5946,18.5,66.1,34.9,48.4,1.04,20.7,8.5,39.4,58
2024-03-05,Bengaluru,Karnataka,12.9716,77.5946,20.2,63.4,59.7,102.4,0.94,33.6,9.9,31.0,102
2024-03-06,Bengaluru,Karnataka,12.9716,77.5946,18.4,70.4,62.5,94.0,1.19,36.9,16.7,29.3,108
2024-03-07,Bengaluru,Karnataka,12.9716,77.5946,18.2,75.2,62.8,91.7,1.3,33.0,7.8,17.6,109
2024-03-08,Bengaluru,Karnataka,12.9716,77.5946,19.1,66.7,56.6,78.7,0.99,33.9,14.2,36.1,94
2024-03-09,Bengaluru,Karnataka,12.9716,77.5946,21.8,65.1,62.5,114.3,1.17,37.5,14.1,41.7,110
2024-03-10,Bengaluru,Karnataka,12.9716,77.5946,22.0,67.2,35.5,54.1,0.96,16.8,8.2,19.7,59
2024-03-11,Bengaluru,Karnataka,12.9716,77.5946,18.7,65.3,48.8,82.9,1.04,27.6,9.8,42.1,83
2024-03-12,Bengaluru,Karnataka,12.9716,77.5946,20.9,62.4,36.3,63.1,1.0,22.5,8.8,27.3,63
2024-03-13,Bengaluru,Karnataka,12.9716,77.5946,20.2,61.8,45.6,76.3,1.02,25.8,10.2,35.5,76
2024-03-14,Bengaluru,Karnataka,12.9716,77.5946,18.5,54.8,69.9,118.5,1.23,38.8,9.8,26.2,133
2024-03-15,Bengaluru,Karnataka,12.9716,77.5946,19.9,67.9,62.0,105.8,1.01,30.8,9.7,28.1,107
2024-03-16,Bengaluru,Karnataka,12.9716,77.5946,18.2,61.8,56.0,93.5,1.16,19.9,9.4,24.9,94
2024-03-17,Bengaluru,Karnataka,12.9716,77.5946,22.7,72.1,46.2,71.0,1.03,27.4,8.7,26.8,77
2024-03-18,Bengaluru,Karnataka,12.9716,77.5946,23.5,68.4,38.4,58.4,0.78,19.9,8.1,41.0,64
2024-03-19,Bengaluru,Karnataka,12.9716,77.5946,20.1,57.6,49.4,80.8,1.14,32.8,3.2,27.9,82
2024-03-20,Bengaluru,Karnataka,12.9716,77.5946,19.8,70.7,60.2,98.1,1.36,38.1,11.1,18.1,101
2024-03-21,Bengaluru,Karnataka,12.9716,77.5946,23.0,44.1,51.2,87.8,0.97,17.3,8.5,26.3,88
2024-03-22,Bengaluru,Karnataka,12.9716,77.5946,23.4,75.5,32.8,59.5,0.76,19.8,3.0,26.7,60
2024-03-23,Bengaluru,Karnataka,12.9716,77.5946,19.3,52.6,47.2,80.3,0.91,31.2,8.7,24.9,80
2024-03-24,Bengaluru,Karnataka,12.9716,77.5946,21.1,65.5,30.1,46.0,0.58,15.2,7.3,37.7,50
2024-03-25,Bengaluru,Karnataka,12.9716,77.5946,21.4,65.0,54.3,71.8,1.4,36.1,14.2,26.1,90
2024-03-26,Bengaluru,Karnataka,12.9716,77.5946,20.2,69.9,38.8,59.5,0.86,32.7,7.5,39.3,65
2024-03-27,Bengaluru,Karnataka,12.9716,77.5946,22.4,59.7,34.2,49.6,0.75,24.0,10.7,34.5,57
2024-03-28,Bengaluru,Karnataka,12.9716,77.5946,20.6,47.0,53.2,82.0,0.92,26.4,14.4,28.3,89
2024-03-29,Bengaluru,Karnataka,12.9716,77.5946,21.0,59.7,49.9,84.1,1.0,16.1,8.1,31.7,84
2024-03-30,Bengaluru,Karnataka,12.9716,77.5946,21.9,60.5,46.1,76.6,0.91,33.6,9.5,44.6,77
2024-03-31,Bengaluru,Karnataka,12.9716,77.5946,19.5,47.7,70.3,135.6,1.5,48.5,16.8,16.2,134
2024-04-01,Bengaluru,Karnataka,12.9716,77.5946,18.6,62.3,49.5,85.3,0.86,40.6,10.6,41.1,85
2024-04-02,Bengaluru,Karnataka,12.9716,77.5946,24.1,54.5,37.1,71.8,0.68,24.7,10.1,45.5,72
2024-04-03,Bengaluru,Karnataka,12.9716,77.5946,21.2,66.6,47.5,83.4,1.11,22.6,8.6,32.0,83
2024-04-04,Bengaluru,Karnataka,12.9716,77.5946,26.5,60.3,39.4,71.5,0.92,31.6,11.2,50.9,72
2024-04-05,Bengaluru,Karnataka,12.9716,77.5946,26.3,75.7,55.0,87.8,1.08,30.8,10.3,37.0,92
2024-04-06,Bengaluru,Karnataka,12.9716,77.5946,22.0,60.2,43.9,65.4,1.07,30.9,4.0,36.1,73
2024-04-07,Bengaluru,Karnataka,12.9716,77.5946,27.2,65.0,44.5,70.4,1.01,30.1,8.5,37.8,74
2024-04-08,Bengaluru,Karnataka,12.9716,77.5946,24.8,60.5,29.5,48.7,0.82,24.0,4.8,47.5,49
2024-04-09,Bengaluru,Karnataka,12.9716,77.5946,22.1,50.7,40.8,63.4,0.74,33.2,9.6,28.6,68
2024-04-10,Bengaluru,Karnataka,12.9716,77.5946,18.7,60.6,39.4,59.0,0.69,33.0,6.4,28.6,66
2024-04-11,Bengaluru,Karnataka,12.9716,77.5946,24.7,67.3,31.5,54.0,0.75,20.9,10.0,44.9,54
2024-04-12,Bengaluru,Karnataka,12.9716,77.5946,23.7,66.3,37.3,55.9,0.75,20.4,9.1,45.5,62
2024-04-13,Bengaluru,Karnataka,12.9716,77.5946,24.5,60.0,42.6,60.6,1.01,12.7,5.7,31.4,71
2024-04-14,Bengaluru,Karnataka,12.9716,77.5946,23.4,51.9,38.3,56.8,0.66,24.2,7.6,42.7,64
2024-04-15,Bengaluru,Karnataka,12.9716,77.5946,21.9,66.6,27.9,45.0,0.74,16.4,10.1,27.4,46
2024-04-16,Bengaluru,Karnataka,12.9716,77.5946,23.3,65.0,35.4,53.2,0.87,27.9,12.3,19.6,59
2024-04-17,Bengaluru,Karnataka,12.9716,77.5946,25.5,68.0,33.6,54.3,0.87,22.7,6.0,34.4,56
2024-04-18,Bengaluru,Karnataka,12.9716,77.5946,23.7,60.2,38.5,67.0,0.99,25.0,5.8,43.8,67
2024-04-19,Bengaluru,Karnataka,12.9716,77.5946,23.8,50.3,37.2,64.6,0.86,30.8,14.8,37.3,65
2024-04-20,Bengaluru,Karnataka,12.9716,77.5946,21.9,65.9,33.0,51.2,0.77,27.0,8.6,30.4,55
2024-04-21,Bengaluru,Karnataka,12.9716,77.5946,24.9,62.1,32.4,47.1,1.05,23.7,8.9,40.0,54
2024-04-22,Bengaluru,Karnataka,12.9716,77.5946,22.8,71.9,35.9,56.2,0.85,35.6,6.7,36.1,60
2024-04-23,Bengaluru,Karnataka,12.9716,77.5946,26.6,62.4,43.3,75.7,1.19,32.3,10.1,46.2,76
2024-04-24,Bengaluru,Karnataka,12.9716,77.5946,23.8,61.9,36.8,65.7,0.86,23.3,14.1,24.4,66
2024-04-25,Bengaluru,Karnataka,12.9716,77.5946,24.7,65.1,46.9,79.8,1.02,26.8,10.5,37.0,80
2024-04-26,Bengaluru,Karnataka,12.9716,77.5946,29.2,58.1,43.5,79.6,0.96,32.6,12.7,46.4,80
2024-04-27,Bengaluru,Karnataka,12.9716,77.5946,24.9,57.8,46.6,89.0,1.05,30.1,9.8,27.2,89
2024-04-28,Bengaluru,Karnataka,12.9716,77.5946,24.8,61.6,44.8,70.6,0.93,21.6,6.5,27.1,75
2024-04-29,Bengaluru,Karnataka,12.9716,77.5946,26.7,55.9,46.2,86.5,1.03,34.1,7.6,38.2,86
2024-04-30,Bengaluru,Karnataka,12.9716,77.5946,22.6,60.8,25.1,40.5,1.01,29.6,4.7,36.7,42
2024-05-01,Bengaluru,Karnataka,12.9716,77.5946,28.2,76.0,36.9,66.5,1.07,32.9,9.6,44.5,66
2024-05-02,Bengaluru,Karnataka,12.9716,77.5946,27.8,69.7,41.3,72.5,1.12,36.5,13.0,38.9,72
2024-05-03,Bengaluru,Karnataka,12.9716,77.5946,27.1,64.6,42.4,57.4,0.77,40.0,9.9,37.3,71
2024-05-04,Bengaluru,Karnataka,12.9716,77.5946,20.2,73.4,26.0,39.1,0.61,32.7,7.2,29.6,43
2024-05-05,Bengaluru,Karnataka,12.9716,77.5946,25.9,56.8,35.1,51.5,0.92,27.3,6.4,43.4,58
2024-05-06,Bengaluru,Karnataka,12.9716,77.5946,24.2,80.1,30.5,42.2,0.95,22.5,9.5,48.7,51
2024-05-07,Bengaluru,Karnataka,12.9716,77.5946,28.7,59.5,44.5,79.2,0.92,17.2,5.8,26.6,79
2024-05-08,Bengaluru,Karnataka,12.9716,77.5946,28.7,76.8,21.5,42.2,0.63,21.0,4.3,51.7,42
2024-05-09,Bengaluru,Karnataka,12.9716,77.5946,27.6,76.8,24.3,39.2,0.98,24.9,10.6,43.8,40
2024-05-10,Bengaluru,Karnataka,12.9716,77.5946,24.8,50.6,19.1,33.9,0.81,20.4,6.7,45.0,34
2024-05-11,Bengaluru,Karnataka,12.9716,77.5946,29.8,73.3,28.9,54.1,0.98,11.9,7.4,57.3,54
2024-05-12,Bengaluru,Karnataka,12.9716,77.5946,26.8,61.1,45.4,76.3,0.94,26.8,9.1,35.2,76
2024-05-13,Bengaluru,Karnataka,12.9716,77.5946,30.6,59.2,26.9,44.2,0.72,26.5,10.3,56.8,45
2024-05-14,Bengaluru,Karnataka,12.9716,77.5946,27.9,67.0,27.3,44.1,0.95,16.6,8.7,34.9,46
2024-05-15,Bengaluru,Karnataka,12.9716,77.5946,28.5,56.3,29.7,51.4,0.79,24.5,6.1,46.6,51
2024-05-16,Bengaluru,Karnataka,12.9716,77.5946,26.9,67.0,25.2,44.9,0.69,24.7,5.9,41.5,45
2024-05-17,Bengaluru,Karnataka,12.9716,77.5946,30.4,57.0,27.5,47.4,0.67,29.5,7.6,49.2,47
2024-05-18,Bengaluru,Karnataka,12.9716,77.5946,29.0,65.0,27.2,46.7,0.73,33.0,9.1,38.8,47
2024-05-19,Bengaluru,Karnataka,12.9716,77.5946,30.6,73.2,20.4,33.4,0.86,18.2,7.5,53.5,34
2024-05-20,Bengaluru,Karnataka,12.9716,77.5946,28.5,66.7,23.6,33.3,0.54,22.6,7.5,58.9,39
2024-05-21,Bengaluru,Karnataka,12.9716,77.5946,28.2,61.7,27.8,49.6,0.9,24.2,8.4,37.6,50
2024-05-22,Bengaluru,Karnataka,12.9716,77.5946,29.5,68.2,28.4,41.4,0.71,27.0,8.2,48.8,47
2024-05-23,Bengaluru,Karnataka,12.9716,77.5946,31.1,54.7,30.2,52.6,0.8,26.9,6.1,56.6,53
2024-05-24,Bengaluru,Karnataka,12.9716,77.5946,30.5,58.8,23.9,42.1,0.74,30.2,11.2,47.0,42
2024-05-25,Bengaluru,Karnataka,12.9716,77.5946,29.0,61.9,23.5,34.7,0.73,7.5,6.4,57.9,39
2024-05-26,Bengaluru,Karnataka,12.9716,77.5946,25.5,70.6,25.0,39.0,0.74,24.5,8.4,37.9,42
2024-05-27,Bengaluru,Karnataka,12.9716,77.5946,30.4,68.2,18.2,35.8,0.64,22.7,1.3,48.9,36
2024-05-28,Bengaluru,Karnataka,12.9716,77.5946,26.5,69.3,17.6,28.8,0.61,18.2,6.8,35.7,29
2024-05-29,Bengaluru,Karnataka,12.9716,77.5946,29.3,65.6,19.2,28.2,0.91,6.6,4.2,48.9,32
2024-05-30,Bengaluru,Karnataka,12.9716,77.5946,29.1,60.5,14.5,25.7,0.66,18.3,4.2,48.2,26
2024-05-31,Bengaluru,Karnataka,12.9716,77.5946,26.9,76.7,20.4,31.4,0.71,16.3,14.9,49.1,34
2024-06-01,Bengaluru,Karnataka,12.9716,77.5946,30.2,61.6,22.9,31.2,0.66,31.4,8.6,44.0,38
2024-06-02,Bengaluru,Karnataka,12.9716,77.5946,33.5,69.7,15.1,26.1,0.61,21.1,10.9,49.7,26
2024-06-03,Bengaluru,Karnataka,12.9716,77.5946,29.2,66.3,18.8,28.4,0.61,15.2,10.1,51.6,31
2024-06-04,Bengaluru,Karnataka,12.9716,77.5946,31.3,71.3,14.4,24.5,0.77,6.3,10.1,62.8,24
2024-06-05,Bengaluru,Karnataka,12.9716,77.5946,34.2,63.4,12.8,19.5,0.53,21.6,6.4,61.5,21
2024-06-06,Bengaluru,Karnataka,12.9716,77.5946,31.7,75.3,24.3,42.6,0.43,25.9,12.8,66.0,43
2024-06-07,Bengaluru,Karnataka,12.9716,77.5946,29.1,77.9,11.9,20.0,0.64,16.5,9.5,52.7,20
2024-06-08,Bengaluru,Karnataka,12.9716,77.5946,30.8,75.6,10.8,15.0,0.58,21.1,7.0,55.3,18
2024-06-09,Bengaluru,Karnataka,12.9716,77.5946,31.3,70.1,14.4,24.6,0.57,16.5,7.9,57.1,25
2024-06-10,Bengaluru,Karnataka,12.9716,77.5946,33.1,66.3,14.0,22.5,0.79,24.9,6.7,66.5,23
2024-06-11,Bengaluru,Karnataka,12.9716,77.5946,32.8,89.4,14.6,27.2,0.25,24.6,7.3,64.0,27
2024-06-12,Bengaluru,Karnataka,12.9716,77.5946,25.8,63.1,18.7,31.9,0.94,10.1,7.4,33.7,32
2024-06-13,Bengaluru,Karnataka,12.9716,77.5946,29.3,76.5,9.7,17.0,0.77,8.7,7.9,55.4,17
2024-06-14,Bengaluru,Karnataka,12.9716,77.5946,30.8,73.1,9.6,15.0,0.51,29.3,12.0,53.5,16
2024-06-15,Bengaluru,Karnataka,12.9716,77.5946,29.2,70.7,14.7,22.5,0.6,24.3,3.6,46.8,24
2024-06-16,Bengaluru,Karnataka,12.9716,77.5946,24.5,72.8,11.9,19.7,0.71,10.2,10.4,26.8,20
2024-06-17,Bengaluru,Karnataka,12.9716,77.5946,30.0,68.3,10.9,17.4,0.7,8.1,5.8,37.5,18
2024-06-18,Bengaluru,Karnataka,12.9716,77.5946,31.4,75.2,8.0,15.0,0.49,17.8,10.4,49.5,15
2024-06-19,Bengaluru,Karnataka,12.9716,77.5946,30.5,74.9,10.3,16.7,0.37,10.4,5.8,39.1,17
2024-06-20,Bengaluru,Karnataka,12.9716,77.5946,29.8,91.8,8.9,15.0,0.92,14.9,7.9,47.0,15
2024-06-21,Bengaluru,Karnataka,12.9716,77.5946,31.7,80.9,8.0,15.0,0.73,16.3,6.2,58.7,15
2024-06-22,Bengaluru,Karnataka,12.9716,77.5946,32.4,77.4,8.0,15.0,0.61,16.0,1.4,49.3,15
2024-06-23,Bengaluru,Karnataka,12.9716,77.5946,31.0,78.2,8.0,15.0,0.62,23.3,11.9,52.5,15
2024-06-24,Bengaluru,Karnataka,12.9716,77.5946,34.4,87.4,8.0,15.0,0.68,27.6,3.8,48.7,15
2024-06-25,Bengaluru,Karnataka,12.9716,77.5946,32.1,68.1,8.0,15.0,0.7,13.7,6.9,56.0,15
2024-06-26,Bengaluru,Karnataka,12.9716,77.5946,30.5,74.0,8.0,15.0,0.28,9.8,3.5,55.1,15
2024-06-27,Bengaluru,Karnataka,12.9716,77.5946,30.1,62.3,8.0,15.0,0.54,18.9,2.6,39.0,15
2024-06-28,Bengaluru,Karnataka,12.9716,77.5946,31.9,79.9,8.0,15.0,0.52,26.3,6.0,47.2,15
2024-06-29,Bengaluru,Karnataka,12.9716,77.5946,34.3,82.3,8.0,15.0,0.56,14.1,4.9,47.0,15
2024-06-30,Bengaluru,Karnataka,12.9716,77.5946,30.9,69.7,8.0,15.0,0.7,21.7,3.1,55.7,15
2024-07-01,Bengaluru,Karnataka,12.9716,77.5946,33.5,87.1,8.0,15.0,0.32,11.5,6.5,57.2,15
2024-07-02,Bengaluru,Karnataka,12.9716,77.5946,32.7,72.3,8.0,15.0,0.39,16.7,2.2,54.1,15
2024-07-03,Bengaluru,Karnataka,12.9716,77.5946,36.2,75.2,8.0,15.0,0.49,9.6,7.0,59.0,15
2024-07-04,Bengaluru,Karnataka,12.9716,77.5946,33.3,78.8,8.0,15.0,0.61,16.6,6.3,58.1,15
2024-07-05,Bengaluru,Karnataka,12.9716,77.5946,31.4,89.4,8.0,15.0,0.71,15.9,1.0,55.2,15
2024-07-06,Bengaluru,Karnataka,12.9716,77.5946,34.1,72.4,8.0,15.0,0.83,20.2,5.1,52.7,15
2024-07-07,Bengaluru,Karnataka,12.9716,77.5946,34.2,80.7,8.0,15.0,0.55,27.2,8.0,51.8,15
2024-07-08,Bengaluru,Karnataka,12.9716,77.5946,32.1,84.3,8.0,15.0,0.71,14.2,3.4,53.1,15
2024-07-09,Bengaluru,Karnataka,12.9716,77.5946,30.8,83.1,8.0,15.0,0.7,4.6,8.2,49.9,15
2024-07-10,Bengaluru,Karnataka,12.9716,77.5946,33.9,83.5,8.0,15.0,0.67,15.3,7.9,72.9,15
2024-07-11,Bengaluru,Karnataka,12.9716,77.5946,33.0,84.8,8.0,15.0,0.59,18.4,3.6,52.0,15
2024-07-12,Bengaluru,Karnataka,12.9716,77.5946,30.2,75.7,8.0,15.0,0.53,17.8,6.6,52.9,15
2024-07-13,Bengaluru,Karnataka,12.9716,77.5946,33.4,91.5,8.0,15.0,0.43,15.6,9.1,59.4,15
2024-07-14,Bengaluru,Karnataka,12.9716,77.5946,31.8,79.0,8.0,15.0,0.42,25.5,4.0,64.3,15
2024-07-15,Bengaluru,Karnataka,12.9716,77.5946,30.3,78.2,8.0,15.0,0.64,17.4,6.0,44.1,15
2024-07-16,Bengaluru,Karnataka,12.9716,77.5946,32.4,89.4,8.0,15.0,0.58,15.9,10.1,64.7,15
2024-07-17,Bengaluru,Karnataka,12.9716,77.5946,35.3,75.6,8.0,15.0,0.53,11.9,4.1,57.5,15
2024-07-18,Bengaluru,Karnataka,12.9716,77.5946,35.2,82.2,8.0,15.0,0.69,6.1,8.0,78.5,15
2024-07-19,Bengaluru,Karnataka,12.9716,77.5946,34.7,74.9,8.0,15.0,0.56,18.5,3.4,60.6,15
2024-07-20,Bengaluru,Karnataka,12.9716,77.5946,33.5,97.6,8.0,15.0,0.45,18.0,6.2,45.9,15
2024-07-21,Bengaluru,Karnataka,12.9716,77.5946,34.0,96.1,8.0,15.0,0.55,10.2,8.0,55.1,15
2024-07-22,Bengaluru,Karnataka,12.9716,77.5946,33.1,79.0,8.0,15.0,0.71,16.3,1.0,65.9,15
2024-07-23,Bengaluru,Karnataka,12.9716,77.5946,30.9,83.4,8.0,15.0,0.44,15.7,5.0,52.3,15
2024-07-24,Bengaluru,Karnataka,12.9716,77.5946,31.3,79.6,8.0,15.0,0.62,12.8,7.9,51.7,15
2024-07-25,Bengaluru,Karnataka,12.9716,77.5946,31.8,77.0,8.0,15.0,0.58,11.8,7.3,58.8,15
2024-07-26,Bengaluru,Karnataka,12.9716,77.5946,35.3,80.1,8.0,15.0,0.47,19.0,5.1,56.0,15
2024-07-27,Bengaluru,Karnataka,12.9716,77.5946,34.7,78.8,8.0,15.0,0.54,15.2,3.3,56.0,15
2024-07-28,Bengaluru,Karnataka,12.9716,77.5946,30.8,68.3,8.0,15.0,0.35,13.0,8.5,43.9,15
2024-07-29,Bengaluru,Karnataka,12.9716,77.5946,32.8,80.5,8.0,15.0,0.61,11.4,5.7,68.5,15
2024-07-30,Bengaluru,Karnataka,12.9716,77.5946,31.9,78.2,8.0,15.0,0.38,15.8,8.3,43.4,15
2024-07-31,Bengaluru,Karnataka,12.9716,77.5946,32.3,80.4,8.0,15.0,0.75,22.1,7.8,55.2,15
2024-08-01,Bengaluru,Karnataka,12.9716,77.5946,31.5,77.4,8.0,15.0,0.58,17.8,5.3,56.5,15
2024-08-02,Bengaluru,Karnataka,12.9716,77.5946,35.0,75.1,8.0,15.0,0.5,15.1,9.9,58.0,15
2024-08-03,Bengaluru,Karnataka,12.9716,77.5946,32.3,83.5,8.0,15.0,0.76,18.4,4.9,43.9,15
2024-08-04,Bengaluru,Karnataka,12.9716,77.5946,32.7,80.8,8.0,15.0,0.43,24.7,10.2,46.5,15
2024-08-05,Bengaluru,Karnataka,12.9716,77.5946,32.6,86.5,8.0,15.0,0.48,19.5,10.6,58.5,15
2024-08-06,Bengaluru,Karnataka,12.9716,77.5946,30.3,79.8,8.0,15.0,0.31,18.1,9.8,44.4,15
2024-08-07,Bengaluru,Karnataka,12.9716,77.5946,32.2,74.6,8.0,15.0,0.79,20.4,6.1,37.2,15
2024-08-08,Bengaluru,Karnataka,12.9716,77.5946,33.9,80.0,8.0,15.0,0.87,15.6,14.3,59.5,15
2024-08-09,Bengaluru,Karnataka,12.9716,77.5946,34.5,61.4,8.0,15.0,0.34,17.7,7.1,50.4,15
2024-08-10,Bengaluru,Karnataka,12.9716,77.5946,29.7,89.7,8.0,15.0,0.47,13.6,7.4,54.8,15
2024-08-11,Bengaluru,Karnataka,12.9716,77.5946,28.9,76.5,8.0,15.0,0.6,7.3,6.6,46.9,15
2024-08-12,Bengaluru,Karnataka,12.9716,77.5946,31.7,89.5,8.0,15.0,0.51,18.6,3.3,50.9,15
2024-08-13,Bengaluru,Karnataka,12.9716,77.5946,33.5,67.7,8.0,15.0,0.58,18.6,10.5,56.2,15
2024-08-14,Bengaluru,Karnataka,12.9716,77.5946,32.0,65.6,11.3,19.7,0.61,15.9,5.2,44.0,20
2024-08-15,Bengaluru,Karnataka,12.9716,77.5946,32.5,75.6,8.0,15.0,0.65,22.8,9.4,47.6,15
2024-08-16,Bengaluru,Karnataka,12.9716,77.5946,28.7,75.2,8.0,15.0,0.44,12.2,10.1,46.1,15
2024-08-17,Bengaluru,Karnataka,12.9716,77.5946,30.0,74.6,9.7,15.0,0.64,6.5,8.6,40.9,16
2024-08-18,Bengaluru,Karnataka,12.9716,77.5946,27.0,73.2,10.6,15.0,0.45,13.2,4.8,50.9,18
2024-08-19,Bengaluru,Karnataka,12.9716,77.5946,30.6,67.1,8.0,15.0,0.53,7.3,5.6,48.7,15
2024-08-20,Bengaluru,Karnataka,12.9716,77.5946,26.9,60.7,12.9,21.1,0.38,20.1,1.0,33.1,22
2024-08-21,Bengaluru,Karnataka,12.9716,77.5946,33.0,72.7,12.5,21.7,0.58,13.5,6.7,50.1,22
2024-08-22,Bengaluru,Karnataka,12.9716,77.5946,33.3,61.4,8.0,15.0,0.5,22.5,9.0,56.3,15
2024-08-23,Bengaluru,Karnataka,12.9716,77.5946,30.7,60.4,12.7,22.8,0.78,23.9,6.3,47.2,23
2024-08-24,Bengaluru,Karnataka,12.9716,77.5946,27.6,67.0,11.4,17.2,0.62,12.1,5.1,49.2,19
2024-08-25,Bengaluru,Karnataka,12.9716,77.5946,30.9,72.3,12.9,20.6,0.66,13.3,6.1,55.7,22
2024-08-26,Bengaluru,Karnataka,12.9716,77.5946,33.4,82.9,11.1,21.0,0.62,20.8,10.5,74.6,21
2024-08-27,Bengaluru,Karnataka,12.9716,77.5946,30.8,75.5,16.9,23.0,0.37,25.3,7.2,59.8,28
2024-08-28,Bengaluru,Karnataka,12.9716,77.5946,32.0,78.3,23.6,37.4,0.46,9.5,13.5,38.7,39
2024-08-29,Bengaluru,Karnataka,12.9716,77.5946,28.8,72.6,17.6,26.3,0.65,21.3,5.7,44.5,29
2024-08-30,Bengaluru,Karnataka,12.9716,77.5946,28.0,70.2,10.7,17.3,0.66,4.2,7.5,44.6,18
2024-08-31,Bengaluru,Karnataka,12.9716,77.5946,29.3,84.9,18.9,30.0,0.68,16.8,6.2,52.7,32
2024-09-01,Bengaluru,Karnataka,12.9716,77.5946,25.9,57.8,17.6,30.6,0.57,26.2,13.6,35.2,31
2024-09-02,Bengaluru,Karnataka,12.9716,77.5946,33.3,63.9,14.8,25.1,0.63,36.8,7.7,50.6,25
2024-09-03,Bengaluru,Karnataka,12.9716,77.5946,29.4,64.2,21.0,30.6,0.68,19.3,14.1,37.9,35
2024-09-04,Bengaluru,Karnataka,12.9716,77.5946,30.6,72.5,24.3,37.9,0.89,14.3,6.7,44.6,40
2024-09-05,Bengaluru,Karnataka,12.9716,77.5946,28.0,59.2,17.7,29.3,0.81,16.6,12.0,41.6,30
2024-09-06,Bengaluru,Karnataka,12.9716,77.5946,26.0,71.1,14.7,25.9,0.58,19.1,7.5,40.6,26
2024-09-07,Bengaluru,Karnataka,12.9716,77.5946,31.2,69.6,13.9,28.0,0.65,14.4,9.6,42.0,28
2024-09-08,Bengaluru,Karnataka,12.9716,77.5946,26.5,71.0,19.1,33.6,0.75,14.6,3.9,51.3,34
2024-09-09,Bengaluru,Karnataka,12.9716,77.5946,29.0,70.7,21.9,32.8,0.81,18.4,8.8,51.0,36
2024-09-10,Bengaluru,Karnataka,12.9716,77.5946,29.1,75.7,20.7,33.8,0.98,23.0,4.4,35.8,34
2024-09-11,Bengaluru,Karnataka,12.9716,77.5946,28.3,64.4,20.4,34.1,0.72,19.5,8.4,46.4,34
2024-09-12,Bengaluru,Karnataka,12.9716,77.5946,26.6,68.2,27.4,43.0,0.98,17.5,3.6,30.3,46
2024-09-13,Bengaluru,Karnataka,12.9716,77.5946,27.6,59.2,27.3,46.9,0.63,18.7,7.9,55.2,47
2024-09-14,Bengaluru,Karnataka,12.9716,77.5946,26.1,57.4,26.3,34.4,0.7,19.9,11.4,55.0,44
2024-09-15,Bengaluru,Karnataka,12.9716,77.5946,29.1,76.4,30.6,53.1,0.52,17.8,10.1,46.1,53
2024-09-16,Bengaluru,Karnataka,12.9716,77.5946,28.6,58.2,22.6,35.6,0.77,17.0,4.1,39.6,38
2024-09-17,Bengaluru,Karnataka,12.9716,77.5946,27.4,68.2,20.9,34.1,0.83,24.5,2.0,39.4,35
2024-09-18,Bengaluru,Karnataka,12.9716,77.5946,26.3,67.3,24.1,45.0,0.38,20.3,9.4,39.0,45
2024-09-19,Bengaluru,Karnataka,12.9716,77.5946,31.0,71.7,24.1,35.2,0.8,11.2,12.7,49.3,40
2024-09-20,Bengaluru,Karnataka,12.9716,77.5946,24.7,51.8,17.8,30.0,0.79,25.8,4.5,51.7,30
2024-09-21,Bengaluru,Karnataka,12.9716,77.5946,24.1,69.5,25.1,44.5,0.86,24.5,14.3,46.8,44
2024-09-22,Bengaluru,Karnataka,12.9716,77.5946,26.7,62.8,36.7,61.5,0.73,17.4,8.9,49.7,62
2024-09-23,Bengaluru,Karnataka,12.9716,77.5946,26.2,58.9,34.8,49.0,1.0,23.0,2.9,42.8,58
2024-09-24,Bengaluru,Karnataka,12.9716,77.5946,28.5,61.2,33.3,61.6,0.87,19.9,4.0,36.1,62
2024-09-25,Bengaluru,Karnataka,12.9716,77.5946,27.6,70.2,30.9,50.1,0.93,28.0,10.8,37.9,52
2024-09-26,Bengaluru,Karnataka,12.9716,77.5946,26.4,68.0,41.9,65.9,0.95,25.2,9.7,41.5,70
2024-09-27,Bengaluru,Karnataka,12.9716,77.5946,27.1,61.9,24.5,39.2,0.83,21.4,12.4,34.3,41
2024-09-28,Bengaluru,Karnataka,12.9716,77.5946,26.9,54.7,25.3,40.3,0.95,21.0,4.4,46.0,42
2024-09-29,Bengaluru,Karnataka,12.9716,77.5946,29.7,55.2,40.6,59.8,0.92,18.1,9.6,53.0,68
2024-09-30,Bengaluru,Karnataka,12.9716,77.5946,26.3,67.9,32.3,54.1,0.9,32.8,8.6,46.2,54
2024-10-01,Bengaluru,Karnataka,12.9716,77.5946,24.5,53.6,28.1,43.8,1.0,27.0,7.8,43.4,47
2024-10-02,Bengaluru,Karnataka,12.9716,77.5946,25.9,61.7,37.2,65.1,0.89,21.4,7.8,25.8,65
2024-10-03,Bengaluru,Karnataka,12.9716,77.5946,20.7,81.2,30.3,52.3,0.67,24.8,7.3,43.8,52
2024-10-04,Bengaluru,Karnataka,12.9716,77.5946,25.3,65.6,28.1,53.1,0.91,28.8,8.8,28.1,53
2024-10-05,Bengaluru,Karnataka,12.9716,77.5946,27.2,67.6,28.2,45.6,1.03,23.4,9.2,42.4,47
2024-10-06,Bengaluru,Karnataka,12.9716,77.5946,26.2,54.9,37.0,56.7,1.1,35.2,9.7,46.1,62
2024-10-07,Bengaluru,Karnataka,12.9716,77.5946,25.5,53.7,36.5,52.2,1.01,43.2,12.5,43.0,61
2024-10-08,Bengaluru,Karnataka,12.9716,77.5946,26.0,67.8,49.3,97.5,0.7,29.0,6.3,29.5,98
2024-10-09,Bengaluru,Karnataka,12.9716,77.5946,26.7,60.3,33.5,58.6,0.78,21.2,3.2,33.6,59
2024-10-10,Bengaluru,Karnataka,12.9716,77.5946,27.2,70.4,33.7,52.1,0.79,18.8,11.7,45.4,56
2024-10-11,Bengaluru,Karnataka,12.9716,77.5946,25.3,63.2,50.0,95.2,1.06,16.7,7.2,42.5,95
2024-10-12,Bengaluru,Karnataka,12.9716,77.5946,23.8,87.1,45.7,84.8,1.26,36.1,8.5,27.6,85
2024-10-13,Bengaluru,Karnataka,12.9716,77.5946,20.1,58.9,38.4,55.6,0.76,24.2,7.2,34.4,64
2024-10-14,Bengaluru,Karnataka,12.9716,77.5946,25.9,64.9,26.7,41.0,1.13,27.8,6.2,29.6,44
2024-10-15,Bengaluru,Karnataka,12.9716,77.5946,24.9,56.6,31.7,51.8,0.8,30.6,4.2,44.7,53
2024-10-16,Bengaluru,Karnataka,12.9716,77.5946,24.1,70.0,30.4,45.3,0.72,17.2,6.7,31.5,51
2024-10-17,Bengaluru,Karnataka,12.9716,77.5946,22.5,65.9,39.0,63.8,1.06,20.9,11.1,35.7,65
2024-10-18,Bengaluru,Karnataka,12.9716,77.5946,25.4,56.1,34.9,61.4,1.03,35.6,8.8,39.4,61
2024-10-19,Bengaluru,Karnataka,12.9716,77.5946,23.0,60.6,56.1,81.0,1.22,31.5,12.0,43.5,94
2024-10-20,Bengaluru,Karnataka,12.9716,77.5946,23.3,72.4,28.2,47.7,0.7,19.1,6.8,39.4,48
2024-10-21,Bengaluru,Karnataka,12.9716,77.5946,23.2,71.5,31.1,56.8,0.92,17.7,11.2,32.1,57
2024-10-22,Bengaluru,Karnataka,12.9716,77.5946,23.9,52.9,42.8,73.2,0.82,26.8,7.9,39.9,73
2024-10-23,Bengaluru,Karnataka,12.9716,77.5946,20.9,59.5,45.9,75.2,0.89,37.7,3.3,49.1,76
2024-10-24,Bengaluru,Karnataka,12.9716,77.5946,23.9,75.5,23.4,36.2,0.75,25.6,8.8,44.8,39
2024-10-25,Bengaluru,Karnataka,12.9716,77.5946,21.5,61.6,28.4,50.4,0.69,24.2,10.6,34.0,50
2024-10-26,Bengaluru,Karnataka,12.9716,77.5946,21.4,64.0,39.6,58.4,1.1,36.2,7.5,26.6,66
2024-10-27,Bengaluru,Karnataka,12.9716,77.5946,24.1,69.9,57.1,96.2,1.05,40.6,14.2,31.0,96
2024-10-28,Bengaluru,Karnataka,12.9716,77.5946,20.6,53.4,64.7,107.0,1.19,36.7,8.6,35.0,116
2024-10-29,Bengaluru,Karnataka,12.9716,77.5946,23.9,56.1,39.3,71.5,0.8,43.2,11.2,30.2,72
2024-10-30,Bengaluru,Karnataka,12.9716,77.5946,22.4,60.5,41.8,65.3,1.12,25.9,14.6,34.6,70
2024-10-31,Bengaluru,Karnataka,12.9716,77.5946,19.1,71.2,36.4,57.3,0.8,32.2,9.0,41.4,61
2024-11-01,Bengaluru,Karnataka,12.9716,77.5946,24.4,69.9,50.7,74.2,1.23,27.9,9.4,38.2,84
2024-11-02,Bengaluru,Karnataka,12.9716,77.5946,22.4,67.8,62.2,106.7,1.35,39.3,10.7,24.0,107
2024-11-03,Bengaluru,Karnataka,12.9716,77.5946,22.4,61.7,59.0,93.7,1.09,31.4,15.6,50.4,98
2024-11-04,Bengaluru,Karnataka,12.9716,77.5946,23.4,70.6,44.8,68.2,1.0,31.1,10.8,50.1,75
2024-11-05,Bengaluru,Karnataka,12.9716,77.5946,24.2,61.6,37.8,58.0,0.85,40.4,15.5,41.9,63
2024-11-06,Bengaluru,Karnataka,12.9716,77.5946,21.7,66.8,45.9,79.4,1.09,34.4,10.5,43.4,79
2024-11-07,Bengaluru,Karnataka,12.9716,77.5946,22.4,69.1,62.5,92.8,1.17,36.9,9.0,30.4,108
2024-11-08,Bengaluru,Karnataka,12.9716,77.5946,21.8,74.6,42.5,63.7,0.91,23.0,7.7,39.5,71
2024-11-09,Bengaluru,Karnataka,12.9716,77.5946,20.4,62.3,31.4,56.0,0.86,25.2,8.7,29.2,56
2024-11-10,Bengaluru,Karnataka,12.9716,77.5946,18.1,60.2,43.5,70.7,0.75,21.9,3.4,16.8,72
2024-11-11,Bengaluru,Karnataka,12.9716,77.5946,21.2,71.8,44.6,80.0,0.98,33.6,8.1,53.2,80
2024-11-12,Bengaluru,Karnataka,12.9716,77.5946,23.2,72.3,32.0,51.1,0.95,29.4,7.2,25.7,53
2024-11-13,Bengaluru,Karnataka,12.9716,77.5946,21.7,58.9,50.6,83.5,1.08,29.1,10.8,35.0,84
2024-11-14,Bengaluru,Karnataka,12.9716,77.5946,18.6,55.0,54.1,90.5,1.24,41.3,16.2,29.6,90
2024-11-15,Bengaluru,Karnataka,12.9716,77.5946,22.4,71.2,73.3,136.3,1.26,46.6,12.0,35.6,144
2024-11-16,Bengaluru,Karnataka,12.9716,77.5946,19.8,51.2,36.6,67.5,0.84,26.6,3.2,30.2,68
2024-11-17,Bengaluru,Karnataka,12.9716,77.5946,16.4,50.9,57.9,105.6,0.98,35.9,7.9,22.9,104
2024-11-18,Bengaluru,Karnataka,12.9716,77.5946,21.9,60.8,61.4,95.5,1.12,30.1,11.7,33.1,105
2024-11-19,Bengaluru,Karnataka,12.9716,77.5946,18.3,62.7,56.0,84.1,1.42,30.3,10.8,30.5,93
2024-11-20,Bengaluru,Karnataka,12.9716,77.5946,23.1,54.6,40.2,71.0,0.99,20.4,14.1,35.9,71
2024-11-21,Bengaluru,Karnataka,12.9716,77.5946,21.9,63.6,40.0,74.2,0.86,23.9,12.1,33.5,74
2024-11-22,Bengaluru,Karnataka,12.9716,77.5946,19.3,63.9,51.9,94.7,0.93,30.0,12.9,18.1,95
2024-11-23,Bengaluru,Karnataka,12.9716,77.5946,20.4,58.6,52.1,86.1,0.84,20.7,9.5,46.6,87
2024-11-24,Bengaluru,Karnataka,12.9716,77.5946,23.9,76.2,45.4,79.9,0.88,32.0,12.9,41.0,80
2024-11-25,Bengaluru,Karnataka,12.9716,77.5946,21.2,65.0,68.6,120.8,1.38,42.1,8.8,31.8,129
2024-11-26,Bengaluru,Karnataka,12.9716,77.5946,19.8,69.9,47.5,79.5,0.96,29.2,12.7,24.9,80
2024-11-27,Bengaluru,Karnataka,12.9716,77.5946,24.5,51.8,34.4,57.7,0.74,8.8,7.9,30.7,58
2024-11-28,Bengaluru,Karnataka,12.9716,77.5946,19.4,51.7,49.9,83.1,0.93,28.5,5.6,35.9,83
2024-11-29,Bengaluru,Karnataka,12.9716,77.5946,20.1,65.2,58.6,89.7,1.25,24.4,12.5,28.1,98
2024-11-30,Bengaluru,Karnataka,12.9716,77.5946,17.3,75.0,57.1,88.3,1.12,28.6,14.8,30.0,95
2024-12-01,Bengaluru,Karnataka,12.9716,77.5946,15.9,54.9,57.2,88.4,1.04,41.0,9.4,11.9,95
2024-12-02,Bengaluru,Karnataka,12.9716,77.5946,18.3,63.0,74.2,104.7,1.28,23.1,16.6,37.3,147
2024-12-03,Bengaluru,Karnataka,12.9716,77.5946,18.8,53.4,42.0,70.2,1.3,22.5,4.4,36.1,70
2024-12-04,Bengaluru,Karnataka,12.9716,77.5946,19.3,57.0,49.1,80.7,1.23,34.7,6.3,28.3,82
2024-12-05,Bengaluru,Karnataka,12.9716,77.5946,16.0,63.4,76.1,134.2,1.57,34.1,11.6,24.8,154
2024-12-06,Bengaluru,Karnataka,12.9716,77.5946,19.7,58.6,35.3,64.9,0.63,20.6,7.7,36.9,65
2024-12-07,Bengaluru,Karnataka,12.9716,77.5946,17.0,52.9,53.9,99.7,1.08,43.5,8.3,14.0,100
2024-12-08,Bengaluru,Karnataka,12.9716,77.5946,19.5,52.7,71.8,133.8,1.2,39.3,12.1,40.4,139
2024-12-09,Bengaluru,Karnataka,12.9716,77.5946,20.0,48.8,71.9,110.4,1.38,42.6,10.2,31.7,140
2024-12-10,Bengaluru,Karnataka,12.9716,77.5946,17.5,65.3,63.9,91.6,1.37,37.4,10.0,19.0,113
2024-12-11,Bengaluru,Karnataka,12.9716,77.5946,16.4,66.2,64.4,115.3,1.26,35.6,12.0,14.1,115
2024-12-12,Bengaluru,Karnataka,12.9716,77.5946,20.9,66.1,44.2,82.2,0.86,35.7,7.5,39.9,82
2024-12-13,Bengaluru,Karnataka,12.9716,77.5946,19.6,55.6,75.5,142.2,1.24,49.6,11.7,28.5,152
2024-12-14,Bengaluru,Karnataka,12.9716,77.5946,18.2,69.0,43.0,74.1,1.07,17.7,7.5,31.8,74
2024-12-15,Bengaluru,Karnataka,12.9716,77.5946,20.6,66.9,43.7,59.0,1.09,27.8,5.9,31.7,73
2024-12-16,Bengaluru,Karnataka,12.9716,77.5946,18.0,62.1,61.4,104.6,1.2,33.4,13.2,17.6,105
2024-12-17,Bengaluru,Karnataka,12.9716,77.5946,16.7,60.9,50.7,87.9,1.08,27.7,15.2,28.7,88
2024-12-18,Bengaluru,Karnataka,12.9716,77.5946,15.9,57.5,59.3,109.0,1.17,38.9,13.9,21.0,106
2024-12-19,Bengaluru,Karnataka,12.9716,77.5946,17.5,63.3,62.5,116.5,1.23,35.5,12.0,24.6,111
2024-12-20,Bengaluru,Karnataka,12.9716,77.5946,19.0,73.3,84.3,150.6,1.54,52.5,10.8,44.0,181
2024-12-21,Bengaluru,Karnataka,12.9716,77.5946,20.1,70.0,62.9,98.2,1.29,40.7,10.2,35.8,110
2024-12-22,Bengaluru,Karnataka,12.9716,77.5946,17.6,60.2,50.0,74.8,1.06,38.2,13.2,33.5,83
2024-12-23,Bengaluru,Karnataka,12.9716,77.5946,19.7,65.8,66.6,115.3,1.23,28.1,4.5,49.6,122
2024-12-24,Bengaluru,Karnataka,12.9716,77.5946,17.1,54.3,47.9,73.4,1.02,24.5,8.7,28.6,80
2024-12-25,Bengaluru,Karnataka,12.9716,77.5946,16.0,67.1,70.5,131.9,1.17,32.2,13.8,22.5,135
2024-12-26,Bengaluru,Karnataka,12.9716,77.5946,15.0,56.2,58.6,81.7,1.03,40.7,7.3,15.7,98
2024-12-27,Bengaluru,Karnataka,12.9716,77.5946,16.4,66.8,63.2,109.7,1.28,28.4,12.3,19.3,111
2024-12-28,Bengaluru,Karnataka,12.9716,77.5946,15.0,82.8,39.2,66.6,0.83,20.9,10.3,8.0,67
2024-12-29,Bengaluru,Karnataka,12.9716,77.5946,20.9,58.0,35.4,57.3,1.02,18.6,4.5,39.2,59
2024-12-30,Bengaluru,Karnataka,12.9716,77.5946,18.0,82.5,41.8,63.2,0.96,43.9,9.6,17.5,70
2024-12-31,Bengaluru,Karnataka,12.9716,77.5946,17.0,65.4,85.6,114.8,1.57,40.5,11.0,28.9,185
2025-01-01,Bengaluru,Karnataka,12.9716,77.5946,20.3,56.8,45.3,71.1,1.1,31.7,10.9,30.6,76
2025-01-02,Bengaluru,Karnataka,12.9716,77.5946,14.8,56.4,68.6,107.9,1.39,29.1,13.5,20.9,129
2025-01-03,Bengaluru,Karnataka,12.9716,77.5946,16.9,78.6,50.8,92.2,0.99,36.0,11.3,24.6,92
2025-01-04,Bengaluru,Karnataka,12.9716,77.5946,20.7,65.5,55.5,85.1,1.18,21.1,10.7,41.7,92
2025-01-05,Bengaluru,Karnataka,12.9716,77.5946,16.8,58.0,58.0,99.7,1.26,26.7,11.5,33.8,100
2025-01-06,Bengaluru,Karnataka,12.9716,77.5946,21.5,60.6,84.2,122.6,1.2,36.6,9.2,28.7,181
2025-01-07,Bengaluru,Karnataka,12.9716,77.5946,18.5,65.0,66.8,115.0,1.5,36.7,11.2,18.7,123
2025-01-08,Bengaluru,Karnataka,12.9716,77.5946,19.4,61.9,63.9,84.0,1.55,29.7,8.7,35.0,113
2025-01-09,Bengaluru,Karnataka,12.9716,77.5946,19.4,64.4,78.2,153.6,1.51,48.2,15.4,18.5,161
2025-01-10,Bengaluru,Karnataka,12.9716,77.5946,17.0,74.4,51.2,83.4,1.19,33.4,12.1,12.7,85
2025-01-11,Bengaluru,Karnataka,12.9716,77.5946,16.1,54.1,74.4,91.6,1.42,33.7,14.0,25.4,148
2025-01-12,Bengaluru,Karnataka,12.9716,77.5946,16.8,66.5,71.8,110.7,1.25,43.0,16.9,32.5,139
2025-01-13,Bengaluru,Karnataka,12.9716,77.5946,15.2,61.5,71.6,108.8,1.28,34.6,10.7,17.0,139
2025-01-14,Bengaluru,Karnataka,12.9716,77.5946,16.9,58.5,56.9,88.3,1.28,28.7,8.9,27.6,95
2025-01-15,Bengaluru,Karnataka,12.9716,77.5946,17.0,69.5,53.5,85.3,0.95,36.5,9.2,21.5,89
2025-01-16,Bengaluru,Karnataka,12.9716,77.5946,20.0,51.8,48.6,75.4,0.88,14.8,5.1,36.0,81
2025-01-17,Bengaluru,Karnataka,12.9716,77.5946,18.1,45.4,49.3,75.3,0.99,34.2,5.4,35.7,82
2025-01-18,Bengaluru,Karnataka,12.9716,77.5946,21.3,63.6,48.1,71.0,1.13,25.1,11.7,30.1,80
2025-01-19,Bengaluru,Karnataka,12.9716,77.5946,13.1,61.0,63.8,113.1,1.08,30.1,6.9,9.4,113
2025-01-20,Bengaluru,Karnataka,12.9716,77.5946,14.8,52.5,55.9,102.4,1.09,43.6,7.3,9.5,102
2025-01-21,Bengaluru,Karnataka,12.9716,77.5946,16.4,50.0,64.6,104.2,1.2,31.5,10.9,30.2,115
2025-01-22,Bengaluru,Karnataka,12.9716,77.5946,19.7,75.5,65.4,107.7,1.07,40.7,10.0,18.9,118
2025-01-23,Bengaluru,Karnataka,12.9716,77.5946,16.9,65.2,46.5,68.9,0.65,30.6,12.4,28.3,78
2025-01-24,Bengaluru,Karnataka,12.9716,77.5946,14.4,62.1,46.1,76.6,0.86,31.1,9.9,27.7,77
2025-01-25,Bengaluru,Karnataka,12.9716,77.5946,16.7,77.4,55.7,93.9,1.16,30.3,8.1,20.1,94
2025-01-26,Bengaluru,Karnataka,12.9716,77.5946,15.0,69.2,49.4,79.8,1.12,28.0,12.9,20.7,82
2025-01-27,Bengaluru,Karnataka,12.9716,77.5946,14.6,74.4,48.2,82.3,1.11,38.6,12.0,29.6,82
2025-01-28,Bengaluru,Karnataka,12.9716,77.5946,20.8,53.7,84.8,143.8,1.53,46.7,8.5,21.3,183
2025-01-29,Bengaluru,Karnataka,12.9716,77.5946,16.6,53.5,41.6,62.1,0.87,24.3,10.1,18.1,69
2025-01-30,Bengaluru,Karnataka,12.9716,77.5946,17.5,66.3,90.8,166.1,1.38,36.8,11.1,20.1,203
2025-01-31,Bengaluru,Karnataka,12.9716,77.5946,17.1,64.9,61.9,100.2,1.24,30.3,8.7,34.4,106
2025-02-01,Bengaluru,Karnataka,12.9716,77.5946,16.8,70.7,72.1,137.0,1.27,43.0,17.4,35.6,140
2025-02-02,Bengaluru,Karnataka,12.9716,77.5946,15.8,50.6,70.1,120.1,1.41,43.5,12.0,20.5,134
2025-02-03,Bengaluru,Karnataka,12.9716,77.5946,16.8,66.9,66.2,128.8,1.29,38.5,10.6,17.6,121
2025-02-04,Bengaluru,Karnataka,12.9716,77.5946,18.0,68.9,83.1,151.8,1.62,30.9,12.9,32.0,177
2025-02-05,Bengaluru,Karnataka,12.9716,77.5946,20.0,68.6,45.4,76.4,0.93,33.0,12.3,17.1,76
2025-02-06,Bengaluru,Karnataka,12.9716,77.5946,19.2,59.2,55.5,85.5,1.28,39.6,8.3,30.2,92
2025-02-07,Bengaluru,Karnataka,12.9716,77.5946,15.3,65.6,47.5,73.4,1.33,30.2,8.2,22.5,79
2025-02-08,Bengaluru,Karnataka,12.9716,77.5946,19.4,56.6,39.3,68.1,0.95,38.5,11.1,40.4,68
2025-02-09,Bengaluru,Karnataka,12.9716,77.5946,18.5,59.9,49.3,82.4,1.12,21.8,5.4,38.8,82
2025-02-10,Bengaluru,Karnataka,12.9716,77.5946,16.6,54.7,85.8,134.0,1.31,45.6,15.8,13.4,186
2025-02-11,Bengaluru,Karnataka,12.9716,77.5946,18.1,56.7,54.6,96.8,1.24,25.3,5.5,27.8,97
2025-02-12,Bengaluru,Karnataka,12.9716,77.5946,18.8,60.3,87.4,144.8,1.64,48.3,12.3,19.8,191
2025-02-13,Bengaluru,Karnataka,12.9716,77.5946,17.9,58.6,89.2,158.3,1.42,46.2,8.3,20.4,197
2025-02-14,Bengaluru,Karnataka,12.9716,77.5946,18.8,56.7,108.6,163.3,1.79,59.6,11.5,27.1,262
2025-02-15,Bengaluru,Karnataka,12.9716,77.5946,16.4,52.9,85.2,153.3,1.49,44.2,16.7,18.1,184
2025-02-16,Bengaluru,Karnataka,12.9716,77.5946,21.6,75.7,93.8,161.7,1.6,41.6,16.6,29.8,213
2025-02-17,Bengaluru,Karnataka,12.9716,77.5946,14.6,58.5,59.7,109.3,1.29,30.2,14.2,28.1,106
2025-02-18,Bengaluru,Karnataka,12.9716,77.5946,19.2,64.3,58.3,104.7,1.23,31.1,6.3,40.0,103
2025-02-19,Bengaluru,Karnataka,12.9716,77.5946,18.9,49.7,58.9,96.5,1.13,29.8,7.6,29.6,98
2025-02-20,Bengaluru,Karnataka,12.9716,77.5946,19.5,71.5,55.0,89.4,1.24,39.7,11.4,29.6,92
2025-02-21,Bengaluru,Karnataka,12.9716,77.5946,17.1,63.2,56.6,108.6,1.3,39.8,12.7,15.8,106
2025-02-22,Bengaluru,Karnataka,12.9716,77.5946,20.5,58.9,64.4,103.5,1.13,25.6,8.8,42.1,115
2025-02-23,Bengaluru,Karnataka,12.9716,77.5946,18.3,59.0,49.1,86.5,1.04,29.9,8.2,31.4,86
2025-02-24,Bengaluru,Karnataka,12.9716,77.5946,16.5,68.1,40.0,63.7,0.68,27.2,5.8,26.4,67
2025-02-25,Bengaluru,Karnataka,12.9716,77.5946,16.7,41.3,58.4,80.0,1.24,28.0,15.6,24.6,97
2025-02-26,Bengaluru,Karnataka,12.9716,77.5946,19.0,56.2,46.1,67.6,1.2,31.4,8.3,31.6,77
2025-02-27,Bengaluru,Karnataka,12.9716,77.5946,16.0,61.2,46.9,80.3,0.98,37.8,9.8,30.0,80
2025-02-28,Bengaluru,Karnataka,12.9716,77.5946,22.2,61.1,51.5,90.5,1.09,35.8,10.4,40.5,90
2025-03-01,Bengaluru,Karnataka,12.9716,77.5946,20.9,79.5,48.8,83.5,1.01,37.7,13.2,44.4,84
2025-03-02,Bengaluru,Karnataka,12.9716,77.5946,22.4,59.6,67.3,122.5,1.19,31.2,8.5,34.0,124
2025-03-03,Bengaluru,Karnataka,12.9716,77.5946,22.3,68.9,50.5,86.4,1.1,30.4,13.5,47.6,86
2025-03-04,Bengaluru,Karnataka,12.9716,77.5946,18.6,74.7,67.3,103.3,1.13,31.0,7.6,34.5,124
2025-03-05,Bengaluru,Karnataka,12.9716,77.5946,17.8,66.7,54.3,94.4,1.07,32.8,13.8,25.5,94
2025-03-06,Bengaluru,Karnataka,12.9716,77.5946,14.6,57.3,50.6,84.8,0.93,32.2,4.9,8.0,85
2025-03-07,Bengaluru,Karnataka,12.9716,77.5946,18.8,53.0,53.2,83.1,1.18,36.8,9.9,28.4,89
2025-03-08,Bengaluru,Karnataka,12.9716,77.5946,22.8,67.2,38.4,66.1,0.96,34.2,14.0,48.1,66
2025-03-09,Bengaluru,Karnataka,12.9716,77.5946,18.2,73.5,54.7,90.9,1.04,35.6,12.5,20.5,91
2025-03-10,Bengaluru,Karnataka,12.9716,77.5946,19.4,65.8,60.9,94.9,1.18,28.3,12.1,28.7,103
2025-03-11,Bengaluru,Karnataka,12.9716,77.5946,18.9,70.6,62.4,101.4,1.16,25.9,7.9,28.3,108
2025-03-12,Bengaluru,Karnataka,12.9716,77.5946,20.7,80.1,37.1,69.0,1.08,29.0,6.8,39.9,69
2025-03-13,Bengaluru,Karnataka,12.9716,77.5946,22.4,67.9,35.5,66.0,0.83,34.4,12.9,32.2,66
2025-03-14,Bengaluru,Karnataka,12.9716,77.5946,17.4,54.3,43.8,73.5,1.08,27.9,10.9,19.6,74
2025-03-15,Bengaluru,Karnataka,12.9716,77.5946,17.9,62.4,66.5,110.2,1.13,26.1,14.0,29.5,122
2025-03-16,Bengaluru,Karnataka,12.9716,77.5946,23.1,71.6,51.1,73.4,1.19,42.9,10.3,28.9,85
2025-03-17,Bengaluru,Karnataka,12.9716,77.5946,21.8,60.3,40.8,77.9,1.11,30.0,8.4,19.2,78
2025-03-18,Bengaluru,Karnataka,12.9716,77.5946,20.2,72.5,34.9,63.1,1.05,26.2,11.1,46.5,63
2025-03-19,Bengaluru,Karnataka,12.9716,77.5946,23.8,61.5,41.1,72.4,1.18,20.1,10.1,44.4,72
2025-03-20,Bengaluru,Karnataka,12.9716,77.5946,18.4,64.3,40.2,52.6,0.99,27.0,8.7,43.5,67
2025-03-21,Bengaluru,Karnataka,12.9716,77.5946,22.6,59.5,57.9,95.9,1.33,36.6,6.4,40.4,96
2025-03-22,Bengaluru,Karnataka,12.9716,77.5946,20.9,63.1,58.5,95.4,1.39,35.7,13.5,36.1,98
2025-03-23,Bengaluru,Karnataka,12.9716,77.5946,22.3,63.5,36.9,64.6,0.74,21.7,10.3,37.9,65
2025-03-24,Bengaluru,Karnataka,12.9716,77.5946,17.0,50.7,54.5,86.2,1.01,31.1,8.5,23.2,91
2025-03-25,Bengaluru,Karnataka,12.9716,77.5946,20.9,58.9,52.9,85.4,0.86,27.2,13.8,35.3,88
2025-03-26,Bengaluru,Karnataka,12.9716,77.5946,22.8,53.4,35.1,61.1,1.05,35.2,9.5,31.6,61
2025-03-27,Bengaluru,Karnataka,12.9716,77.5946,21.5,59.2,44.3,68.0,0.77,33.5,10.3,24.4,74
2025-03-28,Bengaluru,Karnataka,12.9716,77.5946,24.0,56.4,48.3,75.5,0.77,26.3,12.5,33.9,80
2025-03-29,Bengaluru,Karnataka,12.9716,77.5946,24.0,69.1,46.1,77.4,0.85,21.7,11.7,47.2,77
2025-03-30,Bengaluru,Karnataka,12.9716,77.5946,20.2,69.2,30.3,56.0,0.58,25.4,9.3,22.5,56
2025-03-31,Bengaluru,Karnataka,12.9716,77.5946,23.6,65.9,45.0,79.8,1.04,25.5,9.0,26.4,80
2025-04-01,Bengaluru,Karnataka,12.9716,77.5946,20.4,53.1,49.9,90.4,0.89,27.5,15.9,35.4,90
2025-04-02,Bengaluru,Karnataka,12.9716,77.5946,22.4,61.3,61.0,101.2,0.92,26.7,8.7,29.4,103
2025-04-03,Bengaluru,Karnataka,12.9716,77.5946,23.6,52.6,36.9,69.1,0.9,19.7,11.2,41.0,69
2025-04-04,Bengaluru,Karnataka,12.9716,77.5946,21.0,61.0,37.6,52.2,0.92,27.0,8.8,40.8,63
2025-04-05,Bengaluru,Karnataka,12.9716,77.5946,24.1,66.6,40.1,78.4,0.67,25.2,10.6,41.2,78
2025-04-06,Bengaluru,Karnataka,12.9716,77.5946,21.9,69.0,44.4,87.6,0.89,43.2,13.3,28.5,88
2025-04-07,Bengaluru,Karnataka,12.9716,77.5946,21.8,65.3,42.2,72.5,0.96,31.1,8.4,44.0,72
2025-04-08,Bengaluru,Karnataka,12.9716,77.5946,24.3,70.8,46.7,83.0,0.97,22.0,11.5,43.1,83
2025-04-09,Bengaluru,Karnataka,12.9716,77.5946,21.6,63.8,31.7,52.1,0.8,14.9,9.3,34.7,53
2025-04-10,Bengaluru,Karnataka,12.9716,77.5946,21.7,60.4,43.9,71.0,1.16,30.4,7.6,33.1,73
2025-04-11,Bengaluru,Karnataka,12.9716,77.5946,25.2,68.2,33.8,52.7,1.2,22.4,12.5,43.0,56
2025-04-12,Bengaluru,Karnataka,12.9716,77.5946,23.7,68.4,38.3,62.8,0.88,34.2,11.2,34.6,64
2025-04-13,Bengaluru,Karnataka,12.9716,77.5946,21.0,58.4,57.0,98.7,0.93,33.9,9.3,17.8,99
2025-04-14,Bengaluru,Karnataka,12.9716,77.5946,25.3,64.7,28.5,48.8,0.78,11.2,11.6,46.6,49
2025-04-15,Bengaluru,Karnataka,12.9716,77.5946,23.1,60.0,36.1,70.3,0.93,19.4,6.4,41.9,70
2025-04-16,Bengaluru,Karnataka,12.9716,77.5946,21.5,48.0,28.7,47.8,0.81,19.1,8.2,16.0,48
2025-04-17,Bengaluru,Karnataka,12.9716,77.5946,19.6,65.2,38.9,55.5,1.02,29.1,7.8,34.5,65
2025-04-18,Bengaluru,Karnataka,12.9716,77.5946,25.8,53.0,46.9,89.0,1.35,22.7,12.0,53.7,89
2025-04-19,Bengaluru,Karnataka,12.9716,77.5946,22.8,64.4,38.3,56.2,0.67,27.2,7.6,26.6,64
2025-04-20,Bengaluru,Karnataka,12.9716,77.5946,22.2,51.4,35.6,55.8,0.82,17.4,11.1,34.4,59
2025-04-21,Bengaluru,Karnataka,12.9716,77.5946,25.7,57.1,48.4,81.9,1.27,29.5,11.7,37.9,82
2025-04-22,Bengaluru,Karnataka,12.9716,77.5946,26.2,59.1,38.5,65.9,0.85,28.5,8.0,54.3,66
2025-04-23,Bengaluru,Karnataka,12.9716,77.5946,23.4,70.6,42.4,60.8,1.09,36.3,14.9,45.2,71
2025-04-24,Bengaluru,Karnataka,12.9716,77.5946,26.6,58.4,41.0,63.1,1.05,28.6,7.0,34.4,68
2025-04-25,Bengaluru,Karnataka,12.9716,77.5946,28.8,54.7,18.4,26.3,0.89,15.0,3.2,49.9,31
2025-04-26,Bengaluru,Karnataka,12.9716,77.5946,27.6,64.8,33.7,58.8,1.16,33.7,11.3,62.2,59
2025-04-27,Bengaluru,Karnataka,12.9716,77.5946,27.5,60.7,26.7,48.9,0.85,21.5,1.7,39.3,49
2025-04-28,Bengaluru,Karnataka,12.9716,77.5946,26.0,67.8,27.9,41.0,0.55,27.6,12.7,41.7,46
2025-04-29,Bengaluru,Karnataka,12.9716,77.5946,24.8,55.2,45.8,82.5,0.9,25.0,10.0,42.1,82
2025-04-30,Bengaluru,Karnataka,12.9716,77.5946,25.6,63.8,30.2,54.0,1.16,24.2,4.1,36.0,54
2025-05-01,Bengaluru,Karnataka,12.9716,77.5946,26.6,79.7,49.1,76.1,0.83,24.9,7.1,54.7,82
2025-05-02,Bengaluru,Karnataka,12.9716,77.5946,23.7,60.7,23.5,31.7,0.84,23.4,3.0,34.7,39
2025-05-03,Bengaluru,Karnataka,12.9716,77.5946,24.7,63.7,24.9,37.1,0.4,26.8,9.1,28.8,42
2025-05-04,Bengaluru,Karnataka,12.9716,77.5946,23.6,50.9,36.9,57.6,0.71,22.8,5.0,32.9,62
2025-05-05,Bengaluru,Karnataka,12.9716,77.5946,26.7,56.6,28.6,53.8,0.95,19.8,9.8,48.1,54
2025-05-06,Bengaluru,Karnataka,12.9716,77.5946,26.5,65.8,32.5,53.1,0.87,26.6,7.7,35.8,54
2025-05-07,Bengaluru,Karnataka,12.9716,77.5946,25.3,60.3,29.3,43.9,0.77,18.4,6.9,43.0,49
2025-05-08,Bengaluru,Karnataka,12.9716,77.5946,28.1,67.0,28.7,48.0,0.7,14.1,9.8,49.6,48
2025-05-09,Bengaluru,Karnataka,12.9716,77.5946,24.9,65.7,27.3,39.8,0.5,24.9,10.1,30.4,46
2025-05-10,Bengaluru,Karnataka,12.9716,77.5946,25.6,53.6,30.0,51.8,0.94,22.9,11.8,36.5,52
2025-05-11,Bengaluru,Karnataka,12.9716,77.5946,28.4,70.0,32.7,49.2,0.82,23.7,6.7,48.0,55
2025-05-12,Bengaluru,Karnataka,12.9716,77.5946,28.8,54.3,39.9,60.9,0.72,29.9,9.1,50.7,66
2025-05-13,Bengaluru,Karnataka,12.9716,77.5946,25.8,57.7,26.4,45.0,0.8,26.4,6.2,37.3,45
2025-05-14,Bengaluru,Karnataka,12.9716,77.5946,27.8,64.8,24.9,47.6,0.86,21.0,8.5,46.2,48
2025-05-15,Bengaluru,Karnataka,12.9716,77.5946,26.1,74.3,23.8,47.2,0.73,14.9,5.6,40.1,47
2025-05-16,Bengaluru,Karnataka,12.9716,77.5946,27.2,56.4,36.3,54.3,0.92,21.8,7.6,48.8,60
2025-05-17,Bengaluru,Karnataka,12.9716,77.5946,28.0,64.5,30.1,47.0,0.84,27.1,7.2,48.9,50
2025-05-18,Bengaluru,Karnataka,12.9716,77.5946,28.8,64.7,16.7,28.9,0.58,20.2,8.2,44.5,29
2025-05-19,Bengaluru,Karnataka,12.9716,77.5946,28.5,68.4,16.3,29.7,0.69,15.9,7.3,50.8,30
2025-05-20,Bengaluru,Karnataka,12.9716,77.5946,28.5,72.2,20.4,27.1,0.84,15.8,9.2,43.3,34
2025-05-21,Bengaluru,Karnataka,12.9716,77.5946,26.2,61.2,25.3,42.1,0.94,25.8,7.7,46.1,42
2025-05-22,Bengaluru,Karnataka,12.9716,77.5946,29.0,71.3,23.4,37.0,0.88,20.2,6.1,50.8,39
2025-05-23,Bengaluru,Karnataka,12.9716,77.5946,29.4,73.7,25.9,35.3,0.69,26.8,8.6,66.4,43
2025-05-24,Bengaluru,Karnataka,12.9716,77.5946,29.8,77.0,21.8,31.6,0.84,26.3,5.0,45.7,36
2025-05-25,Bengaluru,Karnataka,12.9716,77.5946,27.3,68.2,30.2,47.2,0.91,21.8,10.1,42.6,50
2025-05-26,Bengaluru,Karnataka,12.9716,77.5946,30.4,66.0,25.7,42.7,0.68,27.9,7.2,43.9,43
2025-05-27,Bengaluru,Karnataka,12.9716,77.5946,26.5,61.8,21.6,38.9,0.67,21.7,8.3,35.0,39
2025-05-28,Bengaluru,Karnataka,12.9716,77.5946,28.2,55.1,26.7,45.4,0.9,24.1,8.8,41.8,45
2025-05-29,Bengaluru,Karnataka,12.9716,77.5946,28.6,63.6,14.1,25.2,0.86,5.4,11.9,52.7,25
2025-05-30,Bengaluru,Karnataka,12.9716,77.5946,26.9,66.6,19.4,32.0,0.44,14.4,8.7,50.1,32
2025-05-31,Bengaluru,Karnataka,12.9716,77.5946,28.8,65.2,19.8,30.6,0.97,14.8,7.8,49.5,33
2025-06-01,Bengaluru,Karnataka,12.9716,77.5946,29.8,70.4,21.3,34.6,0.91,18.9,5.6,46.2,36
2025-06-02,Bengaluru,Karnataka,12.9716,77.5946,26.3,56.3,12.5,21.8,0.67,18.7,9.4,39.8,22
2025-06-03,Bengaluru,Karnataka,12.9716,77.5946,28.9,65.5,16.6,30.0,0.65,20.3,6.5,40.3,30
2025-06-04,Bengaluru,Karnataka,12.9716,77.5946,26.6,81.0,18.7,30.4,0.77,21.7,2.9,39.3,31
2025-06-05,Bengaluru,Karnataka,12.9716,77.5946,33.6,74.3,18.4,27.8,0.61,15.8,6.9,44.5,31
2025-06-06,Bengaluru,Karnataka,12.9716,77.5946,30.4,72.0,20.8,35.3,0.7,24.8,8.2,60.4,35
2025-06-07,Bengaluru,Karnataka,12.9716,77.5946,30.3,70.7,18.3,31.4,0.48,30.7,5.0,64.4,31
2025-06-08,Bengaluru,Karnataka,12.9716,77.5946,30.6,65.7,14.7,26.9,0.4,16.6,6.8,35.1,27
2025-06-09,Bengaluru,Karnataka,12.9716,77.5946,31.4,56.3,16.6,25.7,1.03,15.3,7.1,53.9,28
2025-06-10,Bengaluru,Karnataka,12.9716,77.5946,32.2,72.2,13.2,20.4,0.66,14.1,6.9,55.4,22
2025-06-11,Bengaluru,Karnataka,12.9716,77.5946,27.7,52.2,13.6,24.0,0.68,18.9,10.8,47.7,24
2025-06-12,Bengaluru,Karnataka,12.9716,77.5946,33.0,67.4,15.0,23.9,0.66,15.6,3.3,49.6,25
2025-06-13,Bengaluru,Karnataka,12.9716,77.5946,33.0,70.0,11.9,18.8,0.51,7.4,13.1,62.8,20
2025-06-14,Bengaluru,Karnataka,12.9716,77.5946,30.7,67.2,12.4,22.8,0.59,9.2,6.9,54.2,23
2025-06-15,Bengaluru,Karnataka,12.9716,77.5946,30.8,85.9,13.4,19.4,0.66,24.4,8.8,59.1,22
2025-06-16,Bengaluru,Karnataka,12.9716,77.5946,25.5,83.9,12.0,23.6,0.6,25.5,7.3,36.7,24
2025-06-17,Bengaluru,Karnataka,12.9716,77.5946,28.9,78.7,12.7,19.9,0.53,27.7,1.8,37.0,21
2025-06-18,Bengaluru,Karnataka,12.9716,77.5946,32.2,65.4,15.3,27.2,0.74,20.2,4.1,56.5,27
2025-06-19,Bengaluru,Karnataka,12.9716,77.5946,33.5,85.7,10.0,16.3,0.64,11.3,5.2,47.9,17
2025-06-20,Bengaluru,Karnataka,12.9716,77.5946,32.8,77.0,8.0,15.0,0.65,13.9,9.6,63.1,15
2025-06-21,Bengaluru,Karnataka,12.9716,77.5946,31.4,66.4,8.3,15.0,0.7,7.7,2.5,35.4,15
2025-06-22,Bengaluru,Karnataka,12.9716,77.5946,35.1,73.6,8.0,15.0,0.56,7.4,4.1,54.6,15
2025-06-23,Bengaluru,Karnataka,12.9716,77.5946,33.6,80.5,8.0,15.0,0.56,18.1,7.1,51.0,15
2025-06-24,Bengaluru,Karnataka,12.9716,77.5946,31.1,70.0,8.0,15.0,0.81,19.8,8.1,49.3,15
2025-06-25,Bengaluru,Karnataka,12.9716,77.5946,35.8,75.5,8.0,15.4,0.45,28.3,8.0,61.6,15
2025-06-26,Bengaluru,Karnataka,12.9716,77.5946,30.0,77.1,8.0,15.0,0.31,16.1,3.7,53.4,15
2025-06-27,Bengaluru,Karnataka,12.9716,77.5946,29.4,67.6,8.0,15.0,0.67,8.4,1.8,54.4,15
2025-06-28,Bengaluru,Karnataka,12.9716,77.5946,31.4,73.8,8.0,15.0,0.49,15.8,8.3,58.5,15
2025-06-29,Bengaluru,Karnataka,12.9716,77.5946,30.9,68.8,8.0,15.4,0.43,14.9,10.9,50.2,15
2025-06-30,Bengaluru,Karnataka,12.9716,77.5946,31.7,82.4,8.0,15.0,0.72,13.6,5.6,69.7,15
2025-07-01,Bengaluru,Karnataka,12.9716,77.5946,33.8,70.3,8.0,15.7,0.57,18.6,3.2,67.4,16
2025-07-02,Bengaluru,Karnataka,12.9716,77.5946,32.4,79.1,8.0,15.0,0.4,9.3,5.4,51.5,15
2025-07-03,Bengaluru,Karnataka,12.9716,77.5946,32.5,67.6,8.0,15.0,0.88,17.3,7.8,53.1,15
2025-07-04,Bengaluru,Karnataka,12.9716,77.5946,32.7,69.7,8.0,15.0,0.35,20.5,5.9,51.8,15
2025-07-05,Bengaluru,Karnataka,12.9716,77.5946,28.5,69.7,8.0,15.9,0.58,25.1,10.9,50.7,16
2025-07-06,Bengaluru,Karnataka,12.9716,77.5946,30.0,76.2,8.0,15.0,0.31,18.4,9.4,42.4,15
2025-07-07,Bengaluru,Karnataka,12.9716,77.5946,32.0,79.7,8.0,15.0,0.63,22.8,7.2,47.1,15
2025-07-08,Bengaluru,Karnataka,12.9716,77.5946,31.3,81.2,8.0,15.0,0.49,13.9,1.0,34.9,15
2025-07-09,Bengaluru,Karnataka,12.9716,77.5946,32.4,66.5,8.0,15.0,0.71,14.7,4.6,50.9,15
2025-07-10,Bengaluru,Karnataka,12.9716,77.5946,35.4,77.9,8.0,15.0,0.59,24.6,5.0,67.3,15
2025-07-11,Bengaluru,Karnataka,12.9716,77.5946,32.8,74.0,8.0,15.0,0.79,8.3,4.4,53.4,15
2025-07-12,Bengaluru,Karnataka,12.9716,77.5946,30.5,83.2,8.0,15.0,0.52,14.1,7.2,50.3,15
2025-07-13,Bengaluru,Karnataka,12.9716,77.5946,31.5,77.7,8.0,15.0,0.35,23.3,7.3,54.8,15
2025-07-14,Bengaluru,Karnataka,12.9716,77.5946,36.0,79.2,8.0,15.0,0.62,15.3,1.6,51.8,15
2025-07-15,Bengaluru,Karnataka,12.9716,77.5946,35.7,74.6,8.0,15.0,0.55,14.8,9.1,59.6,15
2025-07-16,Bengaluru,Karnataka,12.9716,77.5946,34.1,92.0,8.0,15.0,0.32,15.0,6.7,63.8,15
2025-07-17,Bengaluru,Karnataka,12.9716,77.5946,30.2,71.0,8.0,15.0,0.43,17.3,7.7,52.9,15
2025-07-18,Bengaluru,Karnataka,12.9716,77.5946,33.5,77.2,8.0,15.4,0.48,23.1,8.9,63.7,15
2025-07-19,Bengaluru,Karnataka,12.9716,77.5946,33.7,80.8,8.0,15.0,0.82,22.1,4.3,66.2,15
2025-07-20,Bengaluru,Karnataka,12.9716,77.5946,33.0,78.2,8.0,15.0,0.7,16.6,10.4,60.4,15
2025-07-21,Bengaluru,Karnataka,12.9716,77.5946,31.9,74.6,8.0,15.0,0.54,23.1,6.2,47.6,15
2025-07-22,Bengaluru,Karnataka,12.9716,77.5946,32.3,67.2,8.0,15.0,0.66,18.6,11.2,51.1,15
2025-07-23,Bengaluru,Karnataka,12.9716,77.5946,31.8,75.0,8.0,15.0,0.28,21.7,4.0,68.5,15
2025-07-24,Bengaluru,Karnataka,12.9716,77.5946,30.8,73.0,8.0,15.1,0.5,10.4,11.0,54.1,15
2025-07-25,Bengaluru,Karnataka,12.9716,77.5946,35.3,91.4,8.0,15.0,0.65,27.0,3.9,60.2,15
2025-07-26,Bengaluru,Karnataka,12.9716,77.5946,34.4,95.3,8.0,15.0,0.61,17.9,14.3,50.4,15
2025-07-27,Bengaluru,Karnataka,12.9716,77.5946,32.3,78.9,8.0,15.0,0.51,4.0,3.8,53.1,15
2025-07-28,Bengaluru,Karnataka,12.9716,77.5946,33.4,69.3,8.0,15.0,0.58,26.5,9.8,61.4,15
2025-07-29,Bengaluru,Karnataka,12.9716,77.5946,33.4,84.1,8.0,15.0,0.64,16.6,5.6,55.8,15
2025-07-30,Bengaluru,Karnataka,12.9716,77.5946,36.9,71.8,8.0,15.0,0.59,14.2,8.8,57.1,15
2025-07-31,Bengaluru,Karnataka,12.9716,77.5946,34.2,74.6,8.0,15.0,0.72,12.9,6.5,54.6,15
2025-08-01,Bengaluru,Karnataka,12.9716,77.5946,34.1,73.8,8.0,15.1,0.64,19.2,3.4,66.2,15
2025-08-02,Bengaluru,Karnataka,12.9716,77.5946,32.6,74.4,8.0,15.0,0.67,11.2,1.0,59.6,15
2025-08-03,Bengaluru,Karnataka,12.9716,77.5946,31.6,75.2,8.0,15.0,0.85,13.1,14.2,57.1,15
2025-08-04,Bengaluru,Karnataka,12.9716,77.5946,34.8,68.1,8.0,15.0,0.71,13.2,6.9,61.5,15
2025-08-05,Bengaluru,Karnataka,12.9716,77.5946,33.5,72.1,8.0,15.0,0.85,14.8,1.0,46.3,15
2025-08-06,Bengaluru,Karnataka,12.9716,77.5946,30.7,83.8,8.0,15.0,0.49,13.5,7.5,53.5,15
2025-08-07,Bengaluru,Karnataka,12.9716,77.5946,32.9,76.1,8.0,15.0,0.35,21.7,8.7,63.4,15
2025-08-08,Bengaluru,Karnataka,12.9716,77.5946,33.5,76.9,8.0,15.0,0.57,18.2,4.5,53.8,15
2025-08-09,Bengaluru,Karnataka,12.9716,77.5946,28.2,60.0,8.0,15.0,0.56,18.9,4.5,55.1,15
2025-08-10,Bengaluru,Karnataka,12.9716,77.5946,30.2,81.9,8.0,15.0,0.81,20.2,6.6,54.9,15
2025-08-11,Bengaluru,Karnataka,12.9716,77.5946,32.4,70.1,8.0,15.0,0.42,16.0,10.2,60.7,15
2025-08-12,Bengaluru,Karnataka,12.9716,77.5946,28.2,82.4,8.0,15.9,0.58,10.4,6.9,47.8,16
2025-08-13,Bengaluru,Karnataka,12.9716,77.5946,28.4,75.3,8.0,15.0,0.65,27.4,11.0,54.7,15
2025-08-14,Bengaluru,Karnataka,12.9716,77.5946,31.0,69.9,8.0,15.0,0.6,22.1,10.0,40.1,15
2025-08-15,Bengaluru,Karnataka,12.9716,77.5946,32.3,61.7,8.0,15.0,0.56,26.2,6.0,54.1,15
2025-08-16,Bengaluru,Karnataka,12.9716,77.5946,32.3,88.3,8.0,15.0,0.64,22.8,1.9,59.5,15
2025-08-17,Bengaluru,Karnataka,12.9716,77.5946,34.0,78.3,8.0,15.0,0.75,13.8,6.0,59.0,15
2025-08-18,Bengaluru,Karnataka,12.9716,77.5946,31.2,78.3,8.0,15.0,0.82,4.0,8.2,60.9,15
2025-08-19,Bengaluru,Karnataka,12.9716,77.5946,30.3,84.6,11.9,20.3,0.64,10.4,7.1,49.0,20
2025-08-20,Bengaluru,Karnataka,12.9716,77.5946,28.5,73.1,11.5,18.4,0.51,21.5,8.8,43.1,19
2025-08-21,Bengaluru,Karnataka,12.9716,77.5946,30.1,80.6,8.9,15.0,0.83,16.2,9.3,37.1,15
2025-08-22,Bengaluru,Karnataka,12.9716,77.5946,31.9,67.4,13.4,26.4,0.49,15.8,8.7,50.5,26
2025-08-23,Bengaluru,Karnataka,12.9716,77.5946,31.9,75.5,10.3,17.3,0.88,4.0,6.0,57.1,17
2025-08-24,Bengaluru,Karnataka,12.9716,77.5946,30.9,65.6,15.3,26.3,0.87,18.8,8.8,57.0,26
2025-08-25,Bengaluru,Karnataka,12.9716,77.5946,31.3,66.1,13.3,21.1,0.87,11.8,13.8,40.5,22
2025-08-26,Bengaluru,Karnataka,12.9716,77.5946,32.5,70.0,13.3,18.8,0.75,13.9,2.6,63.0,22
2025-08-27,Bengaluru,Karnataka,12.9716,77.5946,30.2,60.1,14.6,23.9,0.35,23.8,8.6,42.1,24
2025-08-28,Bengaluru,Karnataka,12.9716,77.5946,32.4,70.9,27.1,43.5,0.65,16.5,13.7,51.2,45
2025-08-29,Bengaluru,Karnataka,12.9716,77.5946,28.5,66.1,13.6,23.9,0.7,12.7,3.6,42.7,24
2025-08-30,Bengaluru,Karnataka,12.9716,77.5946,29.6,54.1,17.5,31.2,0.59,20.7,10.4,51.9,31
2025-08-31,Bengaluru,Karnataka,12.9716,77.5946,28.7,64.5,20.4,36.1,0.68,25.8,11.0,47.7,36
2025-09-01,Bengaluru,Karnataka,12.9716,77.5946,30.9,65.0,14.4,25.9,0.75,16.2,2.7,56.4,26
2025-09-02,Bengaluru,Karnataka,12.9716,77.5946,27.5,73.0,12.9,24.8,0.62,26.9,9.2,60.5,25
2025-09-03,Bengaluru,Karnataka,12.9716,77.5946,28.7,68.8,16.6,28.3,0.5,11.6,6.5,50.4,28
2025-09-04,Bengaluru,Karnataka,12.9716,77.5946,25.8,76.7,23.0,41.7,0.89,12.6,7.7,37.3,42
2025-09-05,Bengaluru,Karnataka,12.9716,77.5946,30.1,69.9,18.6,32.0,0.78,10.7,6.5,52.9,32
2025-09-06,Bengaluru,Karnataka,12.9716,77.5946,31.1,62.1,19.5,26.7,0.68,10.3,11.5,66.4,32
2025-09-07,Bengaluru,Karnataka,12.9716,77.5946,30.4,65.4,25.8,41.9,0.89,24.3,7.7,54.3,43
2025-09-08,Bengaluru,Karnataka,12.9716,77.5946,30.1,63.1,18.1,27.5,0.72,13.9,6.1,56.9,30
2025-09-09,Bengaluru,Karnataka,12.9716,77.5946,30.0,68.7,21.7,36.6,0.94,12.5,6.4,36.1,37
2025-09-10,Bengaluru,Karnataka,12.9716,77.5946,29.6,65.5,16.2,24.9,0.7,21.5,6.3,51.9,27
2025-09-11,Bengaluru,Karnataka,12.9716,77.5946,29.4,60.5,24.9,43.3,0.97,26.9,4.7,45.4,43
2025-09-12,Bengaluru,Karnataka,12.9716,77.5946,29.4,64.8,24.9,44.7,0.5,28.3,6.6,42.1,45
2025-09-13,Bengaluru,Karnataka,12.9716,77.5946,26.8,67.8,28.8,52.7,0.89,28.5,8.7,42.9,53
2025-09-14,Bengaluru,Karnataka,12.9716,77.5946,27.5,57.3,19.2,36.3,0.65,14.6,8.7,46.0,36
2025-09-15,Bengaluru,Karnataka,12.9716,77.5946,27.9,66.4,24.1,33.7,0.64,23.4,11.5,40.2,40
2025-09-16,Bengaluru,Karnataka,12.9716,77.5946,27.1,53.0,19.3,28.4,0.89,23.2,8.3,45.9,32
2025-09-17,Bengaluru,Karnataka,12.9716,77.5946,24.7,71.6,24.7,51.6,0.91,19.1,6.6,38.7,52
2025-09-18,Bengaluru,Karnataka,12.9716,77.5946,25.2,67.4,36.8,66.2,0.61,26.8,5.9,45.2,66
2025-09-19,Bengaluru,Karnataka,12.9716,77.5946,27.7,75.0,25.2,42.4,0.89,14.5,8.9,46.6,42
2025-09-20,Bengaluru,Karnataka,12.9716,77.5946,28.8,55.7,20.3,33.6,0.81,16.7,7.3,50.1,34
2025-09-21,Bengaluru,Karnataka,12.9716,77.5946,27.1,71.3,24.0,39.4,0.66,23.9,7.7,51.7,40
2025-09-22,Bengaluru,Karnataka,12.9716,77.5946,31.9,69.8,19.9,27.0,0.6,29.4,8.4,56.5,33
2025-09-23,Bengaluru,Karnataka,12.9716,77.5946,25.1,61.9,21.6,33.2,0.5,27.8,9.3,41.0,36
2025-09-24,Bengaluru,Karnataka,12.9716,77.5946,27.5,60.5,33.9,55.3,0.83,28.8,9.5,26.9,56
2025-09-25,Bengaluru,Karnataka,12.9716,77.5946,28.9,55.4,21.6,33.3,0.71,21.4,7.2,51.2,36
2025-09-26,Bengaluru,Karnataka,12.9716,77.5946,28.4,53.5,32.2,50.3,0.98,23.9,6.2,37.9,54
2025-09-27,Bengaluru,Karnataka,12.9716,77.5946,27.5,57.6,30.7,62.3,0.88,15.1,6.6,43.2,62
2025-09-28,Bengaluru,Karnataka,12.9716,77.5946,28.1,54.0,27.5,44.3,0.65,17.8,10.7,48.2,46
2025-09-29,Bengaluru,Karnataka,12.9716,77.5946,26.2,73.9,32.9,55.7,0.9,19.7,7.4,52.2,56
2025-09-30,Bengaluru,Karnataka,12.9716,77.5946,28.9,52.1,25.8,43.5,0.75,25.7,4.0,61.5,44
2025-10-01,Bengaluru,Karnataka,12.9716,77.5946,28.1,63.6,38.7,67.2,0.79,32.0,12.6,36.8,67
2025-10-02,Bengaluru,Karnataka,12.9716,77.5946,24.2,65.6,27.9,44.0,0.57,27.3,5.4,28.4,46
2025-10-03,Bengaluru,Karnataka,12.9716,77.5946,26.2,65.0,30.3,55.6,0.93,30.8,8.5,44.4,56
2025-10-04,Bengaluru,Karnataka,12.9716,77.5946,22.7,65.6,29.8,51.2,0.9,24.0,9.9,38.2,51
2025-10-05,Bengaluru,Karnataka,12.9716,77.5946,28.1,69.0,39.3,57.2,1.02,20.7,9.2,34.4,66
2025-10-06,Bengaluru,Karnataka,12.9716,77.5946,25.6,59.2,38.5,62.8,0.82,26.0,1.6,40.0,64
2025-10-07,Bengaluru,Karnataka,12.9716,77.5946,27.5,62.9,19.4,31.5,0.74,15.9,8.7,49.9,32
2025-10-08,Bengaluru,Karnataka,12.9716,77.5946,24.8,60.2,36.9,59.7,0.7,29.8,12.9,29.1,62
2025-10-09,Bengaluru,Karnataka,12.9716,77.5946,21.5,71.4,24.0,41.5,0.62,19.5,10.3,27.0,42
2025-10-10,Bengaluru,Karnataka,12.9716,77.5946,29.5,76.9,33.1,57.8,0.87,24.0,2.3,41.7,58
2025-10-11,Bengaluru,Karnataka,12.9716,77.5946,24.8,53.9,35.2,60.8,0.93,29.4,15.2,37.5,61
2025-10-12,Bengaluru,Karnataka,12.9716,77.5946,22.7,48.0,33.7,57.4,0.63,20.3,4.7,41.5,57
2025-10-13,Bengaluru,Karnataka,12.9716,77.5946,26.4,66.2,41.1,68.4,0.8,32.9,6.1,38.5,68
2025-10-14,Bengaluru,Karnataka,12.9716,77.5946,27.9,69.7,43.6,57.9,0.93,19.9,11.8,43.7,73
2025-10-15,Bengaluru,Karnataka,12.9716,77.5946,23.7,75.8,31.7,56.0,1.0,26.0,9.9,55.8,56
2025-10-16,Bengaluru,Karnataka,12.9716,77.5946,23.8,67.3,31.8,54.7,0.73,23.6,8.8,30.3,55
2025-10-17,Bengaluru,Karnataka,12.9716,77.5946,24.3,71.9,38.0,57.1,0.94,31.1,7.3,32.8,63
2025-10-18,Bengaluru,Karnataka,12.9716,77.5946,21.7,73.7,27.6,46.6,0.84,14.6,12.2,40.5,47
2025-10-19,Bengaluru,Karnataka,12.9716,77.5946,22.4,72.3,35.2,61.5,0.85,16.1,8.7,43.2,62
2025-10-20,Bengaluru,Karnataka,12.9716,77.5946,26.7,68.2,53.1,96.9,1.13,35.5,5.5,43.7,97
2025-10-21,Bengaluru,Karnataka,12.9716,77.5946,23.1,53.1,28.6,49.3,0.62,20.8,12.0,51.6,49
2025-10-22,Bengaluru,Karnataka,12.9716,77.5946,21.7,62.0,37.3,63.3,0.82,25.4,9.6,36.6,63
2025-10-23,Bengaluru,Karnataka,12.9716,77.5946,22.3,64.2,35.6,63.8,1.11,21.4,12.2,19.3,64
2025-10-24,Bengaluru,Karnataka,12.9716,77.5946,24.9,61.4,63.6,102.0,1.43,39.8,12.8,37.3,112
2025-10-25,Bengaluru,Karnataka,12.9716,77.5946,19.3,61.8,36.7,62.8,1.03,27.5,16.1,25.7,63
2025-10-26,Bengaluru,Karnataka,12.9716,77.5946,23.2,73.0,37.5,58.3,1.08,27.4,8.1,47.5,62
2025-10-27,Bengaluru,Karnataka,12.9716,77.5946,27.1,56.7,33.5,60.8,0.6,17.7,8.7,50.7,61
2025-10-28,Bengaluru,Karnataka,12.9716,77.5946,26.2,67.6,42.4,59.8,0.83,30.6,11.6,28.0,71
2025-10-29,Bengaluru,Karnataka,12.9716,77.5946,23.5,64.2,45.3,80.3,0.96,22.5,8.7,46.8,80
2025-10-30,Bengaluru,Karnataka,12.9716,77.5946,24.7,56.0,35.4,58.5,1.26,21.4,11.2,46.4,59
2025-10-31,Bengaluru,Karnataka,12.9716,77.5946,24.5,54.5,53.9,96.8,1.05,23.1,1.5,34.3,97
2025-11-01,Bengaluru,Karnataka,12.9716,77.5946,21.8,50.1,46.4,71.2,1.13,27.9,9.5,32.7,77
2025-11-02,Bengaluru,Karnataka,12.9716,77.5946,23.6,65.4,53.2,88.5,1.15,37.4,9.9,46.6,89
2025-11-03,Bengaluru,Karnataka,12.9716,77.5946,25.1,61.6,41.3,68.6,1.01,28.6,8.9,23.2,69
2025-11-04,Bengaluru,Karnataka,12.9716,77.5946,19.4,56.2,47.2,81.0,1.02,26.5,7.1,33.0,81
2025-11-05,Bengaluru,Karnataka,12.9716,77.5946,22.6,48.9,43.1,64.3,0.8,28.4,12.2,43.7,72
2025-11-06,Bengaluru,Karnataka,12.9716,77.5946,22.1,65.0,62.7,109.4,0.79,34.7,9.5,31.5,109
2025-11-07,Bengaluru,Karnataka,12.9716,77.5946,21.6,60.8,47.0,64.5,1.21,29.4,10.4,38.0,78
2025-11-08,Bengaluru,Karnataka,12.9716,77.5946,21.3,57.0,46.2,71.6,0.92,29.9,9.6,33.3,77
2025-11-09,Bengaluru,Karnataka,12.9716,77.5946,21.6,55.3,42.0,59.5,0.69,21.2,10.9,27.1,70
2025-11-10,Bengaluru,Karnataka,12.9716,77.5946,21.6,60.3,41.8,74.1,1.03,28.0,13.6,26.9,74
2025-11-11,Bengaluru,Karnataka,12.9716,77.5946,23.0,65.3,49.7,84.9,1.11,19.4,10.6,40.5,85
2025-11-12,Bengaluru,Karnataka,12.9716,77.5946,21.7,59.7,56.8,97.6,1.25,35.6,13.1,26.9,98
2025-11-13,Bengaluru,Karnataka,12.9716,77.5946,20.4,53.7,41.1,76.9,1.12,20.5,9.7,19.3,77
2025-11-14,Bengaluru,Karnataka,12.9716,77.5946,19.1,61.6,49.4,79.2,0.91,36.9,8.4,29.6,82
2025-11-15,Bengaluru,Karnataka,12.9716,77.5946,19.7,69.3,50.4,87.8,0.93,15.5,9.6,25.3,88
2025-11-16,Bengaluru,Karnataka,12.9716,77.5946,20.9,62.3,52.7,87.5,1.04,40.9,9.4,21.6,88
2025-11-17,Bengaluru,Karnataka,12.9716,77.5946,19.0,62.5,33.7,55.1,1.0,14.9,10.4,30.7,56
2025-11-18,Bengaluru,Karnataka,12.9716,77.5946,21.9,59.7,40.2,74.3,0.63,19.7,9.5,40.2,74
2025-11-19,Bengaluru,Karnataka,12.9716,77.5946,20.9,55.8,36.7,72.1,0.93,27.6,6.6,32.9,72
2025-11-20,Bengaluru,Karnataka,12.9716,77.5946,22.1,55.5,50.3,79.7,1.2,33.8,9.4,24.7,84
2025-11-21,Bengaluru,Karnataka,12.9716,77.5946,18.8,50.4,41.2,73.1,1.09,25.5,4.7,32.8,73
2025-11-22,Bengaluru,Karnataka,12.9716,77.5946,18.3,70.3,45.3,76.9,1.11,33.8,9.1,36.1,77
2025-11-23,Bengaluru,Karnataka,12.9716,77.5946,21.8,65.2,39.1,66.4,1.09,21.7,9.1,51.6,66
2025-11-24,Bengaluru,Karnataka,12.9716,77.5946,19.9,62.6,46.7,78.8,0.61,26.6,15.2,41.6,79
2025-11-25,Bengaluru,Karnataka,12.9716,77.5946,19.2,64.1,40.1,64.2,1.19,25.0,13.3,21.6,67
2025-11-26,Bengaluru,Karnataka,12.9716,77.5946,20.7,64.4,61.0,67.8,1.23,30.3,7.8,36.9,103
2025-11-27,Bengaluru,Karnataka,12.9716,77.5946,20.5,56.9,57.7,108.4,1.34,20.8,11.2,32.1,106
2025-11-28,Bengaluru,Karnataka,12.9716,77.5946,17.0,59.7,53.9,83.3,0.92,31.1,11.0,15.6,90
2025-11-29,Bengaluru,Karnataka,12.9716,77.5946,21.7,58.7,49.1,79.2,0.78,29.0,9.2,35.0,82
2025-11-30,Bengaluru,Karnataka,12.9716,77.5946,18.3,79.6,33.6,54.4,1.14,31.2,8.2,44.3,56
2025-12-01,Bengaluru,Karnataka,12.9716,77.5946,22.1,69.1,47.9,73.3,0.89,21.6,8.8,43.1,80
2025-12-02,Bengaluru,Karnataka,12.9716,77.5946,16.5,63.2,45.0,75.8,0.95,24.6,15.2,16.8,76
2025-12-03,Bengaluru,Karnataka,12.9716,77.5946,19.4,71.6,56.4,92.7,1.21,39.3,9.3,28.5,94
2025-12-04,Bengaluru,Karnataka,12.9716,77.5946,18.4,70.7,61.5,94.9,1.3,35.4,11.9,30.2,105
2025-12-05,Bengaluru,Karnataka,12.9716,77.5946,15.1,52.3,57.9,96.8,1.31,35.8,3.0,8.0,97
2025-12-06,Bengaluru,Karnataka,12.9716,77.5946,19.8,60.4,71.5,117.6,1.33,39.6,14.2,13.9,138
2025-12-07,Bengaluru,Karnataka,12.9716,77.5946,15.1,61.9,48.0,85.8,0.87,32.1,13.4,23.5,86
2025-12-08,Bengaluru,Karnataka,12.9716,77.5946,17.9,66.3,47.7,69.2,1.14,40.2,6.7,28.2,80
2025-12-09,Bengaluru,Karnataka,12.9716,77.5946,20.4,60.4,68.9,105.3,1.37,36.6,10.0,14.0,130
2025-12-10,Bengaluru,Karnataka,12.9716,77.5946,17.3,61.3,57.1,100.4,0.86,26.2,11.9,28.2,100
2025-12-11,Bengaluru,Karnataka,12.9716,77.5946,16.6,58.8,52.3,81.3,1.29,34.6,10.2,33.0,87
2025-12-12,Bengaluru,Karnataka,12.9716,77.5946,19.6,69.3,83.2,126.0,1.05,37.2,14.1,24.3,177
2025-12-13,Bengaluru,Karnataka,12.9716,77.5946,17.7,51.9,63.2,98.6,1.36,33.6,10.2,25.4,111
2025-12-14,Bengaluru,Karnataka,12.9716,77.5946,17.3,59.0,53.5,87.5,1.0,33.3,15.9,29.9,89
2025-12-15,Bengaluru,Karnataka,12.9716,77.5946,20.3,49.1,48.2,78.7,1.14,24.5,7.8,34.1,80
2025-12-16,Bengaluru,Karnataka,12.9716,77.5946,15.8,54.8,75.2,121.7,1.41,35.0,20.1,8.0,151
2025-12-17,Bengaluru,Karnataka,12.9716,77.5946,17.0,64.2,59.0,88.2,1.15,35.7,14.4,17.1,98
2025-12-18,Bengaluru,Karnataka,12.9716,77.5946,19.4,64.4,56.8,100.4,1.2,28.9,13.0,25.1,100
2025-12-19,Bengaluru,Karnataka,12.9716,77.5946,15.5,59.8,65.8,121.6,1.22,40.9,8.1,14.4,119
2025-12-20,Bengaluru,Karnataka,12.9716,77.5946,20.9,69.9,69.0,94.1,1.37,30.2,14.2,41.3,130
2025-12-21,Bengaluru,Karnataka,12.9716,77.5946,17.2,71.5,64.3,91.1,1.54,28.6,13.0,29.2,114
2025-12-22,Bengaluru,Karnataka,12.9716,77.5946,19.2,61.5,69.4,125.0,1.07,47.6,5.2,17.8,131
2025-12-23,Bengaluru,Karnataka,12.9716,77.5946,19.1,63.8,63.3,119.3,0.72,25.1,6.8,25.5,113
2025-12-24,Bengaluru,Karnataka,12.9716,77.5946,17.2,58.8,64.9,86.3,1.16,34.6,12.3,33.1,116
2025-12-25,Bengaluru,Karnataka,12.9716,77.5946,16.6,66.4,49.0,86.8,0.97,40.8,9.5,19.5,87
2025-12-26,Bengaluru,Karnataka,12.9716,77.5946,17.3,53.6,85.9,162.8,1.4,41.3,11.3,29.0,186
2025-12-27,Bengaluru,Karnataka,12.9716,77.5946,18.7,74.6,44.1,67.0,0.85,36.2,12.8,39.5,74
2025-12-28,Bengaluru,Karnataka,12.9716,77.5946,15.6,70.0,62.0,117.0,1.32,37.7,8.3,31.4,111
2025-12-29,Bengaluru,Karnataka,12.9716,77.5946,15.1,53.6,43.2,70.2,0.77,27.8,8.1,24.3,72
2025-12-30,Bengaluru,Karnataka,12.9716,77.5946,19.9,56.5,56.9,96.5,1.2,31.4,8.6,39.2,96
2025-12-31,Bengaluru,Karnataka,12.9716,77.5946,15.9,64.9,51.3,79.2,1.17,17.7,11.6,19.1,86
2024-01-01,Hyderabad,Telangana,17.385,78.4867,21.8,35.9,137.8,189.8,2.01,62.7,17.5,24.7,314
2024-01-02,Hyderabad,Telangana,17.385,78.4867,21.7,58.4,84.2,158.1,1.56,45.6,13.6,18.8,181
2024-01-03,Hyderabad,Telangana,17.385,78.4867,19.3,61.7,102.9,129.2,1.78,49.5,13.3,10.8,243
2024-01-04,Hyderabad,Telangana,17.385,78.4867,18.5,53.5,74.0,124.2,1.41,47.7,11.3,38.3,147
2024-01-05,Hyderabad,Telangana,17.385,78.4867,20.8,61.5,89.5,144.5,1.43,38.3,12.1,31.4,198
2024-01-06,Hyderabad,Telangana,17.385,78.4867,22.3,66.6,90.5,151.4,1.59,40.4,12.5,31.3,202
2024-01-07,Hyderabad,Telangana,17.385,78.4867,23.2,45.4,65.5,96.8,1.37,30.3,12.5,37.1,118
2024-01-08,Hyderabad,Telangana,17.385,78.4867,15.6,55.9,65.1,110.9,1.08,39.2,5.4,22.8,117
2024-01-09,Hyderabad,Telangana,17.385,78.4867,24.4,68.7,76.9,129.3,1.55,37.0,13.0,37.9,156
2024-01-10,Hyderabad,Telangana,17.385,78.4867,20.8,46.3,102.7,211.9,1.79,42.7,11.6,23.0,242
2024-01-11,Hyderabad,Telangana,17.385,78.4867,21.7,54.2,53.8,89.9,0.99,41.2,9.3,40.7,90
2024-01-12,Hyderabad,Telangana,17.385,78.4867,16.9,51.9,74.4,137.8,1.47,48.7,7.3,18.4,148
2024-01-13,Hyderabad,Telangana,17.385,78.4867,19.6,62.4,107.5,153.2,1.82,46.4,13.5,16.3,258
2024-01-14,Hyderabad,Telangana,17.385,78.4867,21.5,63.3,61.5,110.8,1.31,25.5,11.8,17.7,107
2024-01-15,Hyderabad,Telangana,17.385,78.4867,17.9,56.1,106.2,178.8,1.92,59.2,15.9,19.1,254
2024-01-16,Hyderabad,Telangana,17.385,78.4867,14.8,55.2,62.9,106.3,1.2,36.9,7.5,30.5,110
2024-01-17,Hyderabad,Telangana,17.385,78.4867,20.6,43.0,65.9,111.5,1.28,37.6,12.5,25.7,120
2024-01-18,Hyderabad,Telangana,17.385,78.4867,19.9,65.0,78.0,148.7,0.97,39.6,15.7,16.0,160
2024-01-19,Hyderabad,Telangana,17.385,78.4867,22.6,52.5,121.6,205.3,2.02,48.1,14.2,29.3,301
2024-01-20,Hyderabad,Telangana,17.385,78.4867,19.7,54.0,69.9,107.1,1.43,33.9,11.6,22.4,133
2024-01-21,Hyderabad,Telangana,17.385,78.4867,19.9,61.8,54.9,85.6,1.31,35.6,4.2,41.7,92
2024-01-22,Hyderabad,Telangana,17.385,78.4867,21.3,56.4,59.1,104.7,1.02,30.2,8.0,39.8,103
2024-01-23,Hyderabad,Telangana,17.385,78.4867,21.9,62.0,98.6,169.3,1.74,48.2,14.7,18.1,229
2024-01-24,Hyderabad,Telangana,17.385,78.4867,18.8,59.2,59.6,84.6,1.31,33.1,13.6,25.7,99
2024-01-25,Hyderabad,Telangana,17.385,78.4867,21.8,56.4,104.1,179.8,1.56,41.0,12.5,21.4,247
2024-01-26,Hyderabad,Telangana,17.385,78.4867,19.2,57.2,81.3,121.0,1.56,49.8,20.5,16.3,171
2024-01-27,Hyderabad,Telangana,17.385,78.4867,20.2,47.1,79.4,136.3,1.45,43.0,13.3,26.9,165
2024-01-28,Hyderabad,Telangana,17.385,78.4867,21.4,54.0,85.3,130.4,1.19,43.3,9.0,35.2,184
2024-01-29,Hyderabad,Telangana,17.385,78.4867,21.7,62.6,66.9,107.5,1.33,38.7,15.2,30.4,123
2024-01-30,Hyderabad,Telangana,17.385,78.4867,20.8,48.7,82.1,128.8,1.3,29.5,8.8,23.9,174
2024-01-31,Hyderabad,Telangana,17.385,78.4867,18.3,50.0,61.2,114.9,0.93,30.6,11.9,8.5,110
2024-02-01,Hyderabad,Telangana,17.385,78.4867,16.9,48.8,106.8,182.7,1.74,39.0,11.8,14.1,256
2024-02-02,Hyderabad,Telangana,17.385,78.4867,20.0,56.1,63.2,116.3,1.19,35.0,7.0,33.1,111
2024-02-03,Hyderabad,Telangana,17.385,78.4867,22.1,64.8,87.1,181.5,1.68,43.8,15.9,18.9,190
2024-02-04,Hyderabad,Telangana,17.385,78.4867,21.2,58.8,62.9,104.1,1.23,35.0,10.2,40.9,110
2024-02-05,Hyderabad,Telangana,17.385,78.4867,20.9,39.8,70.0,131.3,1.39,43.5,16.8,24.7,133
2024-02-06,Hyderabad,Telangana,17.385,78.4867,20.5,59.5,72.4,111.8,1.38,28.2,8.7,30.1,141
2024-02-07,Hyderabad,Telangana,17.385,78.4867,21.1,51.9,151.0,277.7,2.33,57.5,13.4,18.5,324
2024-02-08,Hyderabad,Telangana,17.385,78.4867,18.8,58.6,77.9,119.2,1.23,41.4,10.8,15.9,160
2024-02-09,Hyderabad,Telangana,17.385,78.4867,22.0,54.0,65.1,107.2,1.25,36.4,19.9,35.3,117
2024-02-10,Hyderabad,Telangana,17.385,78.4867,22.2,49.0,70.5,122.1,1.26,28.7,14.1,26.7,135
2024-02-11,Hyderabad,Telangana,17.385,78.4867,20.1,54.5,55.7,97.7,1.22,39.0,12.1,22.9,98
2024-02-12,Hyderabad,Telangana,17.385,78.4867,21.6,51.9,74.6,108.9,1.37,47.1,13.7,11.1,149
2024-02-13,Hyderabad,Telangana,17.385,78.4867,17.8,57.2,115.9,176.1,1.7,53.6,13.8,30.3,286
2024-02-14,Hyderabad,Telangana,17.385,78.4867,21.2,48.8,82.8,144.2,1.37,31.4,20.8,28.8,176
2024-02-15,Hyderabad,Telangana,17.385,78.4867,20.7,47.1,93.5,149.1,1.79,44.9,14.9,35.7,212
2024-02-16,Hyderabad,Telangana,17.385,78.4867,23.3,60.1,62.5,90.0,0.94,36.0,12.1,39.0,108
2024-02-17,Hyderabad,Telangana,17.385,78.4867,20.7,62.8,72.8,119.3,1.42,35.7,14.8,37.8,143
2024-02-18,Hyderabad,Telangana,17.385,78.4867,22.7,59.1,79.3,129.5,1.57,47.5,8.5,26.9,164
2024-02-19,Hyderabad,Telangana,17.385,78.4867,20.5,50.5,64.4,108.0,1.3,33.9,8.5,18.4,115
2024-02-20,Hyderabad,Telangana,17.385,78.4867,17.2,49.8,82.2,142.2,1.71,52.9,11.8,28.4,174
2024-02-21,Hyderabad,Telangana,17.385,78.4867,21.0,50.2,85.9,147.7,1.59,46.2,15.8,29.0,186
2024-02-22,Hyderabad,Telangana,17.385,78.4867,21.8,61.2,84.2,129.2,1.49,42.6,8.8,25.7,181
2024-02-23,Hyderabad,Telangana,17.385,78.4867,21.8,49.2,72.0,114.3,1.23,42.6,11.6,36.6,140
2024-02-24,Hyderabad,Telangana,17.385,78.4867,21.9,61.2,94.2,168.5,1.61,53.3,12.9,31.1,214
2024-02-25,Hyderabad,Telangana,17.385,78.4867,20.8,59.5,69.7,109.3,1.38,41.7,6.9,34.4,132
2024-02-26,Hyderabad,Telangana,17.385,78.4867,21.2,63.7,68.0,108.2,1.26,35.3,9.9,21.9,127
2024-02-27,Hyderabad,Telangana,17.385,78.4867,19.8,62.4,100.4,143.0,1.5,42.2,15.7,32.5,235
2024-02-28,Hyderabad,Telangana,17.385,78.4867,18.3,58.8,57.0,93.9,0.95,25.5,6.1,26.6,95
2024-02-29,Hyderabad,Telangana,17.385,78.4867,21.8,44.7,49.8,84.8,1.08,15.3,14.2,41.6,85
2024-03-01,Hyderabad,Telangana,17.385,78.4867,20.7,59.3,59.6,80.6,0.94,34.1,12.2,38.0,99
2024-03-02,Hyderabad,Telangana,17.385,78.4867,24.1,55.8,78.1,116.4,1.3,36.7,13.3,39.3,160
2024-03-03,Hyderabad,Telangana,17.385,78.4867,18.3,52.4,94.7,136.0,1.19,42.3,13.6,22.0,216
2024-03-04,Hyderabad,Telangana,17.385,78.4867,22.9,64.5,61.4,108.6,1.31,39.8,7.6,39.1,106
2024-03-05,Hyderabad,Telangana,17.385,78.4867,26.3,53.9,105.3,143.6,1.84,47.0,12.5,43.4,251
2024-03-06,Hyderabad,Telangana,17.385,78.4867,22.2,51.3,70.7,115.8,1.3,48.0,12.7,36.3,136
2024-03-07,Hyderabad,Telangana,17.385,78.4867,22.6,62.9,68.1,119.8,1.53,32.4,9.5,34.0,127
2024-03-08,Hyderabad,Telangana,17.385,78.4867,23.5,52.2,57.6,96.7,1.34,26.6,11.2,40.5,97
2024-03-09,Hyderabad,Telangana,17.385,78.4867,23.7,50.9,106.2,168.2,1.75,40.4,11.8,26.1,254
2024-03-10,Hyderabad,Telangana,17.385,78.4867,22.2,47.1,66.5,113.1,1.22,39.6,12.7,43.9,122
2024-03-11,Hyderabad,Telangana,17.385,78.4867,21.2,49.3,51.0,92.0,1.01,37.2,11.7,18.4,92
2024-03-12,Hyderabad,Telangana,17.385,78.4867,24.3,49.9,116.6,190.5,1.88,47.7,10.4,30.5,289
2024-03-13,Hyderabad,Telangana,17.385,78.4867,19.8,59.3,73.6,96.7,1.3,31.2,12.1,24.0,145
2024-03-14,Hyderabad,Telangana,17.385,78.4867,24.8,47.9,80.0,145.7,1.47,48.8,7.8,29.6,167
2024-03-15,Hyderabad,Telangana,17.385,78.4867,22.7,42.0,96.5,165.0,1.67,36.2,8.1,32.1,222
2024-03-16,Hyderabad,Telangana,17.385,78.4867,23.5,57.1,75.8,124.7,1.31,44.3,10.3,24.1,153
2024-03-17,Hyderabad,Telangana,17.385,78.4867,22.7,50.6,81.5,110.3,1.57,36.7,20.9,48.3,172
2024-03-18,Hyderabad,Telangana,17.385,78.4867,26.3,54.9,66.1,106.2,1.2,37.6,13.6,27.7,120
2024-03-19,Hyderabad,Telangana,17.385,78.4867,24.3,64.0,76.3,115.9,1.35,44.9,16.3,26.6,154
2024-03-20,Hyderabad,Telangana,17.385,78.4867,23.4,55.5,64.0,93.9,1.06,37.3,12.9,25.6,113
2024-03-21,Hyderabad,Telangana,17.385,78.4867,23.4,65.6,63.8,103.9,1.17,32.6,11.7,35.7,113
2024-03-22,Hyderabad,Telangana,17.385,78.4867,23.9,54.5,65.3,102.5,1.55,43.3,13.9,42.8,118
2024-03-23,Hyderabad,Telangana,17.385,78.4867,28.6,62.1,57.9,91.4,1.01,34.2,8.7,47.2,96
2024-03-24,Hyderabad,Telangana,17.385,78.4867,22.0,51.2,70.0,123.3,1.34,58.5,13.0,43.0,133
2024-03-25,Hyderabad,Telangana,17.385,78.4867,26.4,55.8,69.5,117.3,1.2,26.0,15.1,31.7,132
2024-03-26,Hyderabad,Telangana,17.385,78.4867,25.6,48.5,74.0,116.5,0.99,27.3,14.0,41.9,147
2024-03-27,Hyderabad,Telangana,17.385,78.4867,27.5,49.3,70.6,109.8,1.37,42.5,15.4,37.5,135
2024-03-28,Hyderabad,Telangana,17.385,78.4867,26.0,53.4,94.4,149.4,1.47,44.0,14.1,36.9,215
2024-03-29,Hyderabad,Telangana,17.385,78.4867,25.0,45.7,76.1,122.7,1.39,43.1,17.2,44.2,154
2024-03-30,Hyderabad,Telangana,17.385,78.4867,26.9,56.1,57.2,99.4,1.28,25.7,10.0,26.8,99
2024-03-31,Hyderabad,Telangana,17.385,78.4867,25.6,52.9,65.6,98.0,1.26,35.3,17.6,53.3,119
2024-04-01,Hyderabad,Telangana,17.385,78.4867,26.7,56.7,80.4,150.3,1.44,42.5,14.2,36.5,168
2024-04-02,Hyderabad,Telangana,17.385,78.4867,28.0,45.8,47.4,82.4,0.9,25.9,8.6,30.2,82
2024-04-03,Hyderabad,Telangana,17.385,78.4867,25.7,59.9,90.3,111.9,1.61,44.3,9.7,29.6,201
2024-04-04,Hyderabad,Telangana,17.385,78.4867,24.9,66.9,48.5,80.6,1.01,21.3,7.5,38.8,81
2024-04-05,Hyderabad,Telangana,17.385,78.4867,24.6,65.4,69.5,125.5,0.97,38.6,8.7,29.9,132
2024-04-06,Hyderabad,Telangana,17.385,78.4867,26.7,68.4,56.6,96.7,1.25,40.8,10.3,23.7,97
2024-04-07,Hyderabad,Telangana,17.385,78.4867,24.4,55.3,55.4,88.0,1.29,24.3,6.6,37.3,92
2024-04-08,Hyderabad,Telangana,17.385,78.4867,25.5,52.6,41.7,68.4,1.19,19.5,13.2,33.9,70
2024-04-09,Hyderabad,Telangana,17.385,78.4867,24.5,58.4,67.2,112.6,1.57,42.6,11.7,40.7,124
2024-04-10,Hyderabad,Telangana,17.385,78.4867,27.3,53.4,41.1,72.5,1.07,19.2,9.5,34.0,72
2024-04-11,Hyderabad,Telangana,17.385,78.4867,25.1,42.9,39.3,56.6,1.01,31.6,5.7,57.4,66
2024-04-12,Hyderabad,Telangana,17.385,78.4867,24.3,60.8,69.1,107.7,1.43,36.4,9.2,39.1,130
2024-04-13,Hyderabad,Telangana,17.385,78.4867,24.7,53.4,78.6,149.0,1.24,36.6,5.6,36.3,162
2024-04-14,Hyderabad,Telangana,17.385,78.4867,25.8,44.8,45.4,75.1,0.75,37.3,14.5,44.8,76
2024-04-15,Hyderabad,Telangana,17.385,78.4867,26.1,51.5,64.9,121.9,1.15,40.3,6.9,23.7,116
2024-04-16,Hyderabad,Telangana,17.385,78.4867,27.6,53.6,61.4,128.8,1.37,35.3,6.9,37.0,119
2024-04-17,Hyderabad,Telangana,17.385,78.4867,26.9,55.2,50.0,78.8,0.96,17.1,14.2,55.4,83
2024-04-18,Hyderabad,Telangana,17.385,78.4867,28.0,55.3,67.8,99.6,1.32,40.0,12.6,38.5,126
2024-04-19,Hyderabad,Telangana,17.385,78.4867,28.3,64.7,48.2,77.6,1.12,23.0,10.2,42.9,80
2024-04-20,Hyderabad,Telangana,17.385,78.4867,28.9,46.1,55.4,100.6,1.15,30.4,11.5,40.0,100
2024-04-21,Hyderabad,Telangana,17.385,78.4867,24.3,54.1,37.2,68.2,0.72,25.9,11.8,49.8,68
2024-04-22,Hyderabad,Telangana,17.385,78.4867,25.8,49.0,37.1,73.9,0.96,37.3,9.3,38.6,74
2024-04-23,Hyderabad,Telangana,17.385,78.4867,28.9,64.0,62.0,102.0,1.13,32.3,6.3,33.1,107
2024-04-24,Hyderabad,Telangana,17.385,78.4867,28.5,51.3,53.5,92.3,1.35,22.6,12.5,63.8,92
2024-04-25,Hyderabad,Telangana,17.385,78.4867,30.0,52.8,45.5,70.2,1.18,37.4,10.9,35.4,76
2024-04-26,Hyderabad,Telangana,17.385,78.4867,25.5,62.6,70.6,89.9,1.23,40.9,15.2,36.0,135
2024-04-27,Hyderabad,Telangana,17.385,78.4867,27.6,64.5,69.6,114.5,1.54,40.9,7.8,33.4,132
2024-04-28,Hyderabad,Telangana,17.385,78.4867,28.0,65.6,49.9,73.8,1.11,38.9,7.8,37.2,83
2024-04-29,Hyderabad,Telangana,17.385,78.4867,29.0,43.8,32.5,56.8,0.61,34.8,9.8,37.6,57
2024-04-30,Hyderabad,Telangana,17.385,78.4867,28.9,58.7,43.2,59.1,0.97,22.5,6.6,40.5,72
2024-05-01,Hyderabad,Telangana,17.385,78.4867,29.8,57.3,36.4,56.1,1.15,17.3,1.9,54.9,61
2024-05-02,Hyderabad,Telangana,17.385,78.4867,28.8,55.1,44.1,74.5,0.87,33.2,10.1,29.5,74
2024-05-03,Hyderabad,Telangana,17.385,78.4867,31.6,56.0,34.7,59.3,0.88,23.5,11.5,60.2,59
2024-05-04,Hyderabad,Telangana,17.385,78.4867,32.3,64.5,32.4,53.2,0.66,23.3,8.2,60.2,54
2024-05-05,Hyderabad,Telangana,17.385,78.4867,27.4,62.9,25.3,48.8,0.6,15.4,9.7,48.4,49
2024-05-06,Hyderabad,Telangana,17.385,78.4867,29.6,61.9,42.6,80.3,0.85,31.1,10.6,47.1,80
2024-05-07,Hyderabad,Telangana,17.385,78.4867,31.1,57.2,24.4,37.8,0.59,24.2,8.0,52.5,41
2024-05-08,Hyderabad,Telangana,17.385,78.4867,30.8,71.7,37.3,70.5,0.82,25.0,9.4,60.0,70
2024-05-09,Hyderabad,Telangana,17.385,78.4867,29.1,53.0,45.9,87.9,1.27,20.4,13.7,31.1,88
2024-05-10,Hyderabad,Telangana,17.385,78.4867,30.5,44.6,33.1,54.1,0.86,31.9,5.8,54.2,55
2024-05-11,Hyderabad,Telangana,17.385,78.4867,27.3,54.1,30.2,50.0,0.95,25.2,10.7,37.6,50
2024-05-12,Hyderabad,Telangana,17.385,78.4867,30.2,56.5,37.2,61.0,1.08,32.6,5.4,54.2,62
2024-05-13,Hyderabad,Telangana,17.385,78.4867,27.7,65.3,31.0,48.1,0.68,11.3,6.1,39.3,52
2024-05-14,Hyderabad,Telangana,17.385,78.4867,31.4,52.7,38.1,59.7,0.8,26.5,12.6,55.1,64
2024-05-15,Hyderabad,Telangana,17.385,78.4867,28.6,59.8,28.7,53.0,0.93,18.9,4.7,33.5,53
2024-05-16,Hyderabad,Telangana,17.385,78.4867,31.0,46.2,34.6,59.3,0.79,25.3,8.0,35.6,59
2024-05-17,Hyderabad,Telangana,17.385,78.4867,31.4,64.2,32.2,50.5,0.96,30.0,15.7,49.1,54
2024-05-18,Hyderabad,Telangana,17.385,78.4867,31.1,57.2,34.1,51.5,1.13,27.1,11.8,60.8,57
2024-05-19,Hyderabad,Telangana,17.385,78.4867,29.9,54.9,48.1,73.9,0.82,29.5,7.6,50.3,80
2024-05-20,Hyderabad,Telangana,17.385,78.4867,30.8,72.0,34.4,56.0,0.83,25.1,7.1,53.1,57
2024-05-21,Hyderabad,Telangana,17.385,78.4867,33.4,64.7,36.1,64.5,0.87,16.2,8.4,59.7,64
2024-05-22,Hyderabad,Telangana,17.385,78.4867,30.6,50.1,27.6,42.0,0.73,17.4,12.1,46.1,46
2024-05-23,Hyderabad,Telangana,17.385,78.4867,31.6,56.8,32.6,58.2,0.77,31.2,5.6,55.1,58
2024-05-24,Hyderabad,Telangana,17.385,78.4867,30.6,76.9,28.6,48.0,0.74,20.1,5.1,44.5,48
2024-05-25,Hyderabad,Telangana,17.385,78.4867,33.6,71.8,29.9,50.0,0.83,30.4,10.5,51.2,50
2024-05-26,Hyderabad,Telangana,17.385,78.4867,32.0,64.6,33.5,60.4,0.9,29.7,3.6,49.3,60
2024-05-27,Hyderabad,Telangana,17.385,78.4867,30.6,45.4,25.4,45.2,0.93,27.4,5.3,45.1,45
2024-05-28,Hyderabad,Telangana,17.385,78.4867,32.1,67.9,25.4,36.5,0.78,24.1,7.8,51.3,42
2024-05-29,Hyderabad,Telangana,17.385,78.4867,31.8,54.3,24.3,36.1,0.94,19.1,7.8,49.4,40
2024-05-30,Hyderabad,Telangana,17.385,78.4867,34.8,68.3,23.5,38.0,0.67,20.6,3.8,50.7,39
2024-05-31,Hyderabad,Telangana,17.385,78.4867,32.4,54.2,26.6,45.3,0.61,26.3,9.2,51.0,45
2024-06-01,Hyderabad,Telangana,17.385,78.4867,30.1,62.9,22.9,42.5,0.71,8.6,9.5,50.0,42
2024-06-02,Hyderabad,Telangana,17.385,78.4867,33.6,55.3,33.5,55.7,0.94,32.2,6.7,44.5,56
2024-06-03,Hyderabad,Telangana,17.385,78.4867,36.0,57.5,42.2,80.3,1.1,24.5,14.4,59.7,80
2024-06-04,Hyderabad,Telangana,17.385,78.4867,35.0,64.7,20.0,30.8,0.94,19.9,8.6,53.1,33
2024-06-05,Hyderabad,Telangana,17.385,78.4867,31.0,51.4,23.3,36.6,0.8,21.0,4.9,51.9,39
2024-06-06,Hyderabad,Telangana,17.385,78.4867,32.6,77.6,26.5,42.6,0.91,22.3,13.0,47.2,44
2024-06-07,Hyderabad,Telangana,17.385,78.4867,33.2,54.1,19.2,29.3,0.92,12.3,6.0,62.5,32
2024-06-08,Hyderabad,Telangana,17.385,78.4867,33.3,54.0,15.7,28.7,0.56,19.9,7.8,62.3,29
2024-06-09,Hyderabad,Telangana,17.385,78.4867,34.1,66.3,27.6,34.0,0.77,26.4,6.7,46.4,46
2024-06-10,Hyderabad,Telangana,17.385,78.4867,32.9,71.3,21.0,33.0,1.15,8.4,9.6,57.8,35
2024-06-11,Hyderabad,Telangana,17.385,78.4867,32.0,60.4,18.5,33.7,0.83,12.1,6.0,63.9,34
2024-06-12,Hyderabad,Telangana,17.385,78.4867,35.5,55.5,22.6,36.3,0.83,26.6,6.5,49.9,38
2024-06-13,Hyderabad,Telangana,17.385,78.4867,31.8,56.9,18.6,33.6,0.84,24.2,7.0,45.1,34
2024-06-14,Hyderabad,Telangana,17.385,78.4867,32.5,56.5,14.7,29.1,0.46,20.5,5.7,59.4,29
2024-06-15,Hyderabad,Telangana,17.385,78.4867,32.0,66.3,11.4,18.9,0.53,13.5,10.1,42.7,19
2024-06-16,Hyderabad,Telangana,17.385,78.4867,35.3,64.0,11.9,21.8,0.48,22.1,3.2,52.0,22
2024-06-17,Hyderabad,Telangana,17.385,78.4867,34.5,67.9,16.3,32.8,0.74,12.0,7.2,48.4,33
2024-06-18,Hyderabad,Telangana,17.385,78.4867,36.0,67.8,13.6,23.3,0.6,17.5,7.4,65.2,23
2024-06-19,Hyderabad,Telangana,17.385,78.4867,33.1,71.4,10.5,17.3,0.63,9.5,6.5,49.3,18
2024-06-20,Hyderabad,Telangana,17.385,78.4867,32.3,63.2,15.0,26.8,0.62,17.8,10.1,50.9,27
2024-06-21,Hyderabad,Telangana,17.385,78.4867,33.9,61.2,9.1,16.6,0.36,10.7,2.2,50.3,17
2024-06-22,Hyderabad,Telangana,17.385,78.4867,34.4,67.9,10.8,17.7,0.75,22.0,8.6,66.2,18
2024-06-23,Hyderabad,Telangana,17.385,78.4867,35.2,66.8,8.3,15.0,0.33,19.3,2.9,51.6,15
2024-06-24,Hyderabad,Telangana,17.385,78.4867,31.9,69.3,11.0,21.0,0.51,14.1,5.4,41.7,21
2024-06-25,Hyderabad,Telangana,17.385,78.4867,35.9,63.0,8.0,15.0,0.39,23.1,2.6,48.0,15
2024-06-26,Hyderabad,Telangana,17.385,78.4867,33.5,72.8,8.0,15.0,0.46,10.8,5.6,61.3,15
2024-06-27,Hyderabad,Telangana,17.385,78.4867,34.0,60.4,8.0,15.0,0.62,16.3,4.9,62.7,15
2024-06-28,Hyderabad,Telangana,17.385,78.4867,37.4,65.9,8.0,15.4,0.77,12.9,11.6,72.0,15
2024-06-29,Hyderabad,Telangana,17.385,78.4867,31.4,77.3,8.0,15.0,0.35,21.0,7.4,42.3,15
2024-06-30,Hyderabad,Telangana,17.385,78.4867,36.0,61.8,8.0,15.0,0.51,20.4,8.0,57.9,15
2024-07-01,Hyderabad,Telangana,17.385,78.4867,36.0,77.4,8.0,15.0,0.33,24.4,3.3,79.3,15
2024-07-02,Hyderabad,Telangana,17.385,78.4867,34.0,60.5,8.0,15.0,0.5,17.1,8.9,54.2,15
2024-07-03,Hyderabad,Telangana,17.385,78.4867,34.8,59.5,8.0,15.0,0.6,4.0,11.6,53.3,15
2024-07-04,Hyderabad,Telangana,17.385,78.4867,37.8,60.5,8.0,15.1,0.7,14.0,9.2,62.6,15
2024-07-05,Hyderabad,Telangana,17.385,78.4867,39.2,72.0,8.0,15.0,0.27,26.0,2.7,69.2,15
2024-07-06,Hyderabad,Telangana,17.385,78.4867,37.7,76.6,8.0,15.0,0.67,14.6,5.2,66.5,15
2024-07-07,Hyderabad,Telangana,17.385,78.4867,39.2,80.7,8.0,15.0,0.44,5.1,7.0,60.0,15
2024-07-08,Hyderabad,Telangana,17.385,78.4867,34.6,80.4,8.0,15.0,0.41,19.3,4.9,52.8,15
2024-07-09,Hyderabad,Telangana,17.385,78.4867,33.0,78.2,8.0,15.0,0.6,19.7,14.2,52.6,15
2024-07-10,Hyderabad,Telangana,17.385,78.4867,35.8,66.5,8.0,15.0,0.68,12.2,5.2,53.6,15
2024-07-11,Hyderabad,Telangana,17.385,78.4867,37.4,66.6,8.0,15.0,0.57,15.1,6.5,52.1,15
2024-07-12,Hyderabad,Telangana,17.385,78.4867,32.6,78.1,8.0,15.0,0.42,11.5,4.8,68.8,15
2024-07-13,Hyderabad,Telangana,17.385,78.4867,34.3,82.7,8.0,15.0,0.57,19.7,7.3,53.8,15
2024-07-14,Hyderabad,Telangana,17.385,78.4867,34.5,65.6,8.0,15.0,0.48,16.9,10.8,54.6,15
2024-07-15,Hyderabad,Telangana,17.385,78.4867,36.6,82.0,8.0,15.0,0.68,9.6,7.0,58.3,15
2024-07-16,Hyderabad,Telangana,17.385,78.4867,36.4,59.5,8.0,15.1,0.75,16.5,6.0,59.8,15
2024-07-17,Hyderabad,Telangana,17.385,78.4867,34.6,75.7,8.0,15.0,0.74,12.2,3.4,61.0,15
2024-07-18,Hyderabad,Telangana,17.385,78.4867,36.3,72.3,8.0,15.0,0.59,25.3,10.3,56.6,15
2024-07-19,Hyderabad,Telangana,17.385,78.4867,33.9,71.6,8.0,15.1,0.76,21.9,6.2,65.6,15
2024-07-20,Hyderabad,Telangana,17.385,78.4867,35.2,73.2,8.0,15.0,0.44,15.8,6.1,63.3,15
2024-07-21,Hyderabad,Telangana,17.385,78.4867,33.7,66.9,8.0,15.0,0.86,17.0,1.0,54.6,15
2024-07-22,Hyderabad,Telangana,17.385,78.4867,35.7,75.9,8.0,15.0,0.43,22.6,6.3,53.9,15
2024-07-23,Hyderabad,Telangana,17.385,78.4867,34.5,73.1,8.0,15.0,0.28,15.5,5.4,66.0,15
2024-07-24,Hyderabad,Telangana,17.385,78.4867,37.1,79.1,8.0,15.0,0.79,21.1,1.2,60.3,15
2024-07-25,Hyderabad,Telangana,17.385,78.4867,35.8,83.6,8.0,15.0,0.48,25.4,9.6,49.5,15
2024-07-26,Hyderabad,Telangana,17.385,78.4867,35.4,73.2,8.0,15.0,0.61,13.6,5.0,67.0,15
2024-07-27,Hyderabad,Telangana,17.385,78.4867,38.9,66.4,8.0,15.0,0.43,26.4,12.3,58.7,15
2024-07-28,Hyderabad,Telangana,17.385,78.4867,36.4,63.9,8.0,15.0,0.94,24.7,10.9,67.4,15
2024-07-29,Hyderabad,Telangana,17.385,78.4867,35.0,83.6,8.0,15.0,0.86,18.1,4.5,38.1,15
2024-07-30,Hyderabad,Telangana,17.385,78.4867,34.6,82.4,8.0,15.0,0.82,13.9,10.7,54.5,15
2024-07-31,Hyderabad,Telangana,17.385,78.4867,33.4,77.4,8.0,15.0,0.6,18.0,11.5,65.0,15
2024-08-01,Hyderabad,Telangana,17.385,78.4867,35.4,71.3,8.0,15.0,0.74,15.1,5.0,58.8,15
2024-08-02,Hyderabad,Telangana,17.385,78.4867,36.0,76.3,8.0,15.0,0.58,11.8,3.5,64.5,15
2024-08-03,Hyderabad,Telangana,17.385,78.4867,31.9,79.5,8.0,15.0,0.76,19.8,1.0,46.0,15
2024-08-04,Hyderabad,Telangana,17.385,78.4867,32.8,65.7,8.0,15.0,0.53,10.4,7.8,57.5,15
2024-08-05,Hyderabad,Telangana,17.385,78.4867,34.3,69.9,8.0,15.0,0.83,14.5,3.7,57.1,15
2024-08-06,Hyderabad,Telangana,17.385,78.4867,33.1,61.6,8.0,15.0,0.52,14.6,7.9,57.2,15
2024-08-07,Hyderabad,Telangana,17.385,78.4867,35.1,68.1,8.0,15.0,0.54,8.4,4.9,74.7,15
2024-08-08,Hyderabad,Telangana,17.385,78.4867,35.3,79.5,9.3,16.6,0.53,20.9,4.4,69.0,17
2024-08-09,Hyderabad,Telangana,17.385,78.4867,34.6,75.9,8.0,15.0,0.62,15.2,5.0,64.0,15
2024-08-10,Hyderabad,Telangana,17.385,78.4867,35.8,68.9,8.0,15.0,0.53,24.4,2.7,65.9,15
2024-08-11,Hyderabad,Telangana,17.385,78.4867,33.6,48.7,8.0,15.0,0.66,15.1,5.0,48.7,15
2024-08-12,Hyderabad,Telangana,17.385,78.4867,34.5,62.6,9.8,15.0,0.54,14.7,4.6,53.5,16
2024-08-13,Hyderabad,Telangana,17.385,78.4867,32.7,67.5,8.0,15.0,0.71,11.1,6.6,42.2,15
2024-08-14,Hyderabad,Telangana,17.385,78.4867,34.9,64.9,10.2,18.5,0.84,17.5,7.1,47.7,18
2024-08-15,Hyderabad,Telangana,17.385,78.4867,34.4,66.3,13.7,20.3,0.66,18.7,3.9,49.6,23
2024-08-16,Hyderabad,Telangana,17.385,78.4867,32.0,67.3,10.8,19.3,0.95,21.9,10.2,52.9,19
2024-08-17,Hyderabad,Telangana,17.385,78.4867,33.8,61.5,13.5,22.1,0.82,18.7,6.6,45.9,22
2024-08-18,Hyderabad,Telangana,17.385,78.4867,33.9,64.8,21.9,34.7,1.06,33.6,12.3,54.7,36
2024-08-19,Hyderabad,Telangana,17.385,78.4867,34.4,63.4,15.7,28.5,0.67,21.8,8.0,55.2,28
2024-08-20,Hyderabad,Telangana,17.385,78.4867,34.3,59.2,9.4,15.0,0.36,11.1,7.0,47.9,16
2024-08-21,Hyderabad,Telangana,17.385,78.4867,32.3,76.7,11.9,23.7,0.53,11.4,5.5,65.8,24
2024-08-22,Hyderabad,Telangana,17.385,78.4867,34.9,60.0,16.1,26.2,0.59,22.4,9.1,46.6,27
2024-08-23,Hyderabad,Telangana,17.385,78.4867,34.3,47.2,15.0,25.1,0.52,12.7,7.3,65.4,25
2024-08-24,Hyderabad,Telangana,17.385,78.4867,32.0,75.1,19.1,36.0,0.38,23.7,10.1,34.2,36
2024-08-25,Hyderabad,Telangana,17.385,78.4867,31.1,56.4,18.3,30.7,0.86,25.2,12.3,49.8,31
2024-08-26,Hyderabad,Telangana,17.385,78.4867,31.9,68.3,26.3,48.1,0.51,27.9,5.9,41.8,48
2024-08-27,Hyderabad,Telangana,17.385,78.4867,30.3,56.9,16.6,22.6,0.82,14.1,9.2,44.6,28
2024-08-28,Hyderabad,Telangana,17.385,78.4867,33.2,65.3,21.0,33.2,1.06,26.2,9.4,68.5,35
2024-08-29,Hyderabad,Telangana,17.385,78.4867,34.8,60.6,23.9,40.8,0.65,23.6,9.3,53.6,41
2024-08-30,Hyderabad,Telangana,17.385,78.4867,35.1,67.7,25.4,46.0,0.84,18.5,6.7,47.9,46
2024-08-31,Hyderabad,Telangana,17.385,78.4867,30.5,58.9,25.1,44.4,0.72,21.1,6.8,53.2,44
2024-09-01,Hyderabad,Telangana,17.385,78.4867,33.8,55.5,14.8,25.9,0.79,21.6,5.4,52.7,26
2024-09-02,Hyderabad,Telangana,17.385,78.4867,32.4,61.6,26.4,47.7,0.61,18.4,6.3,53.4,48
2024-09-03,Hyderabad,Telangana,17.385,78.4867,27.8,56.8,25.8,44.3,0.77,24.1,5.5,37.6,44
2024-09-04,Hyderabad,Telangana,17.385,78.4867,31.4,45.8,33.1,44.0,1.04,33.3,8.3,43.0,55
2024-09-05,Hyderabad,Telangana,17.385,78.4867,31.1,54.8,33.0,61.5,0.86,30.3,6.4,43.1,62
2024-09-06,Hyderabad,Telangana,17.385,78.4867,33.9,78.9,30.4,46.4,0.59,24.2,9.7,60.6,51
2024-09-07,Hyderabad,Telangana,17.385,78.4867,30.1,45.8,31.7,53.8,1.04,25.5,8.7,46.1,54
2024-09-08,Hyderabad,Telangana,17.385,78.4867,32.5,60.0,40.8,68.4,0.76,23.8,9.8,42.6,68
2024-09-09,Hyderabad,Telangana,17.385,78.4867,31.2,56.4,39.9,66.2,0.96,23.7,8.4,50.2,66
2024-09-10,Hyderabad,Telangana,17.385,78.4867,28.7,70.8,33.7,50.0,0.96,15.6,8.9,46.1,56
2024-09-11,Hyderabad,Telangana,17.385,78.4867,30.1,49.9,51.9,70.6,1.09,32.1,9.4,50.6,86
2024-09-12,Hyderabad,Telangana,17.385,78.4867,33.8,58.2,28.8,43.2,1.2,27.3,10.6,50.3,48
2024-09-13,Hyderabad,Telangana,17.385,78.4867,30.6,62.2,26.0,46.1,0.9,21.9,6.8,48.7,46
2024-09-14,Hyderabad,Telangana,17.385,78.4867,32.4,55.9,34.3,49.2,0.85,19.7,9.9,54.8,57
2024-09-15,Hyderabad,Telangana,17.385,78.4867,32.2,51.7,32.3,49.0,0.95,24.7,4.7,43.2,54
2024-09-16,Hyderabad,Telangana,17.385,78.4867,29.7,56.7,20.7,35.5,0.76,28.7,9.8,55.6,36
2024-09-17,Hyderabad,Telangana,17.385,78.4867,28.1,54.6,31.5,47.1,0.86,29.5,6.8,45.0,52
2024-09-18,Hyderabad,Telangana,17.385,78.4867,28.2,54.4,39.8,62.5,0.98,26.6,6.5,35.4,66
2024-09-19,Hyderabad,Telangana,17.385,78.4867,32.8,63.0,37.1,61.6,0.85,38.2,5.6,42.9,62
2024-09-20,Hyderabad,Telangana,17.385,78.4867,30.3,59.2,32.2,54.5,0.89,40.5,4.9,47.5,54
2024-09-21,Hyderabad,Telangana,17.385,78.4867,26.8,60.1,39.1,58.4,0.86,23.6,7.7,37.6,65
2024-09-22,Hyderabad,Telangana,17.385,78.4867,31.3,58.5,40.5,67.6,0.67,25.5,13.7,55.1,68
2024-09-23,Hyderabad,Telangana,17.385,78.4867,26.5,62.8,46.8,80.0,1.19,33.1,7.8,38.4,80
2024-09-24,Hyderabad,Telangana,17.385,78.4867,28.1,65.1,35.2,51.4,0.81,19.8,2.2,46.8,59
2024-09-25,Hyderabad,Telangana,17.385,78.4867,29.6,53.9,49.9,83.9,1.08,35.0,11.1,38.6,84
2024-09-26,Hyderabad,Telangana,17.385,78.4867,33.9,61.6,32.8,50.6,0.75,25.1,5.3,53.7,55
2024-09-27,Hyderabad,Telangana,17.385,78.4867,30.7,46.7,37.9,63.2,0.81,28.3,11.5,58.8,63
2024-09-28,Hyderabad,Telangana,17.385,78.4867,28.2,39.9,62.3,109.5,1.04,30.5,9.7,40.7,108
2024-09-29,Hyderabad,Telangana,17.385,78.4867,29.0,68.4,34.7,56.3,1.03,20.4,8.0,41.5,58
2024-09-30,Hyderabad,Telangana,17.385,78.4867,30.5,53.3,38.0,68.0,1.1,14.3,12.6,41.1,68
2024-10-01,Hyderabad,Telangana,17.385,78.4867,31.3,57.3,33.8,59.8,0.88,33.7,10.6,49.5,60
2024-10-02,Hyderabad,Telangana,17.385,78.4867,28.1,46.9,37.6,67.1,0.84,31.7,5.3,55.5,67
2024-10-03,Hyderabad,Telangana,17.385,78.4867,28.1,46.5,47.0,80.4,0.77,33.1,6.5,32.3,80
2024-10-04,Hyderabad,Telangana,17.385,78.4867,26.8,50.4,53.9,97.9,1.22,33.3,5.0,40.2,98
2024-10-05,Hyderabad,Telangana,17.385,78.4867,29.4,59.9,46.5,79.4,0.92,15.1,17.5,31.7,79
2024-10-06,Hyderabad,Telangana,17.385,78.4867,29.9,51.7,44.0,61.6,0.82,23.6,6.9,43.2,73
2024-10-07,Hyderabad,Telangana,17.385,78.4867,24.5,52.9,36.3,55.6,0.91,24.1,12.4,40.6,60
2024-10-08,Hyderabad,Telangana,17.385,78.4867,27.1,50.1,41.2,66.6,0.91,20.7,7.7,29.6,69
2024-10-09,Hyderabad,Telangana,17.385,78.4867,25.5,63.4,34.7,56.9,0.66,15.0,5.5,36.8,58
2024-10-10,Hyderabad,Telangana,17.385,78.4867,27.9,61.3,58.0,98.9,0.94,26.7,10.7,44.1,99
2024-10-11,Hyderabad,Telangana,17.385,78.4867,25.2,51.8,59.5,91.0,1.21,33.3,9.8,38.5,99
2024-10-12,Hyderabad,Telangana,17.385,78.4867,25.0,60.0,49.9,97.5,0.96,30.3,12.4,40.7,98
2024-10-13,Hyderabad,Telangana,17.385,78.4867,29.3,53.4,56.1,91.7,1.2,37.4,12.9,36.4,94
2024-10-14,Hyderabad,Telangana,17.385,78.4867,26.8,52.8,62.4,102.8,1.21,46.3,9.2,42.0,108
2024-10-15,Hyderabad,Telangana,17.385,78.4867,26.9,54.8,53.1,82.3,1.25,35.1,5.9,35.9,88
2024-10-16,Hyderabad,Telangana,17.385,78.4867,27.6,59.6,71.3,106.9,1.17,35.8,8.1,45.8,138
2024-10-17,Hyderabad,Telangana,17.385,78.4867,28.5,48.9,42.3,69.0,1.0,38.3,2.5,25.9,70
2024-10-18,Hyderabad,Telangana,17.385,78.4867,25.9,58.6,49.5,81.9,1.15,20.4,9.1,37.1,82
2024-10-19,Hyderabad,Telangana,17.385,78.4867,25.8,72.6,48.7,79.7,0.95,17.1,9.9,40.2,81
2024-10-20,Hyderabad,Telangana,17.385,78.4867,25.7,56.4,62.8,119.2,1.37,28.8,7.6,48.6,113
2024-10-21,Hyderabad,Telangana,17.385,78.4867,28.2,55.3,40.1,65.4,0.7,31.7,5.4,44.8,67
2024-10-22,Hyderabad,Telangana,17.385,78.4867,26.0,54.5,76.3,124.9,1.22,39.4,12.1,38.5,154
2024-10-23,Hyderabad,Telangana,17.385,78.4867,25.5,58.4,63.3,112.3,0.95,27.5,9.2,40.5,111
2024-10-24,Hyderabad,Telangana,17.385,78.4867,26.6,43.8,83.0,134.8,1.31,36.2,12.0,47.3,177
2024-10-25,Hyderabad,Telangana,17.385,78.4867,29.1,66.9,56.5,97.7,1.1,24.6,9.4,40.8,98
2024-10-26,Hyderabad,Telangana,17.385,78.4867,25.8,61.9,50.9,74.2,1.19,22.8,10.8,27.9,85
2024-10-27,Hyderabad,Telangana,17.385,78.4867,25.1,50.5,67.0,97.7,1.22,44.7,9.7,23.6,123
2024-10-28,Hyderabad,Telangana,17.385,78.4867,28.9,55.2,73.3,122.3,1.23,36.6,10.4,47.3,144
2024-10-29,Hyderabad,Telangana,17.385,78.4867,27.7,51.1,50.3,81.3,0.83,40.7,4.4,44.1,84
2024-10-30,Hyderabad,Telangana,17.385,78.4867,27.3,57.1,38.3,58.5,0.74,20.9,8.9,40.8,64
2024-10-31,Hyderabad,Telangana,17.385,78.4867,24.2,55.4,40.1,66.8,0.99,29.8,9.5,33.0,67
2024-11-01,Hyderabad,Telangana,17.385,78.4867,23.9,56.6,63.9,107.5,1.34,35.8,10.6,36.3,113
2024-11-02,Hyderabad,Telangana,17.385,78.4867,21.5,47.8,85.3,131.7,1.39,46.6,18.6,30.6,184
2024-11-03,Hyderabad,Telangana,17.385,78.4867,26.5,51.6,46.0,72.4,1.19,30.3,10.2,44.6,77
2024-11-04,Hyderabad,Telangana,17.385,78.4867,24.7,63.0,58.2,97.9,1.0,38.5,10.2,27.9,98
2024-11-05,Hyderabad,Telangana,17.385,78.4867,21.3,51.3,57.6,86.3,1.08,35.8,12.1,17.1,96
2024-11-06,Hyderabad,Telangana,17.385,78.4867,26.5,36.5,95.6,149.1,1.52,38.1,20.0,28.6,219
2024-11-07,Hyderabad,Telangana,17.385,78.4867,23.7,54.0,103.8,179.5,1.88,51.6,15.1,19.7,246
2024-11-08,Hyderabad,Telangana,17.385,78.4867,23.8,71.9,69.8,114.9,1.3,35.7,4.9,22.8,133
2024-11-09,Hyderabad,Telangana,17.385,78.4867,21.3,60.9,78.0,123.2,1.1,34.3,13.5,41.9,160
2024-11-10,Hyderabad,Telangana,17.385,78.4867,24.8,50.9,78.1,118.3,1.51,43.2,9.6,16.8,160
2024-11-11,Hyderabad,Telangana,17.385,78.4867,24.7,54.6,49.0,73.4,1.32,35.2,4.2,41.4,82
2024-11-12,Hyderabad,Telangana,17.385,78.4867,23.6,59.8,76.2,124.3,1.31,35.5,17.2,40.5,154
2024-11-13,Hyderabad,Telangana,17.385,78.4867,22.9,42.7,52.6,102.7,0.95,28.7,14.7,42.2,102
2024-11-14,Hyderabad,Telangana,17.385,78.4867,28.2,49.0,63.8,110.6,1.34,26.1,8.4,44.0,113
2024-11-15,Hyderabad,Telangana,17.385,78.4867,21.2,57.8,85.6,124.2,1.75,30.6,10.2,39.0,185
2024-11-16,Hyderabad,Telangana,17.385,78.4867,22.0,66.2,68.3,119.9,1.39,34.4,11.9,45.7,128
2024-11-17,Hyderabad,Telangana,17.385,78.4867,24.5,51.9,86.0,132.1,1.21,46.3,10.2,31.2,187
2024-11-18,Hyderabad,Telangana,17.385,78.4867,21.3,66.0,90.4,149.0,1.62,39.5,12.8,31.6,201
2024-11-19,Hyderabad,Telangana,17.385,78.4867,21.0,49.7,46.4,72.5,1.08,37.4,7.6,42.2,77
2024-11-20,Hyderabad,Telangana,17.385,78.4867,24.9,31.3,42.6,83.1,0.83,26.4,8.2,31.8,83
2024-11-21,Hyderabad,Telangana,17.385,78.4867,23.9,60.2,89.2,132.1,1.68,41.4,8.9,30.4,197
2024-11-22,Hyderabad,Telangana,17.385,78.4867,23.6,58.8,90.5,153.7,1.57,41.2,15.7,26.7,202
2024-11-23,Hyderabad,Telangana,17.385,78.4867,22.9,60.2,73.9,114.4,1.52,43.6,15.5,36.0,146
2024-11-24,Hyderabad,Telangana,17.385,78.4867,21.3,59.9,76.6,134.9,1.19,32.8,11.8,14.2,155
2024-11-25,Hyderabad,Telangana,17.385,78.4867,22.0,56.3,86.0,145.7,1.52,40.7,12.8,41.1,187
2024-11-26,Hyderabad,Telangana,17.385,78.4867,22.2,53.2,86.1,158.2,1.32,38.3,14.8,34.2,187
2024-11-27,Hyderabad,Telangana,17.385,78.4867,23.8,53.5,66.8,117.3,1.28,32.0,11.3,39.1,123
2024-11-28,Hyderabad,Telangana,17.385,78.4867,22.9,51.8,88.5,136.9,1.71,42.5,18.3,11.9,195
2024-11-29,Hyderabad,Telangana,17.385,78.4867,20.4,52.2,66.8,139.4,1.03,34.7,7.4,20.7,126
2024-11-30,Hyderabad,Telangana,17.385,78.4867,23.4,42.3,76.4,132.5,1.14,44.8,14.7,44.8,155
2024-12-01,Hyderabad,Telangana,17.385,78.4867,18.9,46.5,76.1,119.2,1.49,38.3,11.7,24.2,154
2024-12-02,Hyderabad,Telangana,17.385,78.4867,21.3,53.9,60.5,101.7,1.17,36.7,7.5,17.2,102
2024-12-03,Hyderabad,Telangana,17.385,78.4867,19.7,39.3,62.4,108.8,1.37,35.0,17.7,30.0,108
2024-12-04,Hyderabad,Telangana,17.385,78.4867,20.1,40.9,120.6,209.7,1.72,61.0,22.8,28.6,300
2024-12-05,Hyderabad,Telangana,17.385,78.4867,25.1,52.7,60.9,105.0,1.18,31.7,10.2,41.3,103
2024-12-06,Hyderabad,Telangana,17.385,78.4867,18.9,54.1,80.7,144.9,1.5,38.0,13.8,23.9,169
2024-12-07,Hyderabad,Telangana,17.385,78.4867,20.0,52.8,84.9,151.1,1.47,45.6,11.4,35.6,183
2024-12-08,Hyderabad,Telangana,17.385,78.4867,22.3,38.3,74.1,112.8,1.06,35.8,11.0,25.6,147
2024-12-09,Hyderabad,Telangana,17.385,78.4867,20.5,65.9,87.3,171.6,1.89,44.9,9.6,31.3,191
2024-12-10,Hyderabad,Telangana,17.385,78.4867,21.5,44.9,81.2,158.0,1.43,54.0,8.7,30.4,171
2024-12-11,Hyderabad,Telangana,17.385,78.4867,23.7,49.3,62.6,110.9,0.99,28.2,16.5,33.7,109
2024-12-12,Hyderabad,Telangana,17.385,78.4867,22.3,46.2,85.6,141.8,1.5,50.6,12.7,27.0,185
2024-12-13,Hyderabad,Telangana,17.385,78.4867,20.2,64.1,67.7,112.3,1.32,32.7,11.6,25.8,126
2024-12-14,Hyderabad,Telangana,17.385,78.4867,20.7,57.9,112.4,180.0,1.9,58.0,12.6,25.2,275
2024-12-15,Hyderabad,Telangana,17.385,78.4867,21.9,51.7,84.5,136.9,1.58,45.2,13.3,27.2,182
2024-12-16,Hyderabad,Telangana,17.385,78.4867,22.0,51.2,66.1,87.4,1.2,38.8,6.8,37.5,120
2024-12-17,Hyderabad,Telangana,17.385,78.4867,20.8,56.3,83.4,156.7,1.17,39.8,10.4,23.7,178
2024-12-18,Hyderabad,Telangana,17.385,78.4867,21.4,46.3,63.3,115.6,1.27,32.7,7.5,43.4,111
2024-12-19,Hyderabad,Telangana,17.385,78.4867,21.3,57.7,82.3,115.1,1.17,36.0,16.5,24.3,174
2024-12-20,Hyderabad,Telangana,17.385,78.4867,20.5,51.2,74.2,132.4,1.51,37.8,7.0,35.7,147
2024-12-21,Hyderabad,Telangana,17.385,78.4867,19.5,58.6,65.2,107.5,1.11,33.8,7.7,35.4,117
2024-12-22,Hyderabad,Telangana,17.385,78.4867,21.9,58.4,65.2,105.6,1.32,36.0,5.1,32.8,117
2024-12-23,Hyderabad,Telangana,17.385,78.4867,21.0,50.8,134.3,231.4,1.89,48.5,14.1,23.8,311
2024-12-24,Hyderabad,Telangana,17.385,78.4867,16.7,40.6,80.4,111.6,1.32,39.8,11.0,15.9,168
2024-12-25,Hyderabad,Telangana,17.385,78.4867,18.9,53.3,71.8,118.3,1.18,44.5,14.7,22.0,139
2024-12-26,Hyderabad,Telangana,17.385,78.4867,19.5,44.9,69.2,115.1,1.38,41.8,10.9,29.0,131
2024-12-27,Hyderabad,Telangana,17.385,78.4867,20.0,55.6,87.9,146.1,1.38,42.3,11.8,25.8,193
2024-12-28,Hyderabad,Telangana,17.385,78.4867,22.5,53.2,69.0,99.7,1.38,51.4,12.4,41.5,130
2024-12-29,Hyderabad,Telangana,17.385,78.4867,26.0,50.9,62.5,107.3,1.11,30.5,9.7,34.8,108
2024-12-30,Hyderabad,Telangana,17.385,78.4867,15.8,45.9,79.1,143.1,1.34,38.8,19.6,17.2,164
2024-12-31,Hyderabad,Telangana,17.385,78.4867,20.8,63.3,79.1,135.3,1.38,30.6,10.6,15.0,164
2025-01-01,Hyderabad,Telangana,17.385,78.4867,20.3,51.8,72.8,117.6,1.33,34.9,13.1,33.4,143
2025-01-02,Hyderabad,Telangana,17.385,78.4867,19.8,71.5,65.7,134.8,1.09,45.7,13.7,32.6,123
2025-01-03,Hyderabad,Telangana,17.385,78.4867,21.1,55.2,73.4,110.9,1.42,35.3,10.0,37.3,145
2025-01-04,Hyderabad,Telangana,17.385,78.4867,20.4,57.5,72.2,127.6,1.26,27.9,12.3,36.7,141
2025-01-05,Hyderabad,Telangana,17.385,78.4867,19.5,55.3,70.1,118.3,1.36,41.7,10.1,33.4,134
2025-01-06,Hyderabad,Telangana,17.385,78.4867,20.1,57.4,85.3,166.5,1.45,43.6,13.6,33.3,184
2025-01-07,Hyderabad,Telangana,17.385,78.4867,21.1,62.6,131.1,223.9,2.04,60.9,16.8,28.5,309
2025-01-08,Hyderabad,Telangana,17.385,78.4867,20.9,62.7,107.8,187.5,1.64,46.7,14.2,31.7,259
2025-01-09,Hyderabad,Telangana,17.385,78.4867,20.4,42.6,123.3,212.8,1.75,47.4,12.4,8.5,303
2025-01-10,Hyderabad,Telangana,17.385,78.4867,19.0,61.0,71.0,105.9,1.35,35.6,17.3,17.5,137
2025-01-11,Hyderabad,Telangana,17.385,78.4867,25.1,58.5,116.4,176.9,1.72,54.6,17.1,21.4,288
2025-01-12,Hyderabad,Telangana,17.385,78.4867,20.7,55.3,84.7,136.2,1.66,40.7,8.0,37.7,182
2025-01-13,Hyderabad,Telangana,17.385,78.4867,21.4,67.0,100.1,179.6,1.62,48.4,12.7,20.9,234
2025-01-14,Hyderabad,Telangana,17.385,78.4867,19.1,67.3,89.1,150.2,1.28,39.3,8.4,19.6,197
2025-01-15,Hyderabad,Telangana,17.385,78.4867,20.3,61.3,74.7,121.0,1.24,40.5,14.3,28.1,149
2025-01-16,Hyderabad,Telangana,17.385,78.4867,20.3,51.2,94.4,175.2,1.4,44.2,13.5,16.1,215
2025-01-17,Hyderabad,Telangana,17.385,78.4867,16.6,46.7,89.7,121.3,1.66,38.5,13.2,23.6,199
2025-01-18,Hyderabad,Telangana,17.385,78.4867,18.7,60.3,54.6,79.5,1.22,32.3,7.8,10.4,91
2025-01-19,Hyderabad,Telangana,17.385,78.4867,18.7,64.5,78.4,100.0,1.36,36.8,11.3,15.7,161
2025-01-20,Hyderabad,Telangana,17.385,78.4867,18.9,40.8,97.5,178.6,1.63,48.9,16.2,25.2,225
2025-01-21,Hyderabad,Telangana,17.385,78.4867,18.1,62.6,85.5,139.9,1.44,46.6,16.0,13.5,185
2025-01-22,Hyderabad,Telangana,17.385,78.4867,20.1,53.2,89.1,160.0,1.62,45.5,15.7,36.7,197
2025-01-23,Hyderabad,Telangana,17.385,78.4867,22.6,42.3,68.1,111.2,1.33,26.0,6.8,32.7,127
2025-01-24,Hyderabad,Telangana,17.385,78.4867,20.3,58.3,84.9,153.1,1.55,35.4,12.2,36.1,183
2025-01-25,Hyderabad,Telangana,17.385,78.4867,18.0,61.4,78.5,128.0,1.34,35.3,13.0,26.8,162
2025-01-26,Hyderabad,Telangana,17.385,78.4867,18.3,52.5,76.6,131.1,1.26,33.7,9.9,24.5,155
2025-01-27,Hyderabad,Telangana,17.385,78.4867,19.5,47.6,68.9,116.4,1.37,32.8,6.5,19.3,130
2025-01-28,Hyderabad,Telangana,17.385,78.4867,17.6,67.0,97.7,166.2,1.82,50.8,10.0,28.9,226
2025-01-29,Hyderabad,Telangana,17.385,78.4867,20.8,50.3,86.1,163.8,1.62,45.7,17.4,31.1,187
2025-01-30,Hyderabad,Telangana,17.385,78.4867,22.7,63.1,84.1,118.2,1.67,38.4,9.1,47.5,180
2025-01-31,Hyderabad,Telangana,17.385,78.4867,19.2,44.4,124.9,204.7,1.91,57.5,16.1,27.9,304
2025-02-01,Hyderabad,Telangana,17.385,78.4867,20.4,57.9,88.1,148.0,1.33,44.2,12.6,23.7,194
2025-02-02,Hyderabad,Telangana,17.385,78.4867,19.6,57.7,103.2,171.0,1.51,46.8,13.8,26.3,244
2025-02-03,Hyderabad,Telangana,17.385,78.4867,19.2,61.1,84.0,133.6,1.64,47.8,11.8,28.8,180
2025-02-04,Hyderabad,Telangana,17.385,78.4867,20.8,65.5,73.0,114.6,1.03,33.4,14.2,38.2,143
2025-02-05,Hyderabad,Telangana,17.385,78.4867,19.3,49.3,62.4,117.2,1.42,34.3,11.1,38.2,111
2025-02-06,Hyderabad,Telangana,17.385,78.4867,19.0,58.6,82.9,135.8,1.3,34.2,10.8,23.9,176
2025-02-07,Hyderabad,Telangana,17.385,78.4867,17.6,45.4,43.6,87.9,1.27,21.9,9.6,17.1,88
2025-02-08,Hyderabad,Telangana,17.385,78.4867,20.7,45.4,83.0,143.6,1.41,32.4,8.8,13.0,177
2025-02-09,Hyderabad,Telangana,17.385,78.4867,22.6,51.0,83.6,134.3,1.54,34.8,14.1,21.6,179
2025-02-10,Hyderabad,Telangana,17.385,78.4867,22.0,57.9,74.1,128.5,1.68,38.2,9.9,26.0,147
2025-02-11,Hyderabad,Telangana,17.385,78.4867,23.4,66.7,76.0,126.7,1.29,36.5,10.2,44.9,153
2025-02-12,Hyderabad,Telangana,17.385,78.4867,19.6,68.0,58.7,108.7,1.1,31.2,12.2,40.6,106
2025-02-13,Hyderabad,Telangana,17.385,78.4867,22.4,52.5,104.6,154.3,1.56,45.7,13.1,36.0,249
2025-02-14,Hyderabad,Telangana,17.385,78.4867,18.9,57.1,71.4,98.5,1.14,47.5,10.7,36.0,138
2025-02-15,Hyderabad,Telangana,17.385,78.4867,22.2,61.6,61.9,105.4,1.14,27.0,14.5,26.8,106
2025-02-16,Hyderabad,Telangana,17.385,78.4867,24.0,60.4,86.1,152.8,1.37,34.1,10.0,20.7,187
2025-02-17,Hyderabad,Telangana,17.385,78.4867,22.0,53.8,78.0,132.0,1.18,33.9,13.7,22.3,160
2025-02-18,Hyderabad,Telangana,17.385,78.4867,24.2,55.5,70.1,122.7,1.25,36.0,14.5,18.4,134
2025-02-19,Hyderabad,Telangana,17.385,78.4867,20.2,54.2,68.2,118.0,1.33,38.9,15.0,19.5,127
2025-02-20,Hyderabad,Telangana,17.385,78.4867,21.1,53.5,75.2,107.4,1.2,41.8,18.5,25.1,151
2025-02-21,Hyderabad,Telangana,17.385,78.4867,19.7,52.6,100.8,170.6,1.6,51.9,12.1,25.8,236
2025-02-22,Hyderabad,Telangana,17.385,78.4867,21.5,54.2,82.8,153.0,1.63,39.9,10.0,30.2,176
2025-02-23,Hyderabad,Telangana,17.385,78.4867,22.0,52.2,73.8,123.7,1.11,35.2,14.4,25.3,146
2025-02-24,Hyderabad,Telangana,17.385,78.4867,21.6,47.1,89.4,129.9,1.78,52.4,16.0,33.2,198
2025-02-25,Hyderabad,Telangana,17.385,78.4867,20.8,61.0,74.2,118.7,1.22,21.0,9.6,23.5,147
2025-02-26,Hyderabad,Telangana,17.385,78.4867,20.9,58.6,80.2,139.1,1.42,40.0,13.9,28.4,167
2025-02-27,Hyderabad,Telangana,17.385,78.4867,22.5,68.1,75.6,145.1,1.53,40.8,20.2,22.5,152
2025-02-28,Hyderabad,Telangana,17.385,78.4867,21.6,57.6,82.9,112.4,1.66,51.8,12.9,38.0,176
2025-03-01,Hyderabad,Telangana,17.385,78.4867,19.9,52.1,65.7,112.0,1.3,25.1,14.0,28.5,119
2025-03-02,Hyderabad,Telangana,17.385,78.4867,18.7,50.6,56.1,84.7,1.02,29.4,15.2,32.7,94
2025-03-03,Hyderabad,Telangana,17.385,78.4867,21.1,55.3,87.6,151.2,1.36,33.9,20.5,18.3,192
2025-03-04,Hyderabad,Telangana,17.385,78.4867,19.8,58.9,99.4,172.8,1.52,35.0,14.7,26.1,231
2025-03-05,Hyderabad,Telangana,17.385,78.4867,20.8,53.3,55.9,90.2,1.4,30.6,14.2,35.3,93
2025-03-06,Hyderabad,Telangana,17.385,78.4867,21.7,44.7,73.5,128.2,1.26,42.5,9.5,14.0,145
2025-03-07,Hyderabad,Telangana,17.385,78.4867,22.3,49.8,63.7,115.9,1.26,41.6,11.2,41.6,112
2025-03-08,Hyderabad,Telangana,17.385,78.4867,21.4,55.1,84.9,138.0,1.29,38.0,11.5,18.8,183
2025-03-09,Hyderabad,Telangana,17.385,78.4867,26.7,60.2,73.4,106.4,1.14,41.5,6.2,40.0,145
2025-03-10,Hyderabad,Telangana,17.385,78.4867,20.5,44.6,143.7,267.8,2.1,58.8,12.7,35.8,318
2025-03-11,Hyderabad,Telangana,17.385,78.4867,25.1,56.9,64.3,114.1,1.17,37.9,12.4,44.3,114
2025-03-12,Hyderabad,Telangana,17.385,78.4867,22.7,56.5,95.8,166.2,1.53,51.6,15.0,17.8,219
2025-03-13,Hyderabad,Telangana,17.385,78.4867,21.9,51.8,97.3,150.4,1.36,44.0,10.7,26.9,224
2025-03-14,Hyderabad,Telangana,17.385,78.4867,24.3,50.9,75.9,136.4,1.33,44.7,16.7,44.1,153
2025-03-15,Hyderabad,Telangana,17.385,78.4867,22.5,49.8,67.6,132.3,1.48,28.4,8.1,25.7,125
2025-03-16,Hyderabad,Telangana,17.385,78.4867,22.0,56.0,68.1,111.1,1.13,39.7,12.2,28.5,127
2025-03-17,Hyderabad,Telangana,17.385,78.4867,26.7,62.9,66.4,110.5,1.37,41.4,10.1,36.0,121
2025-03-18,Hyderabad,Telangana,17.385,78.4867,19.7,63.4,84.4,125.8,0.92,46.6,13.1,30.6,181
2025-03-19,Hyderabad,Telangana,17.385,78.4867,23.3,47.1,53.9,83.2,0.98,24.2,13.0,22.6,90
2025-03-20,Hyderabad,Telangana,17.385,78.4867,24.2,53.7,62.7,93.3,0.91,32.8,13.3,40.4,109
2025-03-21,Hyderabad,Telangana,17.385,78.4867,26.5,39.6,60.6,101.2,1.36,35.2,13.0,34.3,102
2025-03-22,Hyderabad,Telangana,17.385,78.4867,23.3,55.8,43.8,70.0,1.12,30.7,11.2,35.9,73
2025-03-23,Hyderabad,Telangana,17.385,78.4867,29.0,59.2,76.8,131.0,1.2,39.3,8.3,39.8,156
2025-03-24,Hyderabad,Telangana,17.385,78.4867,25.6,66.0,79.8,121.0,1.43,48.1,15.8,40.8,166
2025-03-25,Hyderabad,Telangana,17.385,78.4867,20.1,42.5,54.5,88.6,1.29,23.7,7.2,29.6,91
2025-03-26,Hyderabad,Telangana,17.385,78.4867,21.9,47.4,78.1,117.6,1.57,37.5,11.9,41.7,160
2025-03-27,Hyderabad,Telangana,17.385,78.4867,25.0,56.0,43.6,73.2,0.92,17.8,8.4,46.6,73
2025-03-28,Hyderabad,Telangana,17.385,78.4867,22.7,43.7,61.6,86.6,0.85,37.4,12.0,26.7,105
2025-03-29,Hyderabad,Telangana,17.385,78.4867,25.8,56.2,59.2,99.0,1.02,36.3,9.3,49.3,99
2025-03-30,Hyderabad,Telangana,17.385,78.4867,24.1,59.4,61.5,99.0,1.3,53.8,10.4,38.0,105
2025-03-31,Hyderabad,Telangana,17.385,78.4867,22.9,46.0,61.0,102.3,1.49,39.7,15.7,34.9,103
2025-04-01,Hyderabad,Telangana,17.385,78.4867,23.4,55.9,58.4,81.9,1.14,34.7,6.8,41.5,97
2025-04-02,Hyderabad,Telangana,17.385,78.4867,26.8,46.5,54.1,94.6,1.01,32.8,10.3,32.2,95
2025-04-03,Hyderabad,Telangana,17.385,78.4867,21.8,64.6,57.1,91.6,1.49,30.4,7.2,21.1,95
2025-04-04,Hyderabad,Telangana,17.385,78.4867,27.4,56.5,78.2,131.6,1.43,39.8,14.3,39.2,161
2025-04-05,Hyderabad,Telangana,17.385,78.4867,27.6,50.5,50.6,69.3,0.88,31.9,7.9,37.2,84
2025-04-06,Hyderabad,Telangana,17.385,78.4867,25.2,46.4,93.6,137.0,1.52,32.2,13.6,50.5,212
2025-04-07,Hyderabad,Telangana,17.385,78.4867,23.4,57.7,49.1,78.2,1.2,30.9,6.0,29.4,82
2025-04-08,Hyderabad,Telangana,17.385,78.4867,27.0,64.5,59.0,109.6,1.15,33.5,14.6,40.6,106
2025-04-09,Hyderabad,Telangana,17.385,78.4867,25.3,49.6,62.9,108.8,1.32,44.7,11.3,38.7,110
2025-04-10,Hyderabad,Telangana,17.385,78.4867,23.5,52.0,51.6,86.1,0.83,29.7,10.5,45.3,86
2025-04-11,Hyderabad,Telangana,17.385,78.4867,29.8,49.8,73.9,111.7,1.11,33.1,14.4,35.3,146
2025-04-12,Hyderabad,Telangana,17.385,78.4867,24.9,65.9,60.9,90.4,1.07,35.1,7.1,23.9,103
2025-04-13,Hyderabad,Telangana,17.385,78.4867,24.0,41.7,51.2,86.5,1.03,30.8,8.2,47.4,86
2025-04-14,Hyderabad,Telangana,17.385,78.4867,27.2,64.1,71.7,125.8,1.35,36.2,12.2,40.1,139
2025-04-15,Hyderabad,Telangana,17.385,78.4867,26.7,52.4,42.0,70.6,1.06,19.8,4.1,48.1,71
2025-04-16,Hyderabad,Telangana,17.385,78.4867,29.7,54.6,45.9,87.6,1.38,27.8,4.7,52.7,88
2025-04-17,Hyderabad,Telangana,17.385,78.4867,26.4,52.7,58.3,90.2,1.04,29.2,8.2,47.7,97
2025-04-18,Hyderabad,Telangana,17.385,78.4867,26.6,56.8,60.8,102.0,1.13,32.2,7.4,36.4,103
2025-04-19,Hyderabad,Telangana,17.385,78.4867,27.9,50.0,54.2,75.7,1.0,35.7,9.3,37.1,90
2025-04-20,Hyderabad,Telangana,17.385,78.4867,27.8,62.5,48.6,81.7,1.2,25.5,11.5,26.7,82
2025-04-21,Hyderabad,Telangana,17.385,78.4867,28.0,62.8,46.8,87.6,1.19,27.7,12.0,35.2,88
2025-04-22,Hyderabad,Telangana,17.385,78.4867,28.2,48.3,62.8,93.8,1.13,37.3,16.5,42.3,109
2025-04-23,Hyderabad,Telangana,17.385,78.4867,28.1,59.8,51.1,90.7,1.38,28.7,10.0,37.3,91
2025-04-24,Hyderabad,Telangana,17.385,78.4867,27.2,52.7,39.6,73.8,0.83,42.3,9.6,33.4,74
2025-04-25,Hyderabad,Telangana,17.385,78.4867,29.6,55.6,38.7,59.8,1.08,27.9,9.0,46.9,64
2025-04-26,Hyderabad,Telangana,17.385,78.4867,27.5,65.9,65.4,112.6,1.45,27.5,12.2,51.3,118
2025-04-27,Hyderabad,Telangana,17.385,78.4867,29.8,50.5,39.6,74.7,0.74,21.6,10.4,46.2,75
2025-04-28,Hyderabad,Telangana,17.385,78.4867,30.9,61.8,48.7,82.0,1.13,23.9,12.7,38.6,82
2025-04-29,Hyderabad,Telangana,17.385,78.4867,27.3,58.5,61.0,107.9,0.77,28.6,13.6,50.8,105
2025-04-30,Hyderabad,Telangana,17.385,78.4867,33.0,54.0,50.5,69.9,1.18,33.4,11.6,44.6,84
2025-05-01,Hyderabad,Telangana,17.385,78.4867,27.5,57.9,37.5,65.2,0.75,19.4,13.5,55.1,65
2025-05-02,Hyderabad,Telangana,17.385,78.4867,27.6,57.1,35.0,60.5,0.97,23.2,8.9,41.6,60
2025-05-03,Hyderabad,Telangana,17.385,78.4867,30.0,47.3,65.2,94.6,1.34,41.7,9.4,45.3,117
2025-05-04,Hyderabad,Telangana,17.385,78.4867,30.0,51.2,34.0,51.1,1.05,21.7,7.4,60.0,57
2025-05-05,Hyderabad,Telangana,17.385,78.4867,29.4,48.2,37.3,65.0,1.05,30.0,8.7,35.5,65
2025-05-06,Hyderabad,Telangana,17.385,78.4867,30.9,53.7,45.2,72.5,1.01,18.4,6.4,39.5,75
2025-05-07,Hyderabad,Telangana,17.385,78.4867,30.0,65.1,39.1,71.1,0.88,24.3,7.3,44.4,71
2025-05-08,Hyderabad,Telangana,17.385,78.4867,33.4,59.8,46.0,78.0,1.0,23.4,6.3,50.7,78
2025-05-09,Hyderabad,Telangana,17.385,78.4867,29.7,45.7,28.9,48.0,0.65,25.1,9.3,68.7,48
2025-05-10,Hyderabad,Telangana,17.385,78.4867,28.3,53.9,37.6,61.1,0.89,19.8,10.1,37.5,63
2025-05-11,Hyderabad,Telangana,17.385,78.4867,29.0,57.6,45.1,76.4,0.96,40.9,4.3,34.5,76
2025-05-12,Hyderabad,Telangana,17.385,78.4867,31.0,61.2,44.5,78.7,0.88,18.4,7.6,40.6,79
2025-05-13,Hyderabad,Telangana,17.385,78.4867,31.1,51.5,33.3,57.5,0.61,31.5,14.1,51.3,58
2025-05-14,Hyderabad,Telangana,17.385,78.4867,30.7,47.5,29.7,47.1,0.64,28.8,10.3,53.1,50
2025-05-15,Hyderabad,Telangana,17.385,78.4867,28.9,55.9,38.3,70.4,0.45,28.1,10.4,39.8,70
2025-05-16,Hyderabad,Telangana,17.385,78.4867,32.6,60.4,27.0,47.1,0.75,23.0,6.2,52.6,47
2025-05-17,Hyderabad,Telangana,17.385,78.4867,34.2,58.2,46.9,80.2,1.08,40.1,10.6,68.6,80
2025-05-18,Hyderabad,Telangana,17.385,78.4867,30.9,50.4,36.0,59.9,0.5,40.3,8.8,49.1,60
2025-05-19,Hyderabad,Telangana,17.385,78.4867,34.2,69.0,29.3,50.6,0.86,22.1,6.0,57.3,51
2025-05-20,Hyderabad,Telangana,17.385,78.4867,32.6,56.2,26.6,36.6,0.78,23.5,6.6,67.6,44
2025-05-21,Hyderabad,Telangana,17.385,78.4867,35.2,58.4,28.7,48.3,0.64,19.9,6.9,50.8,48
2025-05-22,Hyderabad,Telangana,17.385,78.4867,32.1,52.6,22.9,43.5,0.69,14.3,3.4,46.0,44
2025-05-23,Hyderabad,Telangana,17.385,78.4867,31.6,65.1,35.3,59.4,1.05,28.1,4.9,46.3,59
2025-05-24,Hyderabad,Telangana,17.385,78.4867,33.0,61.5,26.0,43.2,0.64,23.8,7.5,49.0,43
2025-05-25,Hyderabad,Telangana,17.385,78.4867,30.9,59.9,33.2,51.8,0.88,15.0,6.1,34.5,55
2025-05-26,Hyderabad,Telangana,17.385,78.4867,32.5,49.8,33.5,57.7,0.92,27.4,7.8,52.7,58
2025-05-27,Hyderabad,Telangana,17.385,78.4867,34.3,65.8,35.9,58.2,0.78,27.2,4.1,56.0,60
2025-05-28,Hyderabad,Telangana,17.385,78.4867,33.5,63.6,30.0,55.4,0.98,20.0,10.8,52.0,55
2025-05-29,Hyderabad,Telangana,17.385,78.4867,32.0,65.6,35.5,53.9,0.95,21.3,15.1,52.7,59
2025-05-30,Hyderabad,Telangana,17.385,78.4867,32.6,59.0,36.6,57.9,0.87,28.3,12.0,53.5,61
2025-05-31,Hyderabad,Telangana,17.385,78.4867,33.7,58.5,27.8,43.4,1.16,32.6,11.6,43.6,46
2025-06-01,Hyderabad,Telangana,17.385,78.4867,33.7,58.0,27.4,52.8,0.96,25.2,10.1,56.5,53
2025-06-02,Hyderabad,Telangana,17.385,78.4867,33.9,75.5,22.0,35.6,0.49,25.7,8.6,59.5,37
2025-06-03,Hyderabad,Telangana,17.385,78.4867,33.3,56.0,19.4,30.4,0.66,15.2,7.8,41.5,32
2025-06-04,Hyderabad,Telangana,17.385,78.4867,31.3,51.8,31.0,41.4,1.21,21.4,5.7,61.7,52
2025-06-05,Hyderabad,Telangana,17.385,78.4867,31.7,57.8,25.9,39.1,0.64,25.9,10.1,41.2,43
2025-06-06,Hyderabad,Telangana,17.385,78.4867,33.8,56.9,25.5,44.0,0.79,14.0,9.9,45.5,44
2025-06-07,Hyderabad,Telangana,17.385,78.4867,34.6,69.8,18.6,32.1,0.89,21.2,6.1,58.1,32
2025-06-08,Hyderabad,Telangana,17.385,78.4867,34.5,51.8,29.1,45.2,0.92,26.3,9.9,59.5,49
2025-06-09,Hyderabad,Telangana,17.385,78.4867,32.1,57.7,18.6,29.1,0.83,19.7,5.4,58.7,31
2025-06-10,Hyderabad,Telangana,17.385,78.4867,33.2,63.3,15.8,30.4,0.79,21.0,5.4,59.0,30
2025-06-11,Hyderabad,Telangana,17.385,78.4867,31.4,71.2,15.9,32.7,0.68,19.4,9.6,47.5,33
2025-06-12,Hyderabad,Telangana,17.385,78.4867,31.1,67.6,24.4,44.4,0.65,18.1,9.2,51.3,44
2025-06-13,Hyderabad,Telangana,17.385,78.4867,33.9,74.3,12.9,24.3,0.71,11.1,6.3,53.4,24
2025-06-14,Hyderabad,Telangana,17.385,78.4867,36.3,65.8,13.3,25.4,0.59,17.7,6.0,61.2,25
2025-06-15,Hyderabad,Telangana,17.385,78.4867,34.1,62.3,28.2,55.8,0.74,30.8,8.8,55.4,56
2025-06-16,Hyderabad,Telangana,17.385,78.4867,37.5,70.1,17.3,27.8,0.91,25.7,1.9,57.2,29
2025-06-17,Hyderabad,Telangana,17.385,78.4867,33.9,54.9,11.3,17.2,0.57,15.5,4.6,53.3,19
2025-06-18,Hyderabad,Telangana,17.385,78.4867,34.3,52.9,9.9,19.0,0.87,15.0,3.0,42.1,19
2025-06-19,Hyderabad,Telangana,17.385,78.4867,32.6,72.1,8.1,15.0,0.63,14.0,6.7,61.0,15
2025-06-20,Hyderabad,Telangana,17.385,78.4867,33.8,67.1,11.2,16.7,0.6,14.9,10.2,58.4,19
2025-06-21,Hyderabad,Telangana,17.385,78.4867,32.4,72.8,12.0,17.9,0.36,19.6,8.4,35.2,20
2025-06-22,Hyderabad,Telangana,17.385,78.4867,31.9,60.4,13.2,21.5,0.96,24.6,5.5,59.0,22
2025-06-23,Hyderabad,Telangana,17.385,78.4867,32.6,75.8,8.0,15.0,0.59,30.1,4.5,54.0,15
2025-06-24,Hyderabad,Telangana,17.385,78.4867,35.0,71.9,8.0,15.0,0.25,11.6,4.4,50.7,15
2025-06-25,Hyderabad,Telangana,17.385,78.4867,33.6,67.3,8.0,15.0,0.74,20.5,12.6,47.7,15
2025-06-26,Hyderabad,Telangana,17.385,78.4867,34.1,69.4,12.0,17.6,0.63,21.1,7.2,50.9,20
2025-06-27,Hyderabad,Telangana,17.385,78.4867,35.8,70.7,8.0,15.0,0.45,14.6,7.2,52.1,15
2025-06-28,Hyderabad,Telangana,17.385,78.4867,32.4,62.7,8.0,15.0,0.73,10.4,1.0,47.6,15
2025-06-29,Hyderabad,Telangana,17.385,78.4867,35.4,66.3,8.0,15.0,0.21,18.2,3.1,72.4,15
2025-06-30,Hyderabad,Telangana,17.385,78.4867,36.8,71.7,8.0,15.0,0.48,29.3,6.5,64.1,15
2025-07-01,Hyderabad,Telangana,17.385,78.4867,37.1,66.7,8.0,15.0,0.54,18.2,5.1,77.8,15
2025-07-02,Hyderabad,Telangana,17.385,78.4867,36.4,59.7,8.0,15.0,0.72,11.8,7.0,62.2,15
2025-07-03,Hyderabad,Telangana,17.385,78.4867,35.4,72.4,8.0,15.0,0.92,15.6,7.0,63.5,15
2025-07-04,Hyderabad,Telangana,17.385,78.4867,34.5,76.5,8.0,15.0,0.55,9.7,8.4,50.3,15
2025-07-05,Hyderabad,Telangana,17.385,78.4867,35.5,78.4,8.0,15.0,0.66,16.7,1.0,57.6,15
2025-07-06,Hyderabad,Telangana,17.385,78.4867,38.7,74.9,8.0,15.0,1.0,20.7,3.3,63.4,15
2025-07-07,Hyderabad,Telangana,17.385,78.4867,36.2,77.2,8.0,15.0,0.59,12.4,6.3,65.1,15
2025-07-08,Hyderabad,Telangana,17.385,78.4867,35.6,78.6,8.0,15.0,0.66,4.0,4.7,58.7,15
2025-07-09,Hyderabad,Telangana,17.385,78.4867,36.8,72.5,8.0,15.0,0.4,18.2,5.7,63.9,15
2025-07-10,Hyderabad,Telangana,17.385,78.4867,35.9,57.3,8.0,15.0,0.88,13.6,7.0,62.2,15
2025-07-11,Hyderabad,Telangana,17.385,78.4867,36.3,80.4,8.0,15.0,0.48,12.1,4.4,57.9,15
2025-07-12,Hyderabad,Telangana,17.385,78.4867,35.5,66.2,8.0,15.0,0.63,12.0,7.2,55.7,15
2025-07-13,Hyderabad,Telangana,17.385,78.4867,35.2,64.7,8.0,15.0,0.62,19.0,8.3,53.2,15
2025-07-14,Hyderabad,Telangana,17.385,78.4867,37.8,65.0,8.0,15.0,0.6,14.1,6.8,71.3,15
2025-07-15,Hyderabad,Telangana,17.385,78.4867,32.5,90.2,8.0,15.0,0.52,22.1,8.8,51.7,15
2025-07-16,Hyderabad,Telangana,17.385,78.4867,36.9,76.0,8.0,15.0,0.63,22.3,1.0,63.8,15
2025-07-17,Hyderabad,Telangana,17.385,78.4867,35.1,65.7,8.0,15.0,0.85,14.9,4.9,57.2,15
2025-07-18,Hyderabad,Telangana,17.385,78.4867,32.6,68.2,8.0,15.0,0.93,13.4,9.3,62.8,15
2025-07-19,Hyderabad,Telangana,17.385,78.4867,34.2,73.0,8.0,15.0,0.56,17.3,4.0,41.1,15
2025-07-20,Hyderabad,Telangana,17.385,78.4867,35.9,76.8,8.0,15.0,0.52,15.7,3.6,62.1,15
2025-07-21,Hyderabad,Telangana,17.385,78.4867,36.2,74.9,8.0,15.0,0.47,6.0,6.3,50.0,15
2025-07-22,Hyderabad,Telangana,17.385,78.4867,37.3,66.4,8.0,15.0,0.99,28.0,6.6,65.0,15
2025-07-23,Hyderabad,Telangana,17.385,78.4867,37.4,75.0,8.0,15.0,0.61,20.8,5.0,60.9,15
2025-07-24,Hyderabad,Telangana,17.385,78.4867,33.1,68.4,8.0,15.0,0.76,13.8,12.2,43.4,15
2025-07-25,Hyderabad,Telangana,17.385,78.4867,36.6,79.9,8.0,15.0,0.69,5.1,7.5,63.4,15
2025-07-26,Hyderabad,Telangana,17.385,78.4867,37.2,72.9,8.0,15.0,0.92,15.5,3.9,63.4,15
2025-07-27,Hyderabad,Telangana,17.385,78.4867,36.2,67.0,8.0,15.7,0.55,13.0,2.3,58.3,16
2025-07-28,Hyderabad,Telangana,17.385,78.4867,36.7,76.9,8.0,15.0,0.42,16.2,7.9,60.0,15
2025-07-29,Hyderabad,Telangana,17.385,78.4867,32.2,74.6,8.0,15.0,0.87,4.0,3.9,55.1,15
2025-07-30,Hyderabad,Telangana,17.385,78.4867,33.9,68.4,8.0,15.0,0.72,13.7,13.1,65.8,15
2025-07-31,Hyderabad,Telangana,17.385,78.4867,38.1,76.6,8.0,15.0,0.66,14.1,7.9,60.6,15
2025-08-01,Hyderabad,Telangana,17.385,78.4867,35.0,75.6,8.0,16.0,0.82,15.4,8.3,66.4,16
2025-08-02,Hyderabad,Telangana,17.385,78.4867,39.5,79.3,8.0,15.0,0.67,15.1,7.4,65.1,15
2025-08-03,Hyderabad,Telangana,17.385,78.4867,33.1,75.6,8.0,15.0,0.82,16.9,10.0,65.6,15
2025-08-04,Hyderabad,Telangana,17.385,78.4867,38.2,68.8,8.0,15.0,0.63,25.7,1.0,61.4,15
2025-08-05,Hyderabad,Telangana,17.385,78.4867,34.2,58.2,8.0,15.3,0.72,13.5,3.0,51.6,15
2025-08-06,Hyderabad,Telangana,17.385,78.4867,36.8,71.0,8.0,15.0,0.67,11.1,9.7,52.2,15
2025-08-07,Hyderabad,Telangana,17.385,78.4867,34.6,71.8,8.0,15.0,0.54,6.2,11.1,57.3,15
2025-08-08,Hyderabad,Telangana,17.385,78.4867,35.2,69.4,8.0,15.0,0.56,13.5,2.9,52.3,15
2025-08-09,Hyderabad,Telangana,17.385,78.4867,36.0,47.6,8.0,15.0,0.53,8.2,1.2,71.1,15
2025-08-10,Hyderabad,Telangana,17.385,78.4867,33.8,73.1,8.5,15.4,0.63,22.5,7.2,49.2,15
2025-08-11,Hyderabad,Telangana,17.385,78.4867,36.2,61.5,8.2,15.2,0.52,16.0,8.1,54.6,15
2025-08-12,Hyderabad,Telangana,17.385,78.4867,34.2,72.4,8.0,15.0,0.65,22.2,7.1,61.6,15
2025-08-13,Hyderabad,Telangana,17.385,78.4867,34.9,79.1,9.7,15.3,0.67,25.9,6.6,67.4,16
2025-08-14,Hyderabad,Telangana,17.385,78.4867,29.7,65.0,10.4,17.5,0.65,12.1,1.3,55.4,18
2025-08-15,Hyderabad,Telangana,17.385,78.4867,33.8,69.5,9.6,15.4,0.64,15.0,5.6,64.5,16
2025-08-16,Hyderabad,Telangana,17.385,78.4867,36.6,66.3,12.1,24.5,0.55,25.9,6.3,59.6,24
2025-08-17,Hyderabad,Telangana,17.385,78.4867,35.4,69.3,14.2,22.4,0.62,19.7,5.5,57.7,24
2025-08-18,Hyderabad,Telangana,17.385,78.4867,35.7,66.0,10.5,18.1,0.37,20.5,1.1,75.1,18
2025-08-19,Hyderabad,Telangana,17.385,78.4867,34.1,61.3,14.9,21.2,0.65,25.0,8.9,69.5,25
2025-08-20,Hyderabad,Telangana,17.385,78.4867,36.9,58.2,8.2,15.0,0.44,22.0,9.3,66.9,15
2025-08-21,Hyderabad,Telangana,17.385,78.4867,34.3,75.2,10.1,16.2,0.63,19.7,4.4,65.7,17
2025-08-22,Hyderabad,Telangana,17.385,78.4867,32.4,66.8,18.4,32.2,0.6,28.3,6.9,59.9,32
2025-08-23,Hyderabad,Telangana,17.385,78.4867,35.1,69.2,15.6,27.3,0.37,18.6,5.8,47.9,27
2025-08-24,Hyderabad,Telangana,17.385,78.4867,35.1,65.8,14.8,27.6,1.0,21.9,5.7,57.3,28
2025-08-25,Hyderabad,Telangana,17.385,78.4867,34.4,69.5,18.5,34.2,0.67,18.9,9.0,68.2,34
2025-08-26,Hyderabad,Telangana,17.385,78.4867,32.5,56.0,17.9,29.4,0.92,25.9,9.0,58.9,30
2025-08-27,Hyderabad,Telangana,17.385,78.4867,33.6,62.5,16.4,24.7,0.6,15.0,10.5,54.6,27
2025-08-28,Hyderabad,Telangana,17.385,78.4867,35.5,65.2,14.7,22.5,0.92,8.6,10.3,70.3,24
2025-08-29,Hyderabad,Telangana,17.385,78.4867,33.7,70.3,14.2,24.1,0.49,22.5,6.6,58.4,24
2025-08-30,Hyderabad,Telangana,17.385,78.4867,30.0,79.7,26.8,44.8,0.82,16.4,16.7,54.4,45
2025-08-31,Hyderabad,Telangana,17.385,78.4867,31.5,63.5,21.5,36.2,0.57,14.2,12.4,54.2,36
2025-09-01,Hyderabad,Telangana,17.385,78.4867,31.3,55.7,30.1,47.3,1.22,31.2,6.4,54.3,50
2025-09-02,Hyderabad,Telangana,17.385,78.4867,31.0,51.7,22.8,42.6,0.72,27.1,8.2,55.2,43
2025-09-03,Hyderabad,Telangana,17.385,78.4867,28.4,53.5,28.0,40.0,0.94,20.9,2.3,56.1,47
2025-09-04,Hyderabad,Telangana,17.385,78.4867,35.5,54.1,25.9,40.5,0.86,4.0,8.2,68.7,43
2025-09-05,Hyderabad,Telangana,17.385,78.4867,30.4,39.0,27.7,41.2,0.8,26.0,13.2,45.3,46
2025-09-06,Hyderabad,Telangana,17.385,78.4867,30.4,54.3,28.7,46.5,0.9,27.2,16.6,51.7,48
2025-09-07,Hyderabad,Telangana,17.385,78.4867,28.3,63.8,26.2,48.1,0.99,25.5,7.7,55.8,48
2025-09-08,Hyderabad,Telangana,17.385,78.4867,33.2,59.1,22.6,36.3,0.85,24.0,8.8,52.8,38
2025-09-09,Hyderabad,Telangana,17.385,78.4867,31.3,56.5,35.9,59.7,0.92,24.4,10.7,39.1,60
2025-09-10,Hyderabad,Telangana,17.385,78.4867,30.8,46.8,44.0,77.0,1.07,25.6,15.5,40.5,77
2025-09-11,Hyderabad,Telangana,17.385,78.4867,30.7,65.3,45.7,73.0,1.29,22.0,6.7,40.9,76
2025-09-12,Hyderabad,Telangana,17.385,78.4867,32.2,61.3,28.7,48.9,0.76,19.0,16.3,48.0,49
2025-09-13,Hyderabad,Telangana,17.385,78.4867,30.2,57.4,28.1,47.5,0.53,24.9,7.3,42.5,48
2025-09-14,Hyderabad,Telangana,17.385,78.4867,27.3,41.9,29.9,44.2,0.67,25.6,4.9,52.0,50
2025-09-15,Hyderabad,Telangana,17.385,78.4867,28.5,53.8,33.1,52.3,0.71,29.3,7.7,43.0,55
2025-09-16,Hyderabad,Telangana,17.385,78.4867,28.2,60.1,34.6,59.0,0.75,16.6,6.3,54.8,59
2025-09-17,Hyderabad,Telangana,17.385,78.4867,31.0,56.7,28.6,52.8,0.69,13.2,9.5,40.7,53
2025-09-18,Hyderabad,Telangana,17.385,78.4867,32.1,58.1,26.2,48.3,0.79,20.1,3.1,48.9,48
2025-09-19,Hyderabad,Telangana,17.385,78.4867,32.9,61.4,37.3,73.4,0.95,19.8,9.4,52.8,73
2025-09-20,Hyderabad,Telangana,17.385,78.4867,27.2,57.6,17.3,29.8,0.73,20.6,9.4,51.3,30
2025-09-21,Hyderabad,Telangana,17.385,78.4867,31.2,60.9,37.3,59.3,0.81,18.1,13.4,58.3,62
2025-09-22,Hyderabad,Telangana,17.385,78.4867,28.8,50.4,31.5,51.7,1.0,31.2,10.6,41.7,52
2025-09-23,Hyderabad,Telangana,17.385,78.4867,35.1,47.6,46.7,76.3,1.1,24.0,14.0,62.4,78
2025-09-24,Hyderabad,Telangana,17.385,78.4867,32.2,59.4,50.3,80.0,1.3,39.7,8.2,36.0,84
2025-09-25,Hyderabad,Telangana,17.385,78.4867,32.6,60.8,51.3,87.6,1.2,33.6,11.3,57.0,88
2025-09-26,Hyderabad,Telangana,17.385,78.4867,30.9,59.6,38.1,65.3,0.87,19.9,2.4,37.9,65
2025-09-27,Hyderabad,Telangana,17.385,78.4867,30.0,56.8,32.5,47.9,1.06,37.0,8.3,51.3,54
2025-09-28,Hyderabad,Telangana,17.385,78.4867,28.5,53.5,35.3,64.1,0.93,26.9,10.0,54.0,64
2025-09-29,Hyderabad,Telangana,17.385,78.4867,28.0,57.2,45.6,62.7,1.13,29.6,11.1,50.3,76
2025-09-30,Hyderabad,Telangana,17.385,78.4867,27.5,58.3,30.2,48.9,0.94,23.3,3.7,30.9,50
2025-10-01,Hyderabad,Telangana,17.385,78.4867,29.9,58.7,59.7,108.9,1.15,35.9,9.6,41.3,106
2025-10-02,Hyderabad,Telangana,17.385,78.4867,31.5,73.8,41.4,72.1,0.98,30.4,8.6,55.0,72
2025-10-03,Hyderabad,Telangana,17.385,78.4867,27.9,49.0,50.3,80.3,1.04,24.9,8.7,48.2,84
2025-10-04,Hyderabad,Telangana,17.385,78.4867,27.2,78.0,30.8,60.0,0.71,22.6,10.6,45.6,60
2025-10-05,Hyderabad,Telangana,17.385,78.4867,25.7,46.6,37.7,59.6,0.6,26.7,8.4,22.7,63
2025-10-06,Hyderabad,Telangana,17.385,78.4867,28.7,58.1,30.7,41.4,0.74,27.3,8.8,55.4,51
2025-10-07,Hyderabad,Telangana,17.385,78.4867,30.3,47.0,59.1,101.6,1.19,36.5,9.3,56.6,101
2025-10-08,Hyderabad,Telangana,17.385,78.4867,30.3,57.4,46.1,63.8,1.18,29.7,12.9,48.1,77
2025-10-09,Hyderabad,Telangana,17.385,78.4867,30.3,62.1,54.8,83.5,1.23,28.2,13.8,47.9,91
2025-10-10,Hyderabad,Telangana,17.385,78.4867,28.5,55.5,49.5,86.3,1.01,26.2,9.0,47.6,86
2025-10-11,Hyderabad,Telangana,17.385,78.4867,27.8,62.0,54.7,86.5,1.01,24.4,18.9,53.6,91
2025-10-12,Hyderabad,Telangana,17.385,78.4867,29.8,52.2,46.3,80.4,0.99,32.4,7.4,48.0,80
2025-10-13,Hyderabad,Telangana,17.385,78.4867,25.4,40.8,48.2,71.1,0.89,25.7,12.9,37.2,80
2025-10-14,Hyderabad,Telangana,17.385,78.4867,26.4,59.5,49.9,88.7,0.74,28.8,7.1,43.4,89
2025-10-15,Hyderabad,Telangana,17.385,78.4867,30.2,55.4,56.2,78.5,0.89,33.4,12.8,45.6,94
2025-10-16,Hyderabad,Telangana,17.385,78.4867,25.0,51.8,57.1,105.5,1.34,32.3,12.7,37.4,104
2025-10-17,Hyderabad,Telangana,17.385,78.4867,26.8,52.2,97.4,153.7,1.86,45.1,10.8,22.0,225
2025-10-18,Hyderabad,Telangana,17.385,78.4867,27.9,57.9,76.7,144.1,1.46,33.1,11.7,44.1,156
2025-10-19,Hyderabad,Telangana,17.385,78.4867,26.8,49.4,36.2,55.1,0.89,27.2,14.5,51.6,60
2025-10-20,Hyderabad,Telangana,17.385,78.4867,28.6,57.7,52.3,101.4,0.87,28.9,7.7,51.6,101
2025-10-21,Hyderabad,Telangana,17.385,78.4867,29.1,63.4,49.8,75.1,1.03,29.4,11.2,52.2,83
2025-10-22,Hyderabad,Telangana,17.385,78.4867,27.1,69.5,72.9,100.6,1.4,44.3,12.8,38.7,143
2025-10-23,Hyderabad,Telangana,17.385,78.4867,28.6,64.9,51.8,85.7,1.2,33.6,10.0,44.8,86
2025-10-24,Hyderabad,Telangana,17.385,78.4867,24.3,56.2,62.0,113.8,1.29,30.4,5.8,45.3,109
2025-10-25,Hyderabad,Telangana,17.385,78.4867,25.6,56.8,33.8,59.7,1.06,23.9,11.2,47.5,60
2025-10-26,Hyderabad,Telangana,17.385,78.4867,30.1,52.2,40.8,74.5,1.25,36.7,9.3,59.0,74
2025-10-27,Hyderabad,Telangana,17.385,78.4867,29.2,51.8,91.0,161.3,1.45,41.3,16.6,35.2,203
2025-10-28,Hyderabad,Telangana,17.385,78.4867,23.2,61.1,58.6,89.5,1.57,33.0,11.4,28.9,98
2025-10-29,Hyderabad,Telangana,17.385,78.4867,25.4,52.9,46.9,82.8,0.72,33.0,9.9,36.3,83
2025-10-30,Hyderabad,Telangana,17.385,78.4867,25.5,57.6,62.1,103.4,1.07,35.2,12.1,30.1,107
2025-10-31,Hyderabad,Telangana,17.385,78.4867,25.9,48.3,47.1,72.7,1.05,26.8,6.8,29.2,78
2025-11-01,Hyderabad,Telangana,17.385,78.4867,27.4,64.6,56.3,94.3,1.21,27.5,15.2,44.9,94
2025-11-02,Hyderabad,Telangana,17.385,78.4867,28.3,52.8,43.8,72.0,0.96,28.0,8.4,47.0,73
2025-11-03,Hyderabad,Telangana,17.385,78.4867,24.9,62.6,51.1,95.2,0.99,34.3,9.0,39.7,95
2025-11-04,Hyderabad,Telangana,17.385,78.4867,26.7,50.1,55.9,88.0,1.45,39.8,14.4,43.0,93
2025-11-05,Hyderabad,Telangana,17.385,78.4867,25.8,49.7,79.0,123.7,1.3,30.5,13.1,24.6,163
2025-11-06,Hyderabad,Telangana,17.385,78.4867,24.5,64.3,68.9,106.5,1.11,46.6,10.8,31.4,130
2025-11-07,Hyderabad,Telangana,17.385,78.4867,21.3,50.6,72.1,139.5,1.56,35.4,13.0,27.6,140
2025-11-08,Hyderabad,Telangana,17.385,78.4867,26.1,44.0,62.8,97.5,1.32,39.6,12.9,38.9,109
2025-11-09,Hyderabad,Telangana,17.385,78.4867,25.3,47.7,76.2,140.6,1.51,34.0,11.7,24.1,154
2025-11-10,Hyderabad,Telangana,17.385,78.4867,24.8,61.0,52.8,79.0,1.12,21.2,13.0,29.9,88
2025-11-11,Hyderabad,Telangana,17.385,78.4867,22.2,60.3,54.9,94.7,0.9,23.7,6.6,29.5,95
2025-11-12,Hyderabad,Telangana,17.385,78.4867,27.4,49.7,71.0,120.0,1.3,34.7,12.5,48.1,137
2025-11-13,Hyderabad,Telangana,17.385,78.4867,24.0,50.6,61.5,112.8,0.96,36.8,13.3,37.4,109
2025-11-14,Hyderabad,Telangana,17.385,78.4867,21.6,59.7,65.6,118.9,1.27,35.2,13.1,39.1,119
2025-11-15,Hyderabad,Telangana,17.385,78.4867,21.2,64.2,63.9,106.2,1.31,32.9,4.4,29.5,113
2025-11-16,Hyderabad,Telangana,17.385,78.4867,24.6,54.5,87.8,137.8,1.64,48.8,12.6,33.6,193
2025-11-17,Hyderabad,Telangana,17.385,78.4867,24.6,58.9,89.4,169.3,1.48,42.6,9.5,37.4,198
2025-11-18,Hyderabad,Telangana,17.385,78.4867,22.4,61.1,58.8,91.4,1.27,34.5,14.6,31.5,98
2025-11-19,Hyderabad,Telangana,17.385,78.4867,23.9,70.1,46.1,60.4,0.88,47.4,8.5,31.7,77
2025-11-20,Hyderabad,Telangana,17.385,78.4867,24.2,46.9,58.4,80.1,1.29,32.6,14.2,24.0,97
2025-11-21,Hyderabad,Telangana,17.385,78.4867,23.2,50.3,56.4,79.4,1.23,27.9,6.9,29.6,94
2025-11-22,Hyderabad,Telangana,17.385,78.4867,21.6,51.5,83.0,144.3,1.3,43.4,13.8,35.9,177
2025-11-23,Hyderabad,Telangana,17.385,78.4867,24.4,60.8,85.1,168.7,1.53,45.6,12.8,43.7,184
2025-11-24,Hyderabad,Telangana,17.385,78.4867,24.1,53.2,55.7,74.9,1.28,33.6,18.7,29.9,93
2025-11-25,Hyderabad,Telangana,17.385,78.4867,23.6,57.2,59.5,91.2,1.17,34.0,14.3,20.9,99
2025-11-26,Hyderabad,Telangana,17.385,78.4867,20.9,55.9,51.0,84.9,0.94,39.2,13.4,38.8,85
2025-11-27,Hyderabad,Telangana,17.385,78.4867,20.0,55.0,73.1,137.6,1.34,45.5,17.9,28.2,144
2025-11-28,Hyderabad,Telangana,17.385,78.4867,22.4,55.8,70.7,108.3,1.37,35.9,12.5,21.0,136
2025-11-29,Hyderabad,Telangana,17.385,78.4867,23.8,62.2,85.3,148.4,1.32,37.4,12.5,8.0,184
2025-11-30,Hyderabad,Telangana,17.385,78.4867,24.0,48.2,80.4,129.7,1.24,42.3,11.8,25.6,168
2025-12-01,Hyderabad,Telangana,17.385,78.4867,23.0,54.0,82.8,169.1,1.5,36.6,13.6,27.9,176
2025-12-02,Hyderabad,Telangana,17.385,78.4867,21.1,46.5,51.8,86.7,1.2,35.9,1.8,22.4,87
2025-12-03,Hyderabad,Telangana,17.385,78.4867,20.4,56.6,63.7,108.5,1.53,36.9,11.1,34.8,112
2025-12-04,Hyderabad,Telangana,17.385,78.4867,21.7,53.6,90.5,150.5,1.61,59.0,13.9,22.2,202
2025-12-05,Hyderabad,Telangana,17.385,78.4867,21.7,62.5,65.5,104.0,1.05,43.8,10.8,31.2,118
2025-12-06,Hyderabad,Telangana,17.385,78.4867,23.6,55.0,51.8,92.8,1.38,24.1,5.6,54.6,93
2025-12-07,Hyderabad,Telangana,17.385,78.4867,20.7,51.9,88.9,131.2,1.65,39.3,12.7,28.1,196
2025-12-08,Hyderabad,Telangana,17.385,78.4867,20.7,53.3,65.8,88.8,0.93,23.6,6.7,28.7,119
2025-12-09,Hyderabad,Telangana,17.385,78.4867,25.1,67.1,94.7,154.2,1.4,31.5,18.9,32.9,216
2025-12-10,Hyderabad,Telangana,17.385,78.4867,24.1,44.0,75.0,132.9,1.26,38.7,11.2,39.4,150
2025-12-11,Hyderabad,Telangana,17.385,78.4867,19.6,50.6,71.1,111.1,1.42,29.6,5.5,31.7,137
2025-12-12,Hyderabad,Telangana,17.385,78.4867,23.8,55.3,102.4,171.8,1.28,56.6,13.6,22.8,241
2025-12-13,Hyderabad,Telangana,17.385,78.4867,19.1,50.5,57.1,83.8,1.12,39.2,13.3,24.5,95
2025-12-14,Hyderabad,Telangana,17.385,78.4867,20.3,58.4,104.7,189.4,1.78,45.9,14.9,19.6,249
2025-12-15,Hyderabad,Telangana,17.385,78.4867,20.4,54.6,66.6,116.3,0.81,33.3,8.6,26.7,122
2025-12-16,Hyderabad,Telangana,17.385,78.4867,20.8,56.8,79.7,131.7,1.5,48.4,10.3,42.9,166
2025-12-17,Hyderabad,Telangana,17.385,78.4867,22.0,55.8,80.1,134.2,1.52,49.9,11.5,35.1,167
2025-12-18,Hyderabad,Telangana,17.385,78.4867,21.0,54.3,70.4,101.5,1.16,30.9,10.3,28.9,135
2025-12-19,Hyderabad,Telangana,17.385,78.4867,21.8,46.0,65.6,95.0,1.06,28.6,7.5,41.4,119
2025-12-20,Hyderabad,Telangana,17.385,78.4867,20.0,56.2,71.7,117.0,1.17,35.1,11.5,29.3,139
2025-12-21,Hyderabad,Telangana,17.385,78.4867,21.3,42.7,62.4,107.8,0.79,36.6,7.0,17.8,108
2025-12-22,Hyderabad,Telangana,17.385,78.4867,20.7,50.3,120.4,208.9,1.79,49.4,18.5,37.4,300
2025-12-23,Hyderabad,Telangana,17.385,78.4867,18.0,58.4,70.5,112.5,1.32,39.3,14.9,23.6,135
2025-12-24,Hyderabad,Telangana,17.385,78.4867,21.4,63.3,101.4,178.6,1.44,58.1,11.1,9.0,238
2025-12-25,Hyderabad,Telangana,17.385,78.4867,20.6,71.4,98.7,183.9,1.74,37.2,11.7,13.3,229
2025-12-26,Hyderabad,Telangana,17.385,78.4867,19.1,52.0,85.5,139.9,1.47,38.7,11.6,34.1,185
2025-12-27,Hyderabad,Telangana,17.385,78.4867,19.6,48.9,76.8,130.2,1.39,30.2,12.0,14.0,156
2025-12-28,Hyderabad,Telangana,17.385,78.4867,19.6,58.7,82.7,133.9,1.36,35.4,13.4,36.9,176
2025-12-29,Hyderabad,Telangana,17.385,78.4867,19.9,68.1,90.0,146.8,1.61,41.0,14.6,26.4,200
2025-12-30,Hyderabad,Telangana,17.385,78.4867,23.4,65.7,81.3,136.2,1.6,35.7,13.8,38.1,171
2025-12-31,Hyderabad,Telangana,17.385,78.4867,24.0,47.8,56.4,107.5,1.07,35.2,15.2,33.7,105
2024-01-01,Chennai,Tamil Nadu,13.0827,80.2707,24.0,73.3,77.5,128.1,1.29,36.8,15.2,49.7,158
2024-01-02,Chennai,Tamil Nadu,13.0827,80.2707,24.0,60.4,74.1,114.0,1.0,40.3,14.8,28.6,147
2024-01-03,Chennai,Tamil Nadu,13.0827,80.2707,20.7,74.7,68.6,133.5,1.16,34.1,12.5,33.8,129
2024-01-04,Chennai,Tamil Nadu,13.0827,80.2707,23.6,77.2,54.8,82.8,1.01,29.5,10.9,38.5,91
2024-01-05,Chennai,Tamil Nadu,13.0827,80.2707,24.1,69.5,75.1,104.3,1.38,47.4,18.3,18.6,150
2024-01-06,Chennai,Tamil Nadu,13.0827,80.2707,22.0,62.5,46.6,83.8,0.9,34.9,8.1,33.5,84
2024-01-07,Chennai,Tamil Nadu,13.0827,80.2707,21.8,78.7,85.3,131.4,1.37,30.8,13.5,25.0,184
2024-01-08,Chennai,Tamil Nadu,13.0827,80.2707,23.8,70.0,72.7,124.6,1.5,31.1,10.0,39.3,142
2024-01-09,Chennai,Tamil Nadu,13.0827,80.2707,18.4,70.7,77.1,148.2,1.67,37.9,8.3,38.7,157
2024-01-10,Chennai,Tamil Nadu,13.0827,80.2707,23.0,63.5,39.2,56.6,0.8,23.4,12.7,33.2,65
2024-01-11,Chennai,Tamil Nadu,13.0827,80.2707,26.0,71.4,54.4,89.4,1.26,22.4,9.4,36.3,91
2024-01-12,Chennai,Tamil Nadu,13.0827,80.2707,18.3,68.6,62.4,116.8,1.25,34.7,13.1,46.2,111
2024-01-13,Chennai,Tamil Nadu,13.0827,80.2707,24.5,60.7,80.9,141.7,1.14,28.6,11.7,28.4,170
2024-01-14,Chennai,Tamil Nadu,13.0827,80.2707,24.0,79.4,56.7,92.0,1.01,32.9,14.3,25.0,94
2024-01-15,Chennai,Tamil Nadu,13.0827,80.2707,20.4,82.3,122.2,245.4,1.4,57.5,12.8,34.5,302
2024-01-16,Chennai,Tamil Nadu,13.0827,80.2707,23.9,77.1,65.8,107.7,1.28,40.3,14.8,34.3,119
2024-01-17,Chennai,Tamil Nadu,13.0827,80.2707,24.8,76.1,55.8,95.3,0.96,31.0,13.1,39.4,95
2024-01-18,Chennai,Tamil Nadu,13.0827,80.2707,20.9,82.4,66.9,127.0,1.26,44.5,6.0,47.6,123
2024-01-19,Chennai,Tamil Nadu,13.0827,80.2707,21.7,62.7,56.5,101.6,1.51,34.1,9.0,20.9,101
2024-01-20,Chennai,Tamil Nadu,13.0827,80.2707,23.1,62.6,53.7,99.2,1.34,36.3,13.4,33.0,99
2024-01-21,Chennai,Tamil Nadu,13.0827,80.2707,24.8,67.1,87.0,131.7,1.35,37.4,17.9,24.1,190
2024-01-22,Chennai,Tamil Nadu,13.0827,80.2707,22.1,72.1,77.9,142.9,1.21,48.1,14.4,33.2,160
2024-01-23,Chennai,Tamil Nadu,13.0827,80.2707,23.0,68.0,77.9,130.5,1.56,38.9,11.0,27.6,160
2024-01-24,Chennai,Tamil Nadu,13.0827,80.2707,21.9,62.9,92.0,141.5,1.37,52.9,10.5,19.4,207
2024-01-25,Chennai,Tamil Nadu,13.0827,80.2707,23.1,70.0,77.2,130.0,1.51,46.9,13.9,38.2,157
2024-01-26,Chennai,Tamil Nadu,13.0827,80.2707,25.0,69.3,54.8,92.0,1.52,33.1,9.1,37.6,92
2024-01-27,Chennai,Tamil Nadu,13.0827,80.2707,23.3,75.9,80.9,156.2,1.5,42.3,11.3,22.2,170
2024-01-28,Chennai,Tamil Nadu,13.0827,80.2707,22.5,70.3,54.0,92.1,1.28,30.2,9.6,24.1,92
2024-01-29,Chennai,Tamil Nadu,13.0827,80.2707,23.1,56.7,62.1,95.3,1.35,29.0,13.6,35.5,107
2024-01-30,Chennai,Tamil Nadu,13.0827,80.2707,21.8,72.7,68.2,102.2,1.17,39.4,16.9,17.7,127
2024-01-31,Chennai,Tamil Nadu,13.0827,80.2707,21.5,81.1,66.6,109.5,1.28,38.6,14.4,32.5,122
2024-02-01,Chennai,Tamil Nadu,13.0827,80.2707,25.5,70.2,46.3,67.1,0.87,19.1,9.7,49.8,77
2024-02-02,Chennai,Tamil Nadu,13.0827,80.2707,26.3,76.9,55.4,85.5,1.31,31.2,7.7,44.8,92
2024-02-03,Chennai,Tamil Nadu,13.0827,80.2707,20.1,66.5,68.1,109.9,1.09,41.0,13.5,23.4,127
2024-02-04,Chennai,Tamil Nadu,13.0827,80.2707,24.5,74.0,59.7,94.7,1.27,41.9,15.8,38.4,100
2024-02-05,Chennai,Tamil Nadu,13.0827,80.2707,25.0,64.8,87.3,153.6,1.64,46.3,16.0,24.3,191
2024-02-06,Chennai,Tamil Nadu,13.0827,80.2707,21.3,68.3,90.5,139.2,1.43,33.8,13.9,29.1,202
2024-02-07,Chennai,Tamil Nadu,13.0827,80.2707,22.7,68.3,53.0,67.8,0.98,24.6,8.8,31.4,88
2024-02-08,Chennai,Tamil Nadu,13.0827,80.2707,22.6,73.3,68.6,95.8,1.24,33.9,12.5,23.9,129
2024-02-09,Chennai,Tamil Nadu,13.0827,80.2707,27.1,64.2,95.6,157.5,1.43,53.0,17.1,41.7,219
2024-02-10,Chennai,Tamil Nadu,13.0827,80.2707,26.7,59.7,65.4,102.1,1.25,31.3,11.9,23.3,118
2024-02-11,Chennai,Tamil Nadu,13.0827,80.2707,22.1,73.3,61.4,89.9,1.04,40.0,10.6,22.7,105
2024-02-12,Chennai,Tamil Nadu,13.0827,80.2707,21.2,73.0,80.9,157.2,1.27,36.1,10.4,20.3,170
2024-02-13,Chennai,Tamil Nadu,13.0827,80.2707,25.2,70.8,62.8,111.5,1.28,37.3,18.8,33.1,109
2024-02-14,Chennai,Tamil Nadu,13.0827,80.2707,24.9,76.5,88.0,144.4,1.57,36.5,10.4,44.4,193
2024-02-15,Chennai,Tamil Nadu,13.0827,80.2707,26.2,68.6,58.2,98.0,1.1,31.5,7.7,45.2,98
2024-02-16,Chennai,Tamil Nadu,13.0827,80.2707,22.1,72.0,59.5,95.9,0.91,26.3,11.3,33.3,99
2024-02-17,Chennai,Tamil Nadu,13.0827,80.2707,25.4,67.6,78.4,114.6,1.55,47.7,11.7,36.3,161
2024-02-18,Chennai,Tamil Nadu,13.0827,80.2707,22.8,68.2,67.1,121.1,1.18,31.3,14.4,32.8,124
2024-02-19,Chennai,Tamil Nadu,13.0827,80.2707,25.4,72.4,67.0,119.1,1.55,26.1,14.5,47.8,123
2024-02-20,Chennai,Tamil Nadu,13.0827,80.2707,24.2,85.9,42.8,57.9,0.96,17.9,5.8,23.0,71
2024-02-21,Chennai,Tamil Nadu,13.0827,80.2707,27.8,75.2,60.0,101.1,1.19,32.7,8.5,47.6,101
2024-02-22,Chennai,Tamil Nadu,13.0827,80.2707,25.3,73.8,78.2,132.9,1.3,36.3,9.6,31.5,161
2024-02-23,Chennai,Tamil Nadu,13.0827,80.2707,24.0,75.4,54.2,86.8,1.14,35.2,12.7,39.9,90
2024-02-24,Chennai,Tamil Nadu,13.0827,80.2707,24.8,53.6,74.8,146.9,1.85,36.5,13.3,39.3,149
2024-02-25,Chennai,Tamil Nadu,13.0827,80.2707,24.5,72.2,67.7,131.9,1.2,42.7,10.3,41.3,126
2024-02-26,Chennai,Tamil Nadu,13.0827,80.2707,22.7,76.4,60.8,96.9,1.37,31.2,11.5,45.9,103
2024-02-27,Chennai,Tamil Nadu,13.0827,80.2707,28.3,70.6,85.3,137.9,1.46,47.5,9.4,28.8,184
2024-02-28,Chennai,Tamil Nadu,13.0827,80.2707,27.8,69.7,58.4,93.5,1.33,27.0,8.4,49.7,97
2024-02-29,Chennai,Tamil Nadu,13.0827,80.2707,24.7,63.4,59.1,92.1,0.87,23.9,6.8,36.1,98
2024-03-01,Chennai,Tamil Nadu,13.0827,80.2707,26.3,67.0,59.6,90.0,1.45,28.1,11.2,35.5,99
2024-03-02,Chennai,Tamil Nadu,13.0827,80.2707,28.9,64.2,63.2,109.1,1.25,27.4,11.5,59.1,111
2024-03-03,Chennai,Tamil Nadu,13.0827,80.2707,27.5,77.0,73.1,142.2,1.27,30.0,8.9,45.3,144
2024-03-04,Chennai,Tamil Nadu,13.0827,80.2707,24.8,80.5,44.4,83.7,1.13,30.7,10.8,34.9,84
2024-03-05,Chennai,Tamil Nadu,13.0827,80.2707,25.3,83.5,74.0,130.9,1.34,36.1,15.1,43.7,147
2024-03-06,Chennai,Tamil Nadu,13.0827,80.2707,22.4,64.1,61.7,79.6,1.01,34.6,7.8,32.4,106
2024-03-07,Chennai,Tamil Nadu,13.0827,80.2707,27.0,65.3,68.3,93.6,0.9,39.0,10.5,35.9,128
2024-03-08,Chennai,Tamil Nadu,13.0827,80.2707,28.0,64.8,101.8,184.2,1.9,36.5,15.7,32.7,239
2024-03-09,Chennai,Tamil Nadu,13.0827,80.2707,28.1,62.9,53.4,101.2,1.06,34.5,10.3,45.0,101
2024-03-10,Chennai,Tamil Nadu,13.0827,80.2707,27.2,63.0,45.4,78.7,0.91,21.3,5.5,37.0,79
2024-03-11,Chennai,Tamil Nadu,13.0827,80.2707,26.6,66.4,61.7,99.0,1.11,30.3,9.6,40.7,106
2024-03-12,Chennai,Tamil Nadu,13.0827,80.2707,24.3,76.1,63.5,117.6,1.43,23.0,9.7,42.6,112
2024-03-13,Chennai,Tamil Nadu,13.0827,80.2707,26.8,65.0,70.7,124.7,1.21,40.6,11.1,39.7,136
2024-03-14,Chennai,Tamil Nadu,13.0827,80.2707,25.2,77.4,51.6,93.9,1.17,20.4,9.7,53.9,94
2024-03-15,Chennai,Tamil Nadu,13.0827,80.2707,27.4,79.6,48.1,65.9,0.98,22.2,14.5,42.1,80
2024-03-16,Chennai,Tamil Nadu,13.0827,80.2707,25.1,72.0,40.9,69.6,0.77,20.3,8.6,49.9,70
2024-03-17,Chennai,Tamil Nadu,13.0827,80.2707,27.6,78.6,42.1,80.8,1.1,26.7,4.2,50.7,81
2024-03-18,Chennai,Tamil Nadu,13.0827,80.2707,29.1,60.5,51.6,89.3,1.24,29.6,10.4,56.6,89
2024-03-19,Chennai,Tamil Nadu,13.0827,80.2707,27.5,66.1,54.8,98.1,1.01,36.4,15.6,57.3,98
2024-03-20,Chennai,Tamil Nadu,13.0827,80.2707,27.5,71.3,87.9,145.5,1.47,41.5,12.5,24.2,193
2024-03-21,Chennai,Tamil Nadu,13.0827,80.2707,28.7,71.6,38.2,63.6,0.94,32.0,7.7,47.2,64
2024-03-22,Chennai,Tamil Nadu,13.0827,80.2707,30.3,80.0,59.2,110.2,1.23,35.2,9.8,44.7,107
2024-03-23,Chennai,Tamil Nadu,13.0827,80.2707,27.1,63.0,46.6,72.2,1.31,23.2,11.5,42.6,78
2024-03-24,Chennai,Tamil Nadu,13.0827,80.2707,28.3,66.2,57.0,87.4,1.08,28.2,9.6,39.4,95
2024-03-25,Chennai,Tamil Nadu,13.0827,80.2707,30.2,69.4,47.7,75.2,0.98,38.3,5.3,42.2,80
2024-03-26,Chennai,Tamil Nadu,13.0827,80.2707,28.8,66.4,67.1,111.0,1.22,42.8,9.4,33.6,124
2024-03-27,Chennai,Tamil Nadu,13.0827,80.2707,24.1,62.7,66.5,93.7,1.1,40.2,11.1,35.7,122
2024-03-28,Chennai,Tamil Nadu,13.0827,80.2707,26.5,66.7,51.3,90.4,0.81,36.2,11.7,47.8,90
2024-03-29,Chennai,Tamil Nadu,13.0827,80.2707,29.3,68.3,71.7,116.5,1.32,39.7,10.0,38.8,139
2024-03-30,Chennai,Tamil Nadu,13.0827,80.2707,27.3,80.1,61.3,108.9,1.26,35.6,10.0,38.0,106
2024-03-31,Chennai,Tamil Nadu,13.0827,80.2707,30.8,62.9,69.8,93.0,1.28,36.6,11.7,39.7,133
2024-04-01,Chennai,Tamil Nadu,13.0827,80.2707,31.6,75.7,50.5,89.8,1.05,40.4,7.7,40.6,90
2024-04-02,Chennai,Tamil Nadu,13.0827,80.2707,27.4,78.9,62.4,115.4,1.06,31.2,10.7,38.6,110
2024-04-03,Chennai,Tamil Nadu,13.0827,80.2707,26.7,66.4,42.4,72.7,1.01,29.0,10.8,44.2,73
2024-04-04,Chennai,Tamil Nadu,13.0827,80.2707,28.0,71.8,41.1,68.0,0.98,16.9,5.7,53.8,68
2024-04-05,Chennai,Tamil Nadu,13.0827,80.2707,28.0,74.1,79.7,141.8,1.46,30.9,13.3,30.3,166
2024-04-06,Chennai,Tamil Nadu,13.0827,80.2707,31.7,72.9,38.5,70.9,0.98,37.2,5.8,49.6,71
2024-04-07,Chennai,Tamil Nadu,13.0827,80.2707,27.1,70.6,44.0,76.1,1.05,31.8,6.3,51.5,76
2024-04-08,Chennai,Tamil Nadu,13.0827,80.2707,30.5,65.3,31.6,55.0,1.05,22.8,6.5,39.2,55
2024-04-09,Chennai,Tamil Nadu,13.0827,80.2707,31.8,74.7,39.5,75.0,1.03,27.1,13.3,60.0,75
2024-04-10,Chennai,Tamil Nadu,13.0827,80.2707,30.8,67.4,37.9,66.9,0.99,18.0,3.9,45.1,67
2024-04-11,Chennai,Tamil Nadu,13.0827,80.2707,30.3,70.2,40.3,61.7,0.69,24.3,7.8,53.1,67
2024-04-12,Chennai,Tamil Nadu,13.0827,80.2707,29.3,71.3,49.5,91.0,1.21,21.1,9.9,43.2,91
2024-04-13,Chennai,Tamil Nadu,13.0827,80.2707,33.1,76.0,51.7,84.3,1.03,28.8,13.6,54.4,86
2024-04-14,Chennai,Tamil Nadu,13.0827,80.2707,29.4,83.6,36.4,60.3,0.92,29.7,14.8,59.3,61
2024-04-15,Chennai,Tamil Nadu,13.0827,80.2707,31.7,64.9,37.8,63.0,0.73,28.8,7.8,48.9,63
2024-04-16,Chennai,Tamil Nadu,13.0827,80.2707,29.8,70.4,56.6,101.6,1.44,41.6,12.1,53.0,101
2024-04-17,Chennai,Tamil Nadu,13.0827,80.2707,26.9,59.7,64.2,122.8,0.84,36.3,10.9,41.8,115
2024-04-18,Chennai,Tamil Nadu,13.0827,80.2707,29.9,80.5,57.6,95.3,1.36,17.6,10.3,38.7,96
2024-04-19,Chennai,Tamil Nadu,13.0827,80.2707,30.2,70.4,30.1,57.5,0.9,35.3,9.2,47.1,58
2024-04-20,Chennai,Tamil Nadu,13.0827,80.2707,30.3,68.0,55.6,93.2,0.83,26.8,5.7,44.3,93
2024-04-21,Chennai,Tamil Nadu,13.0827,80.2707,29.5,70.5,63.7,118.5,1.51,35.4,11.0,32.6,112
2024-04-22,Chennai,Tamil Nadu,13.0827,80.2707,32.0,70.9,28.9,48.5,0.9,23.9,9.7,54.9,48
2024-04-23,Chennai,Tamil Nadu,13.0827,80.2707,32.3,65.1,52.6,83.0,0.73,32.3,7.6,54.6,88
2024-04-24,Chennai,Tamil Nadu,13.0827,80.2707,30.5,78.5,43.1,83.6,0.92,28.1,10.8,54.0,84
2024-04-25,Chennai,Tamil Nadu,13.0827,80.2707,30.6,74.7,37.8,59.0,1.0,26.5,3.8,59.7,63
2024-04-26,Chennai,Tamil Nadu,13.0827,80.2707,29.4,75.7,41.1,63.8,1.21,19.2,9.6,53.6,68
2024-04-27,Chennai,Tamil Nadu,13.0827,80.2707,31.9,65.5,43.8,64.0,0.92,43.5,13.5,44.8,73
2024-04-28,Chennai,Tamil Nadu,13.0827,80.2707,34.0,65.2,50.6,93.1,0.67,34.1,9.4,49.3,93
2024-04-29,Chennai,Tamil Nadu,13.0827,80.2707,34.2,69.5,49.5,92.8,1.27,30.1,7.0,59.4,93
2024-04-30,Chennai,Tamil Nadu,13.0827,80.2707,30.7,76.0,27.5,46.9,0.88,33.9,3.9,52.5,47
2024-05-01,Chennai,Tamil Nadu,13.0827,80.2707,35.5,73.9,32.8,49.3,0.53,18.1,9.8,56.4,55
2024-05-02,Chennai,Tamil Nadu,13.0827,80.2707,31.4,65.0,38.2,63.0,0.98,31.4,11.8,42.4,64
2024-05-03,Chennai,Tamil Nadu,13.0827,80.2707,30.3,75.2,52.2,83.8,1.15,27.4,10.0,42.1,87
2024-05-04,Chennai,Tamil Nadu,13.0827,80.2707,29.8,63.7,20.0,29.9,0.67,22.8,6.2,53.4,33
2024-05-05,Chennai,Tamil Nadu,13.0827,80.2707,30.5,66.0,31.5,49.6,0.73,26.6,2.7,33.0,52
2024-05-06,Chennai,Tamil Nadu,13.0827,80.2707,33.1,71.7,25.4,43.8,0.69,8.1,8.4,34.7,44
2024-05-07,Chennai,Tamil Nadu,13.0827,80.2707,32.2,62.5,25.9,40.5,0.74,13.7,6.0,57.4,43
2024-05-08,Chennai,Tamil Nadu,13.0827,80.2707,31.6,64.0,43.0,72.8,1.03,37.3,7.5,45.0,73
2024-05-09,Chennai,Tamil Nadu,13.0827,80.2707,31.4,81.7,30.3,42.0,0.96,22.2,13.3,53.9,50
2024-05-10,Chennai,Tamil Nadu,13.0827,80.2707,31.0,80.5,20.1,38.3,0.4,32.4,2.2,63.3,38
2024-05-11,Chennai,Tamil Nadu,13.0827,80.2707,31.5,87.0,32.0,50.9,0.89,32.1,3.6,42.1,53
2024-05-12,Chennai,Tamil Nadu,13.0827,80.2707,35.1,74.2,51.1,91.0,1.14,29.0,10.8,40.6,91
2024-05-13,Chennai,Tamil Nadu,13.0827,80.2707,36.6,75.7,21.6,36.3,0.77,19.1,6.6,57.2,36
2024-05-14,Chennai,Tamil Nadu,13.0827,80.2707,36.8,70.2,35.6,60.8,0.83,35.3,7.3,52.9,61
2024-05-15,Chennai,Tamil Nadu,13.0827,80.2707,34.8,68.9,44.0,65.1,1.2,40.7,10.3,54.1,73
2024-05-16,Chennai,Tamil Nadu,13.0827,80.2707,32.8,77.6,30.3,46.5,1.04,22.0,9.2,56.8,50
2024-05-17,Chennai,Tamil Nadu,13.0827,80.2707,32.6,81.2,46.0,70.8,0.96,37.9,6.8,53.2,77
2024-05-18,Chennai,Tamil Nadu,13.0827,80.2707,35.3,77.3,25.6,42.3,0.77,28.4,6.3,57.3,43
2024-05-19,Chennai,Tamil Nadu,13.0827,80.2707,33.6,66.0,39.9,73.8,1.06,34.0,9.3,61.2,74
2024-05-20,Chennai,Tamil Nadu,13.0827,80.2707,34.9,74.8,37.2,63.8,1.11,26.5,9.5,60.5,64
2024-05-21,Chennai,Tamil Nadu,13.0827,80.2707,37.8,66.8,27.8,42.1,0.69,18.9,9.7,59.2,46
2024-05-22,Chennai,Tamil Nadu,13.0827,80.2707,34.8,70.1,19.8,32.9,0.56,14.0,5.8,61.8,33
2024-05-23,Chennai,Tamil Nadu,13.0827,80.2707,38.6,84.0,21.5,35.3,0.78,13.1,8.8,50.3,36
2024-05-24,Chennai,Tamil Nadu,13.0827,80.2707,32.6,64.3,15.7,25.1,0.51,30.5,10.1,62.1,26
2024-05-25,Chennai,Tamil Nadu,13.0827,80.2707,35.6,88.1,29.3,48.3,0.53,23.4,8.5,57.1,49
2024-05-26,Chennai,Tamil Nadu,13.0827,80.2707,35.4,77.0,27.9,49.2,0.69,16.1,7.9,47.3,49
2024-05-27,Chennai,Tamil Nadu,13.0827,80.2707,33.2,70.1,25.0,38.5,0.84,28.0,7.3,50.3,42
2024-05-28,Chennai,Tamil Nadu,13.0827,80.2707,36.5,74.0,23.3,37.3,0.99,18.6,6.0,67.4,39
2024-05-29,Chennai,Tamil Nadu,13.0827,80.2707,38.0,69.0,31.5,56.6,0.74,20.2,5.7,54.4,57
2024-05-30,Chennai,Tamil Nadu,13.0827,80.2707,39.3,70.2,24.3,41.8,0.75,34.2,7.0,66.7,42
2024-05-31,Chennai,Tamil Nadu,13.0827,80.2707,36.2,74.8,19.6,36.1,0.74,12.3,8.9,66.0,36
2024-06-01,Chennai,Tamil Nadu,13.0827,80.2707,32.1,72.2,22.2,41.4,0.65,22.5,5.1,52.4,41
2024-06-02,Chennai,Tamil Nadu,13.0827,80.2707,36.5,68.3,32.8,47.4,0.75,20.9,8.4,51.2,55
2024-06-03,Chennai,Tamil Nadu,13.0827,80.2707,37.1,73.5,23.2,39.3,0.81,16.9,7.3,59.5,39
2024-06-04,Chennai,Tamil Nadu,13.0827,80.2707,35.5,66.2,18.0,28.3,0.52,11.0,12.8,46.7,30
2024-06-05,Chennai,Tamil Nadu,13.0827,80.2707,36.4,66.8,18.8,27.6,0.59,20.4,9.7,55.4,31
2024-06-06,Chennai,Tamil Nadu,13.0827,80.2707,35.2,67.0,20.2,31.0,0.69,15.2,9.7,48.5,34
2024-06-07,Chennai,Tamil Nadu,13.0827,80.2707,36.0,88.0,16.1,25.8,0.73,22.7,10.0,58.6,27
2024-06-08,Chennai,Tamil Nadu,13.0827,80.2707,38.2,79.5,15.2,24.3,0.44,18.6,5.6,52.4,25
2024-06-09,Chennai,Tamil Nadu,13.0827,80.2707,38.9,81.1,16.2,25.3,0.66,17.3,11.4,64.3,27
2024-06-10,Chennai,Tamil Nadu,13.0827,80.2707,34.3,77.4,21.8,35.9,0.55,15.8,8.2,64.7,36
2024-06-11,Chennai,Tamil Nadu,13.0827,80.2707,35.7,81.2,17.8,35.8,0.59,28.3,7.3,68.0,36
2024-06-12,Chennai,Tamil Nadu,13.0827,80.2707,33.9,86.2,13.0,18.1,0.76,22.6,3.4,46.0,22
2024-06-13,Chennai,Tamil Nadu,13.0827,80.2707,40.2,81.2,16.4,29.9,0.67,15.2,6.1,60.3,30
2024-06-14,Chennai,Tamil Nadu,13.0827,80.2707,38.5,90.2,12.9,21.2,0.89,10.0,1.7,70.2,22
2024-06-15,Chennai,Tamil Nadu,13.0827,80.2707,33.5,78.9,13.2,20.8,0.64,6.9,6.3,60.9,22
2024-06-16,Chennai,Tamil Nadu,13.0827,80.2707,37.1,83.7,12.2,16.4,0.78,24.7,5.2,56.1,20
2024-06-17,Chennai,Tamil Nadu,13.0827,80.2707,36.8,84.8,8.0,15.0,0.71,22.0,5.4,57.1,15
2024-06-18,Chennai,Tamil Nadu,13.0827,80.2707,36.0,73.7,8.0,15.0,0.59,22.8,2.5,60.5,15
2024-06-19,Chennai,Tamil Nadu,13.0827,80.2707,39.3,80.9,10.0,17.7,0.41,16.5,8.9,50.3,18
2024-06-20,Chennai,Tamil Nadu,13.0827,80.2707,39.4,68.1,8.0,15.3,0.57,21.4,8.4,69.4,15
2024-06-21,Chennai,Tamil Nadu,13.0827,80.2707,38.1,80.5,8.0,15.0,0.51,22.7,11.7,71.9,15
2024-06-22,Chennai,Tamil Nadu,13.0827,80.2707,36.6,79.8,8.0,15.0,0.5,16.1,11.6,57.6,15
2024-06-23,Chennai,Tamil Nadu,13.0827,80.2707,36.7,79.8,8.4,15.0,0.62,14.5,7.1,49.5,15
2024-06-24,Chennai,Tamil Nadu,13.0827,80.2707,38.0,79.7,8.0,15.0,0.37,10.7,9.7,74.3,15
2024-06-25,Chennai,Tamil Nadu,13.0827,80.2707,37.2,86.5,8.0,15.0,0.46,19.1,7.4,63.4,15
2024-06-26,Chennai,Tamil Nadu,13.0827,80.2707,38.1,77.1,8.0,15.0,0.44,19.9,5.4,68.8,15
2024-06-27,Chennai,Tamil Nadu,13.0827,80.2707,39.2,96.7,8.0,15.0,0.55,14.1,5.8,54.3,15
2024-06-28,Chennai,Tamil Nadu,13.0827,80.2707,35.5,88.0,8.0,15.0,0.47,14.8,8.6,48.4,15
2024-06-29,Chennai,Tamil Nadu,13.0827,80.2707,37.0,78.7,8.0,15.0,0.48,15.3,18.9,64.6,15
2024-06-30,Chennai,Tamil Nadu,13.0827,80.2707,38.3,89.2,8.0,15.0,0.61,21.3,10.1,71.7,15
2024-07-01,Chennai,Tamil Nadu,13.0827,80.2707,41.3,92.0,8.0,15.0,0.52,8.3,7.4,59.2,15
2024-07-02,Chennai,Tamil Nadu,13.0827,80.2707,40.0,87.9,8.0,15.0,0.59,9.9,8.1,65.4,15
2024-07-03,Chennai,Tamil Nadu,13.0827,80.2707,38.6,78.6,8.0,15.0,0.42,10.0,8.1,51.2,15
2024-07-04,Chennai,Tamil Nadu,13.0827,80.2707,39.4,98.0,8.0,15.0,0.46,15.7,6.4,59.6,15
2024-07-05,Chennai,Tamil Nadu,13.0827,80.2707,38.5,90.7,8.0,15.0,0.9,18.5,8.9,61.7,15
2024-07-06,Chennai,Tamil Nadu,13.0827,80.2707,40.7,77.7,8.0,15.0,0.48,10.1,6.2,71.2,15
2024-07-07,Chennai,Tamil Nadu,13.0827,80.2707,39.6,88.2,8.0,15.0,0.27,22.0,3.6,48.7,15
2024-07-08,Chennai,Tamil Nadu,13.0827,80.2707,41.1,85.4,8.0,15.0,0.64,25.3,8.1,78.6,15
2024-07-09,Chennai,Tamil Nadu,13.0827,80.2707,36.4,87.2,8.0,15.0,0.48,19.0,8.5,59.1,15
2024-07-10,Chennai,Tamil Nadu,13.0827,80.2707,37.4,78.9,8.0,15.0,0.63,23.3,6.2,72.5,15
2024-07-11,Chennai,Tamil Nadu,13.0827,80.2707,39.4,87.8,8.0,15.0,0.58,11.1,7.6,70.9,15
2024-07-12,Chennai,Tamil Nadu,13.0827,80.2707,39.8,81.8,8.0,15.0,0.67,11.2,9.5,72.7,15
2024-07-13,Chennai,Tamil Nadu,13.0827,80.2707,43.3,85.3,8.0,15.0,0.57,19.6,6.5,87.6,15
2024-07-14,Chennai,Tamil Nadu,13.0827,80.2707,35.7,90.5,8.0,15.0,0.55,16.3,5.3,53.1,15
2024-07-15,Chennai,Tamil Nadu,13.0827,80.2707,38.9,84.6,8.0,15.0,0.76,11.2,4.5,65.6,15
2024-07-16,Chennai,Tamil Nadu,13.0827,80.2707,38.9,85.9,8.0,15.0,0.26,25.1,5.9,56.4,15
2024-07-17,Chennai,Tamil Nadu,13.0827,80.2707,39.4,93.7,8.0,15.0,0.39,18.4,11.2,64.5,15
2024-07-18,Chennai,Tamil Nadu,13.0827,80.2707,42.1,81.8,8.0,15.0,0.47,20.8,6.0,75.3,15
2024-07-19,Chennai,Tamil Nadu,13.0827,80.2707,40.6,83.4,8.0,15.0,0.33,12.5,7.7,76.1,15
2024-07-20,Chennai,Tamil Nadu,13.0827,80.2707,36.1,79.2,8.0,15.0,0.52,26.6,5.7,56.9,15
2024-07-21,Chennai,Tamil Nadu,13.0827,80.2707,41.7,82.1,8.0,15.0,0.5,15.6,5.4,59.3,15
2024-07-22,Chennai,Tamil Nadu,13.0827,80.2707,41.6,88.7,8.0,15.0,0.74,22.7,4.0,69.4,15
2024-07-23,Chennai,Tamil Nadu,13.0827,80.2707,39.4,92.2,8.0,15.0,0.58,13.1,6.9,58.4,15
2024-07-24,Chennai,Tamil Nadu,13.0827,80.2707,36.0,82.0,8.0,15.0,0.56,17.6,5.1,55.1,15
2024-07-25,Chennai,Tamil Nadu,13.0827,80.2707,38.6,91.7,8.0,15.1,0.53,19.9,10.5,69.3,15
2024-07-26,Chennai,Tamil Nadu,13.0827,80.2707,39.7,88.0,8.0,15.0,0.43,28.5,6.3,69.5,15
2024-07-27,Chennai,Tamil Nadu,13.0827,80.2707,40.6,77.4,8.0,15.0,0.72,13.9,6.5,73.8,15
2024-07-28,Chennai,Tamil Nadu,13.0827,80.2707,35.5,88.1,8.0,15.0,0.77,17.8,6.1,56.4,15
2024-07-29,Chennai,Tamil Nadu,13.0827,80.2707,37.3,95.0,8.0,15.0,0.41,20.1,7.8,69.9,15
2024-07-30,Chennai,Tamil Nadu,13.0827,80.2707,40.6,73.2,8.0,15.0,0.83,8.1,11.1,67.3,15
2024-07-31,Chennai,Tamil Nadu,13.0827,80.2707,41.3,98.0,8.0,15.2,0.49,4.0,3.5,65.9,15
2024-08-01,Chennai,Tamil Nadu,13.0827,80.2707,39.3,81.7,8.0,15.0,0.48,10.6,7.5,56.2,15
2024-08-02,Chennai,Tamil Nadu,13.0827,80.2707,40.5,74.1,8.0,15.0,0.66,22.4,1.9,50.3,15
2024-08-03,Chennai,Tamil Nadu,13.0827,80.2707,39.2,86.3,8.0,15.0,0.67,26.9,10.3,52.4,15
2024-08-04,Chennai,Tamil Nadu,13.0827,80.2707,40.0,90.8,8.0,15.0,0.58,11.0,6.3,67.9,15
2024-08-05,Chennai,Tamil Nadu,13.0827,80.2707,38.5,82.7,8.0,15.2,0.54,9.3,2.2,56.5,15
2024-08-06,Chennai,Tamil Nadu,13.0827,80.2707,39.0,86.5,8.0,15.0,0.76,25.8,2.8,51.4,15
2024-08-07,Chennai,Tamil Nadu,13.0827,80.2707,35.8,98.0,8.0,15.0,0.5,13.2,9.1,56.2,15
2024-08-08,Chennai,Tamil Nadu,13.0827,80.2707,39.3,85.1,8.0,15.0,0.58,14.3,1.6,67.2,15
2024-08-09,Chennai,Tamil Nadu,13.0827,80.2707,35.6,98.0,8.0,15.3,0.84,25.3,7.5,62.5,15
2024-08-10,Chennai,Tamil Nadu,13.0827,80.2707,39.1,91.8,8.5,15.0,0.39,24.5,5.4,64.4,15
2024-08-11,Chennai,Tamil Nadu,13.0827,80.2707,36.9,82.9,8.0,15.0,0.52,22.2,6.1,60.7,15
2024-08-12,Chennai,Tamil Nadu,13.0827,80.2707,38.2,84.2,9.1,15.3,0.75,6.6,4.7,59.0,15
2024-08-13,Chennai,Tamil Nadu,13.0827,80.2707,35.8,79.6,8.0,15.0,0.67,9.0,3.8,64.5,15
2024-08-14,Chennai,Tamil Nadu,13.0827,80.2707,36.5,83.2,12.6,22.7,0.77,24.8,5.5,58.7,23
2024-08-15,Chennai,Tamil Nadu,13.0827,80.2707,37.9,85.0,11.0,19.6,0.42,19.4,8.6,62.0,20
2024-08-16,Chennai,Tamil Nadu,13.0827,80.2707,38.5,77.8,13.0,17.5,0.69,13.5,6.2,71.7,22
2024-08-17,Chennai,Tamil Nadu,13.0827,80.2707,39.0,70.6,9.6,15.0,0.56,15.0,8.0,70.8,16
2024-08-18,Chennai,Tamil Nadu,13.0827,80.2707,34.9,89.1,19.3,29.0,1.05,26.8,6.8,55.4,32
2024-08-19,Chennai,Tamil Nadu,13.0827,80.2707,34.2,86.3,19.6,34.5,0.84,29.4,9.4,53.1,34
2024-08-20,Chennai,Tamil Nadu,13.0827,80.2707,35.0,69.2,14.7,22.5,0.66,18.7,8.4,54.8,24
2024-08-21,Chennai,Tamil Nadu,13.0827,80.2707,34.7,79.9,18.2,31.1,0.75,15.7,5.8,40.6,31
2024-08-22,Chennai,Tamil Nadu,13.0827,80.2707,39.3,85.6,13.8,22.4,0.66,16.8,4.2,73.3,23
2024-08-23,Chennai,Tamil Nadu,13.0827,80.2707,38.8,84.5,11.7,19.4,0.73,25.8,9.8,58.5,20
2024-08-24,Chennai,Tamil Nadu,13.0827,80.2707,34.5,72.8,19.3,33.3,0.59,28.1,5.1,63.1,33
2024-08-25,Chennai,Tamil Nadu,13.0827,80.2707,39.3,84.2,13.8,23.3,0.86,19.6,8.6,64.8,23
2024-08-26,Chennai,Tamil Nadu,13.0827,80.2707,38.4,77.1,23.5,38.7,0.56,18.3,8.0,73.2,39
2024-08-27,Chennai,Tamil Nadu,13.0827,80.2707,33.0,79.3,23.1,39.2,0.79,27.9,6.5,57.7,39
2024-08-28,Chennai,Tamil Nadu,13.0827,80.2707,34.0,69.9,20.0,33.7,0.6,30.1,8.9,62.7,34
2024-08-29,Chennai,Tamil Nadu,13.0827,80.2707,32.7,46.2,20.5,33.2,0.73,11.8,11.7,48.6,34
2024-08-30,Chennai,Tamil Nadu,13.0827,80.2707,35.4,70.2,25.3,40.2,0.93,20.7,9.9,46.9,42
2024-08-31,Chennai,Tamil Nadu,13.0827,80.2707,35.5,79.1,22.4,43.2,0.49,28.1,8.2,58.7,43
2024-09-01,Chennai,Tamil Nadu,13.0827,80.2707,35.4,73.6,19.9,31.5,0.7,20.8,12.5,42.3,33
2024-09-02,Chennai,Tamil Nadu,13.0827,80.2707,31.6,79.3,16.0,29.8,0.46,16.2,2.3,48.2,30
2024-09-03,Chennai,Tamil Nadu,13.0827,80.2707,32.5,82.3,28.5,44.0,0.77,24.2,4.9,42.7,48
2024-09-04,Chennai,Tamil Nadu,13.0827,80.2707,35.5,72.0,25.7,45.5,0.57,24.4,6.7,50.4,46
2024-09-05,Chennai,Tamil Nadu,13.0827,80.2707,36.0,71.0,44.6,85.6,1.02,21.5,13.8,60.9,86
2024-09-06,Chennai,Tamil Nadu,13.0827,80.2707,31.1,58.5,24.5,39.1,0.71,22.4,10.8,54.6,41
2024-09-07,Chennai,Tamil Nadu,13.0827,80.2707,32.3,62.7,27.4,42.4,0.92,25.0,3.0,50.7,46
2024-09-08,Chennai,Tamil Nadu,13.0827,80.2707,36.3,63.9,28.2,44.7,1.0,20.1,6.9,60.9,47
2024-09-09,Chennai,Tamil Nadu,13.0827,80.2707,32.2,77.0,31.0,51.0,0.85,19.2,4.5,47.1,52
2024-09-10,Chennai,Tamil Nadu,13.0827,80.2707,34.2,70.7,22.2,37.7,0.88,17.9,7.7,75.0,38
2024-09-11,Chennai,Tamil Nadu,13.0827,80.2707,31.8,69.0,27.5,45.3,1.01,17.0,10.9,53.5,46
2024-09-12,Chennai,Tamil Nadu,13.0827,80.2707,35.5,68.0,34.3,54.5,0.74,30.1,11.7,51.7,57
2024-09-13,Chennai,Tamil Nadu,13.0827,80.2707,30.3,66.9,27.1,52.7,1.02,16.8,9.0,55.7,53
2024-09-14,Chennai,Tamil Nadu,13.0827,80.2707,33.2,78.7,35.4,57.4,0.89,26.5,7.6,62.6,59
2024-09-15,Chennai,Tamil Nadu,13.0827,80.2707,35.3,72.7,31.0,48.2,0.7,21.7,8.2,50.3,52
2024-09-16,Chennai,Tamil Nadu,13.0827,80.2707,34.6,78.8,33.7,59.9,0.92,20.6,10.7,43.7,60
2024-09-17,Chennai,Tamil Nadu,13.0827,80.2707,32.6,56.4,40.5,71.9,0.94,35.2,16.3,41.3,72
2024-09-18,Chennai,Tamil Nadu,13.0827,80.2707,32.0,75.4,30.4,56.6,0.63,22.9,4.9,45.9,57
2024-09-19,Chennai,Tamil Nadu,13.0827,80.2707,32.8,68.1,23.6,45.8,0.6,17.5,12.7,52.6,46
2024-09-20,Chennai,Tamil Nadu,13.0827,80.2707,30.7,69.4,31.2,53.0,1.09,19.4,9.2,36.0,53
2024-09-21,Chennai,Tamil Nadu,13.0827,80.2707,32.7,80.8,28.0,45.0,0.85,25.0,10.7,49.2,47
2024-09-22,Chennai,Tamil Nadu,13.0827,80.2707,32.7,68.5,21.3,29.1,0.96,25.8,8.3,51.4,36
2024-09-23,Chennai,Tamil Nadu,13.0827,80.2707,31.9,74.5,33.8,51.0,0.81,32.4,12.9,53.3,56
2024-09-24,Chennai,Tamil Nadu,13.0827,80.2707,34.4,63.9,36.7,61.6,0.79,24.7,9.9,59.2,62
2024-09-25,Chennai,Tamil Nadu,13.0827,80.2707,30.5,71.2,44.6,65.6,0.74,26.9,7.6,50.6,74
2024-09-26,Chennai,Tamil Nadu,13.0827,80.2707,29.2,59.7,28.1,39.7,0.96,23.8,9.6,61.3,47
2024-09-27,Chennai,Tamil Nadu,13.0827,80.2707,31.2,70.4,37.3,61.9,0.98,26.9,12.4,58.0,62
2024-09-28,Chennai,Tamil Nadu,13.0827,80.2707,32.3,73.4,47.5,84.0,0.97,24.6,9.8,51.7,84
2024-09-29,Chennai,Tamil Nadu,13.0827,80.2707,31.8,78.4,33.1,53.4,0.75,33.4,2.4,42.7,55
2024-09-30,Chennai,Tamil Nadu,13.0827,80.2707,31.6,64.9,42.8,76.4,1.14,27.8,9.1,43.8,76
2024-10-01,Chennai,Tamil Nadu,13.0827,80.2707,29.7,66.8,54.8,95.4,1.08,34.7,10.7,33.6,95
2024-10-02,Chennai,Tamil Nadu,13.0827,80.2707,29.8,66.0,25.9,47.2,0.76,24.8,7.9,49.3,47
2024-10-03,Chennai,Tamil Nadu,13.0827,80.2707,30.6,68.7,41.9,82.8,0.88,29.8,7.9,50.4,83
2024-10-04,Chennai,Tamil Nadu,13.0827,80.2707,30.3,63.7,51.6,105.4,1.01,24.5,14.1,53.5,104
2024-10-05,Chennai,Tamil Nadu,13.0827,80.2707,33.2,55.3,37.4,65.8,1.0,25.9,1.9,54.5,66
2024-10-06,Chennai,Tamil Nadu,13.0827,80.2707,31.6,63.0,55.5,87.7,0.9,45.4,10.7,56.4,92
2024-10-07,Chennai,Tamil Nadu,13.0827,80.2707,30.0,70.0,47.5,78.9,1.04,38.7,10.1,54.9,79
2024-10-08,Chennai,Tamil Nadu,13.0827,80.2707,32.8,69.2,61.7,116.3,1.33,34.7,17.2,41.1,111
2024-10-09,Chennai,Tamil Nadu,13.0827,80.2707,31.5,74.1,48.0,72.8,1.02,27.2,9.8,44.5,80
2024-10-10,Chennai,Tamil Nadu,13.0827,80.2707,28.2,76.1,64.2,119.9,1.37,21.2,12.5,41.5,114
2024-10-11,Chennai,Tamil Nadu,13.0827,80.2707,24.6,67.0,46.1,74.9,1.21,25.8,10.1,32.2,77
2024-10-12,Chennai,Tamil Nadu,13.0827,80.2707,28.0,59.1,32.3,54.4,0.99,23.9,8.9,42.6,54
2024-10-13,Chennai,Tamil Nadu,13.0827,80.2707,31.3,73.0,38.3,58.6,0.85,24.4,14.4,51.7,64
2024-10-14,Chennai,Tamil Nadu,13.0827,80.2707,31.7,70.1,55.7,80.8,1.11,30.3,7.1,47.2,93
2024-10-15,Chennai,Tamil Nadu,13.0827,80.2707,27.0,68.3,56.0,90.0,1.17,35.7,8.5,40.6,93
2024-10-16,Chennai,Tamil Nadu,13.0827,80.2707,31.0,78.7,42.4,78.2,0.9,21.6,11.7,40.9,78
2024-10-17,Chennai,Tamil Nadu,13.0827,80.2707,30.9,73.3,68.2,105.3,1.18,37.4,12.2,49.6,127
2024-10-18,Chennai,Tamil Nadu,13.0827,80.2707,32.1,71.0,42.8,81.0,0.89,27.0,8.6,53.6,81
2024-10-19,Chennai,Tamil Nadu,13.0827,80.2707,31.2,71.2,51.7,80.9,1.46,25.3,9.9,41.7,86
2024-10-20,Chennai,Tamil Nadu,13.0827,80.2707,31.8,76.0,51.9,77.3,1.04,40.6,12.9,38.4,86
2024-10-21,Chennai,Tamil Nadu,13.0827,80.2707,30.1,65.2,35.5,59.9,1.05,29.8,10.3,57.5,60
2024-10-22,Chennai,Tamil Nadu,13.0827,80.2707,30.0,63.9,46.9,82.1,0.89,24.3,7.6,60.2,82
2024-10-23,Chennai,Tamil Nadu,13.0827,80.2707,28.4,68.4,81.8,137.2,1.66,43.3,13.3,42.2,173
2024-10-24,Chennai,Tamil Nadu,13.0827,80.2707,30.4,61.8,39.9,66.7,0.89,18.4,9.0,44.7,67
2024-10-25,Chennai,Tamil Nadu,13.0827,80.2707,26.4,69.7,56.6,106.9,1.14,28.1,11.9,47.9,105
2024-10-26,Chennai,Tamil Nadu,13.0827,80.2707,28.4,70.7,38.6,64.2,0.65,34.3,8.1,48.4,64
2024-10-27,Chennai,Tamil Nadu,13.0827,80.2707,29.5,69.5,40.8,64.5,1.12,29.2,5.6,44.4,68
2024-10-28,Chennai,Tamil Nadu,13.0827,80.2707,31.0,67.5,37.0,54.8,1.11,27.5,11.0,56.6,62
2024-10-29,Chennai,Tamil Nadu,13.0827,80.2707,27.4,81.6,62.7,115.4,1.02,40.0,12.7,34.2,110
2024-10-30,Chennai,Tamil Nadu,13.0827,80.2707,29.9,76.6,42.4,67.3,1.15,31.2,13.6,41.1,71
2024-10-31,Chennai,Tamil Nadu,13.0827,80.2707,27.7,69.3,68.5,109.6,1.06,34.3,7.5,43.4,128
2024-11-01,Chennai,Tamil Nadu,13.0827,80.2707,29.7,70.7,46.5,84.0,1.11,34.5,9.5,46.8,84
2024-11-02,Chennai,Tamil Nadu,13.0827,80.2707,26.4,79.6,54.1,106.0,1.06,21.2,9.6,44.9,104
2024-11-03,Chennai,Tamil Nadu,13.0827,80.2707,29.0,65.9,58.1,98.0,1.35,28.6,9.5,53.2,98
2024-11-04,Chennai,Tamil Nadu,13.0827,80.2707,27.4,63.3,37.4,61.0,0.95,25.4,4.4,30.7,62
2024-11-05,Chennai,Tamil Nadu,13.0827,80.2707,25.4,71.6,56.3,92.9,1.27,35.3,7.3,38.3,94
2024-11-06,Chennai,Tamil Nadu,13.0827,80.2707,27.1,72.9,58.6,92.7,1.34,30.8,11.5,55.7,98
2024-11-07,Chennai,Tamil Nadu,13.0827,80.2707,29.7,73.4,70.2,112.1,1.24,25.8,10.1,38.7,134
2024-11-08,Chennai,Tamil Nadu,13.0827,80.2707,25.3,75.8,44.6,71.2,0.99,16.7,7.1,33.4,74
2024-11-09,Chennai,Tamil Nadu,13.0827,80.2707,24.4,64.9,46.3,82.7,0.85,28.4,14.0,19.5,83
2024-11-10,Chennai,Tamil Nadu,13.0827,80.2707,27.7,60.1,64.5,105.6,1.17,31.8,18.3,41.6,115
2024-11-11,Chennai,Tamil Nadu,13.0827,80.2707,23.8,65.9,76.7,142.1,1.64,33.1,12.0,38.1,156
2024-11-12,Chennai,Tamil Nadu,13.0827,80.2707,29.5,74.1,49.7,81.1,1.17,23.4,5.5,49.9,83
2024-11-13,Chennai,Tamil Nadu,13.0827,80.2707,29.4,63.5,43.4,69.2,0.83,28.7,10.7,37.4,72
2024-11-14,Chennai,Tamil Nadu,13.0827,80.2707,28.4,56.5,53.5,98.4,1.34,38.9,4.0,43.0,98
2024-11-15,Chennai,Tamil Nadu,13.0827,80.2707,26.4,71.0,46.2,76.3,1.07,29.6,5.6,42.4,77
2024-11-16,Chennai,Tamil Nadu,13.0827,80.2707,29.3,66.0,63.4,103.3,1.33,42.2,12.3,44.0,111
2024-11-17,Chennai,Tamil Nadu,13.0827,80.2707,28.6,57.9,46.1,76.2,1.09,26.5,5.5,35.4,77
2024-11-18,Chennai,Tamil Nadu,13.0827,80.2707,25.1,70.5,72.8,136.1,1.37,40.0,10.9,36.6,143
2024-11-19,Chennai,Tamil Nadu,13.0827,80.2707,28.6,67.3,61.9,105.0,0.89,41.9,6.5,36.0,106
2024-11-20,Chennai,Tamil Nadu,13.0827,80.2707,24.3,81.7,74.2,136.3,1.49,36.8,12.1,19.4,147
2024-11-21,Chennai,Tamil Nadu,13.0827,80.2707,25.5,70.6,35.1,56.7,0.55,25.4,12.2,45.7,58
2024-11-22,Chennai,Tamil Nadu,13.0827,80.2707,22.5,74.1,40.9,74.1,1.11,24.8,7.4,36.0,74
2024-11-23,Chennai,Tamil Nadu,13.0827,80.2707,25.9,69.9,80.4,135.5,1.41,43.3,12.4,41.1,168
2024-11-24,Chennai,Tamil Nadu,13.0827,80.2707,25.0,65.8,51.9,92.5,1.2,36.0,7.7,33.5,92
2024-11-25,Chennai,Tamil Nadu,13.0827,80.2707,24.6,66.6,44.3,79.5,1.02,30.3,7.3,43.0,80
2024-11-26,Chennai,Tamil Nadu,13.0827,80.2707,25.0,77.6,58.8,88.7,1.31,31.4,8.2,45.4,98
2024-11-27,Chennai,Tamil Nadu,13.0827,80.2707,24.2,75.2,65.2,108.2,1.23,25.9,13.6,49.3,117
2024-11-28,Chennai,Tamil Nadu,13.0827,80.2707,25.2,59.6,60.0,107.5,1.21,32.9,6.6,43.9,105
2024-11-29,Chennai,Tamil Nadu,13.0827,80.2707,27.4,61.3,69.2,125.7,1.33,35.0,10.5,43.0,131
2024-11-30,Chennai,Tamil Nadu,13.0827,80.2707,23.1,61.6,67.4,124.0,1.53,37.0,12.6,22.2,125
2024-12-01,Chennai,Tamil Nadu,13.0827,80.2707,26.5,77.4,67.0,111.6,1.33,36.1,14.1,37.8,123
2024-12-02,Chennai,Tamil Nadu,13.0827,80.2707,25.2,57.9,85.1,160.1,1.25,50.7,14.1,23.5,184
2024-12-03,Chennai,Tamil Nadu,13.0827,80.2707,25.4,75.5,63.4,98.3,1.12,30.1,10.9,30.8,111
2024-12-04,Chennai,Tamil Nadu,13.0827,80.2707,24.6,72.8,63.2,90.1,1.29,24.8,9.4,51.7,111
2024-12-05,Chennai,Tamil Nadu,13.0827,80.2707,23.3,71.0,76.5,123.0,1.54,31.6,14.9,24.5,155
2024-12-06,Chennai,Tamil Nadu,13.0827,80.2707,25.3,66.7,72.7,133.0,1.2,33.5,9.2,17.5,142
2024-12-07,Chennai,Tamil Nadu,13.0827,80.2707,25.4,78.3,53.0,78.8,1.42,37.5,7.7,44.8,88
2024-12-08,Chennai,Tamil Nadu,13.0827,80.2707,22.9,70.8,63.6,90.9,1.23,26.6,15.1,27.9,112
2024-12-09,Chennai,Tamil Nadu,13.0827,80.2707,21.9,59.9,71.7,99.9,1.36,30.0,12.8,37.0,139
2024-12-10,Chennai,Tamil Nadu,13.0827,80.2707,24.4,61.5,57.5,101.2,0.95,34.9,11.8,26.9,101
2024-12-11,Chennai,Tamil Nadu,13.0827,80.2707,25.5,58.5,58.3,83.5,1.31,37.7,12.5,34.6,97
2024-12-12,Chennai,Tamil Nadu,13.0827,80.2707,25.9,78.4,48.5,84.0,0.97,20.2,9.6,49.2,84
2024-12-13,Chennai,Tamil Nadu,13.0827,80.2707,26.2,80.0,35.1,56.1,0.78,14.6,4.5,30.8,58
2024-12-14,Chennai,Tamil Nadu,13.0827,80.2707,24.6,77.6,61.1,93.7,1.13,28.8,11.6,35.0,104
2024-12-15,Chennai,Tamil Nadu,13.0827,80.2707,23.4,69.0,68.4,102.6,1.47,39.8,11.4,36.0,128
2024-12-16,Chennai,Tamil Nadu,13.0827,80.2707,23.9,60.0,52.4,88.1,1.15,31.6,7.6,30.2,88
2024-12-17,Chennai,Tamil Nadu,13.0827,80.2707,21.6,62.6,90.6,139.3,1.37,38.5,10.0,30.4,202
2024-12-18,Chennai,Tamil Nadu,13.0827,80.2707,22.5,63.1,53.3,87.9,1.01,35.5,10.1,33.8,89
2024-12-19,Chennai,Tamil Nadu,13.0827,80.2707,23.6,69.7,82.3,140.7,1.63,41.1,8.5,36.8,174
2024-12-20,Chennai,Tamil Nadu,13.0827,80.2707,23.2,79.7,74.0,128.9,1.29,37.0,11.5,47.4,147
2024-12-21,Chennai,Tamil Nadu,13.0827,80.2707,23.8,79.7,109.2,195.5,1.8,39.3,13.9,51.5,264
2024-12-22,Chennai,Tamil Nadu,13.0827,80.2707,21.1,66.6,76.4,127.9,1.47,33.8,11.8,32.8,155
2024-12-23,Chennai,Tamil Nadu,13.0827,80.2707,21.4,54.3,49.5,73.8,0.54,41.6,11.2,31.4,82
2024-12-24,Chennai,Tamil Nadu,13.0827,80.2707,24.8,61.8,85.9,147.8,1.64,39.5,14.7,37.7,186
2024-12-25,Chennai,Tamil Nadu,13.0827,80.2707,21.9,78.3,99.2,173.5,1.47,40.0,11.8,26.3,231
2024-12-26,Chennai,Tamil Nadu,13.0827,80.2707,22.2,71.6,46.3,75.2,0.96,26.5,12.3,21.1,77
2024-12-27,Chennai,Tamil Nadu,13.0827,80.2707,23.5,67.5,78.9,126.8,1.61,40.0,11.7,32.3,163
2024-12-28,Chennai,Tamil Nadu,13.0827,80.2707,21.6,67.0,83.0,167.8,1.64,45.9,17.9,38.0,177
2024-12-29,Chennai,Tamil Nadu,13.0827,80.2707,25.3,64.7,65.7,95.6,1.3,38.7,9.5,25.1,119
2024-12-30,Chennai,Tamil Nadu,13.0827,80.2707,21.0,61.6,40.5,69.8,1.06,22.9,4.4,24.6,70
2024-12-31,Chennai,Tamil Nadu,13.0827,80.2707,23.2,84.5,64.7,116.9,1.37,42.3,13.7,29.0,116
2025-01-01,Chennai,Tamil Nadu,13.0827,80.2707,21.9,82.0,60.8,97.1,1.39,38.3,12.1,34.9,103
2025-01-02,Chennai,Tamil Nadu,13.0827,80.2707,23.5,64.2,96.8,157.3,1.81,42.3,17.3,49.9,223
2025-01-03,Chennai,Tamil Nadu,13.0827,80.2707,22.3,57.7,67.9,107.9,1.27,35.0,12.4,25.3,126
2025-01-04,Chennai,Tamil Nadu,13.0827,80.2707,23.1,71.2,63.3,104.4,1.09,37.9,18.1,34.3,111
2025-01-05,Chennai,Tamil Nadu,13.0827,80.2707,25.3,69.0,61.0,108.9,1.14,40.0,10.3,37.4,106
2025-01-06,Chennai,Tamil Nadu,13.0827,80.2707,21.8,74.4,74.6,120.9,1.35,28.8,15.1,28.1,149
2025-01-07,Chennai,Tamil Nadu,13.0827,80.2707,21.8,76.0,70.4,149.0,1.27,36.9,10.1,30.5,135
2025-01-08,Chennai,Tamil Nadu,13.0827,80.2707,22.5,61.8,58.5,92.5,1.0,32.5,12.2,29.4,98
2025-01-09,Chennai,Tamil Nadu,13.0827,80.2707,25.7,79.0,73.8,137.0,1.39,34.2,13.9,58.7,146
2025-01-10,Chennai,Tamil Nadu,13.0827,80.2707,22.9,67.5,61.6,106.7,0.95,30.3,13.4,39.4,105
2025-01-11,Chennai,Tamil Nadu,13.0827,80.2707,25.2,74.3,39.4,65.7,0.95,32.9,11.5,35.8,66
2025-01-12,Chennai,Tamil Nadu,13.0827,80.2707,22.7,68.2,80.8,151.1,1.42,43.0,2.8,40.7,169
2025-01-13,Chennai,Tamil Nadu,13.0827,80.2707,25.1,76.5,79.1,111.5,1.4,52.0,12.1,37.4,164
2025-01-14,Chennai,Tamil Nadu,13.0827,80.2707,23.7,53.5,72.9,124.9,1.44,33.9,10.1,34.2,143
2025-01-15,Chennai,Tamil Nadu,13.0827,80.2707,24.0,75.2,63.3,97.6,1.31,35.1,9.9,33.6,111
2025-01-16,Chennai,Tamil Nadu,13.0827,80.2707,20.4,64.2,68.6,108.8,1.6,37.8,10.6,26.8,129
2025-01-17,Chennai,Tamil Nadu,13.0827,80.2707,20.2,70.5,83.5,131.7,1.35,46.1,15.6,17.1,178
2025-01-18,Chennai,Tamil Nadu,13.0827,80.2707,24.9,78.7,60.7,91.3,1.22,41.6,11.5,23.4,102
2025-01-19,Chennai,Tamil Nadu,13.0827,80.2707,24.9,64.4,84.2,118.1,1.47,41.5,11.2,37.4,181
2025-01-20,Chennai,Tamil Nadu,13.0827,80.2707,27.4,63.3,50.4,86.0,1.08,23.5,5.6,40.2,86
2025-01-21,Chennai,Tamil Nadu,13.0827,80.2707,20.4,67.4,72.2,118.5,1.11,32.9,16.4,35.4,141
2025-01-22,Chennai,Tamil Nadu,13.0827,80.2707,23.9,67.0,70.0,112.3,1.1,37.2,9.7,27.2,133
2025-01-23,Chennai,Tamil Nadu,13.0827,80.2707,21.2,62.6,86.7,152.9,1.46,48.5,12.5,19.5,189
2025-01-24,Chennai,Tamil Nadu,13.0827,80.2707,21.8,70.7,56.7,97.5,0.89,23.5,17.0,38.3,98
2025-01-25,Chennai,Tamil Nadu,13.0827,80.2707,22.2,71.1,58.1,93.5,1.09,25.6,8.8,30.4,97
2025-01-26,Chennai,Tamil Nadu,13.0827,80.2707,23.8,73.2,51.0,107.5,0.97,34.9,9.3,42.8,105
2025-01-27,Chennai,Tamil Nadu,13.0827,80.2707,22.0,64.3,61.1,110.2,1.13,25.8,11.6,32.3,107
2025-01-28,Chennai,Tamil Nadu,13.0827,80.2707,23.2,63.4,73.1,147.5,1.48,30.7,7.0,47.9,144
2025-01-29,Chennai,Tamil Nadu,13.0827,80.2707,24.7,69.2,46.5,73.8,0.85,35.7,4.6,43.9,78
2025-01-30,Chennai,Tamil Nadu,13.0827,80.2707,25.3,68.3,62.5,105.5,1.33,32.7,9.6,40.4,108
2025-01-31,Chennai,Tamil Nadu,13.0827,80.2707,24.5,68.4,78.7,115.3,1.29,37.4,11.0,40.7,162
2025-02-01,Chennai,Tamil Nadu,13.0827,80.2707,24.1,65.0,67.2,107.5,1.18,43.7,11.8,32.7,124
2025-02-02,Chennai,Tamil Nadu,13.0827,80.2707,23.1,72.3,69.7,108.9,1.34,29.9,8.6,19.8,132
2025-02-03,Chennai,Tamil Nadu,13.0827,80.2707,22.3,63.4,49.1,103.2,1.0,22.1,11.2,36.7,102
2025-02-04,Chennai,Tamil Nadu,13.0827,80.2707,24.4,69.1,66.8,103.3,1.11,45.2,4.9,50.9,123
2025-02-05,Chennai,Tamil Nadu,13.0827,80.2707,21.6,67.9,68.6,110.8,1.21,37.3,11.3,12.3,129
2025-02-06,Chennai,Tamil Nadu,13.0827,80.2707,23.7,69.8,65.6,93.9,0.96,39.1,12.3,38.1,119
2025-02-07,Chennai,Tamil Nadu,13.0827,80.2707,21.6,78.3,70.2,121.4,1.34,34.6,12.6,18.3,134
2025-02-08,Chennai,Tamil Nadu,13.0827,80.2707,23.5,60.8,63.2,95.8,0.74,33.6,10.6,34.1,111
2025-02-09,Chennai,Tamil Nadu,13.0827,80.2707,21.7,53.3,61.1,109.1,1.31,29.3,8.9,32.3,106
2025-02-10,Chennai,Tamil Nadu,13.0827,80.2707,23.0,65.8,53.5,74.0,1.19,33.0,9.7,40.4,89
2025-02-11,Chennai,Tamil Nadu,13.0827,80.2707,22.5,61.9,83.2,135.7,1.66,45.6,16.4,32.4,177
2025-02-12,Chennai,Tamil Nadu,13.0827,80.2707,22.4,48.9,51.1,70.2,1.4,31.5,8.3,44.7,85
2025-02-13,Chennai,Tamil Nadu,13.0827,80.2707,23.7,82.2,69.1,108.9,1.41,42.5,14.5,43.3,130
2025-02-14,Chennai,Tamil Nadu,13.0827,80.2707,19.6,73.9,99.1,159.3,1.51,49.7,17.3,22.8,230
2025-02-15,Chennai,Tamil Nadu,13.0827,80.2707,20.7,74.7,84.5,131.8,1.76,34.7,7.6,36.5,182
2025-02-16,Chennai,Tamil Nadu,13.0827,80.2707,25.5,68.0,73.9,116.4,1.14,36.8,11.5,33.9,146
2025-02-17,Chennai,Tamil Nadu,13.0827,80.2707,24.4,72.9,69.6,124.9,0.99,33.6,8.6,31.1,132
2025-02-18,Chennai,Tamil Nadu,13.0827,80.2707,22.9,67.0,63.8,126.1,1.49,38.9,6.6,23.6,117
2025-02-19,Chennai,Tamil Nadu,13.0827,80.2707,26.0,75.7,53.6,91.2,1.19,33.9,12.7,49.7,91
2025-02-20,Chennai,Tamil Nadu,13.0827,80.2707,23.2,71.3,61.6,93.7,0.9,34.5,12.3,31.5,105
2025-02-21,Chennai,Tamil Nadu,13.0827,80.2707,23.3,69.7,73.6,122.2,1.11,43.6,12.7,13.6,145
2025-02-22,Chennai,Tamil Nadu,13.0827,80.2707,23.0,70.3,70.4,112.5,1.37,25.3,8.4,37.1,135
2025-02-23,Chennai,Tamil Nadu,13.0827,80.2707,28.0,80.3,76.6,136.6,1.22,34.9,12.8,36.6,155
2025-02-24,Chennai,Tamil Nadu,13.0827,80.2707,25.0,71.2,83.8,142.0,1.32,37.7,8.8,32.3,179
2025-02-25,Chennai,Tamil Nadu,13.0827,80.2707,25.0,62.8,61.7,87.1,1.48,35.2,11.2,35.0,106
2025-02-26,Chennai,Tamil Nadu,13.0827,80.2707,25.6,72.4,66.3,120.3,1.56,38.5,9.3,34.6,121
2025-02-27,Chennai,Tamil Nadu,13.0827,80.2707,21.5,73.4,41.7,74.8,0.98,27.3,12.5,55.1,75
2025-02-28,Chennai,Tamil Nadu,13.0827,80.2707,23.8,69.0,103.5,193.9,1.63,39.2,13.2,44.1,245
2025-03-01,Chennai,Tamil Nadu,13.0827,80.2707,25.8,69.6,57.2,90.0,1.27,34.8,11.3,44.2,95
2025-03-02,Chennai,Tamil Nadu,13.0827,80.2707,25.1,62.5,72.0,122.1,1.22,37.8,12.5,37.8,140
2025-03-03,Chennai,Tamil Nadu,13.0827,80.2707,29.1,70.7,56.7,83.4,0.8,23.3,10.3,53.0,94
2025-03-04,Chennai,Tamil Nadu,13.0827,80.2707,24.3,61.5,56.1,92.1,0.71,30.2,10.8,38.2,94
2025-03-05,Chennai,Tamil Nadu,13.0827,80.2707,27.0,68.2,58.3,99.7,1.14,34.9,11.6,47.0,100
2025-03-06,Chennai,Tamil Nadu,13.0827,80.2707,26.9,65.3,46.5,72.3,1.15,38.8,7.0,45.8,78
2025-03-07,Chennai,Tamil Nadu,13.0827,80.2707,25.8,76.9,35.2,59.9,0.89,18.7,10.0,41.8,60
2025-03-08,Chennai,Tamil Nadu,13.0827,80.2707,26.2,80.8,78.1,130.8,1.49,43.7,14.8,44.6,160
2025-03-09,Chennai,Tamil Nadu,13.0827,80.2707,25.2,62.0,67.8,107.3,1.39,29.2,12.6,33.2,126
2025-03-10,Chennai,Tamil Nadu,13.0827,80.2707,22.3,70.0,48.9,90.9,1.25,22.0,8.8,34.2,91
2025-03-11,Chennai,Tamil Nadu,13.0827,80.2707,26.5,67.8,65.7,106.1,1.26,27.7,11.8,31.1,119
2025-03-12,Chennai,Tamil Nadu,13.0827,80.2707,26.8,73.3,70.9,118.3,1.33,40.3,10.6,31.8,136
2025-03-13,Chennai,Tamil Nadu,13.0827,80.2707,27.2,70.7,50.5,72.1,1.06,30.9,9.7,21.2,84
2025-03-14,Chennai,Tamil Nadu,13.0827,80.2707,26.3,67.3,63.9,110.5,1.17,32.6,7.6,42.4,113
2025-03-15,Chennai,Tamil Nadu,13.0827,80.2707,28.1,70.7,72.4,114.3,1.07,39.9,15.9,46.5,141
2025-03-16,Chennai,Tamil Nadu,13.0827,80.2707,24.9,68.5,42.0,75.4,1.14,27.7,15.2,47.2,75
2025-03-17,Chennai,Tamil Nadu,13.0827,80.2707,29.2,81.1,64.4,93.7,1.16,35.3,9.0,34.4,115
2025-03-18,Chennai,Tamil Nadu,13.0827,80.2707,24.8,64.4,61.7,105.8,1.12,31.9,13.3,40.1,106
2025-03-19,Chennai,Tamil Nadu,13.0827,80.2707,26.5,71.8,85.5,113.2,1.37,35.2,17.2,36.9,185
2025-03-20,Chennai,Tamil Nadu,13.0827,80.2707,28.1,73.6,63.5,110.7,1.0,44.5,8.2,47.4,112
2025-03-21,Chennai,Tamil Nadu,13.0827,80.2707,26.0,73.1,51.0,82.8,1.05,38.7,3.6,34.3,85
2025-03-22,Chennai,Tamil Nadu,13.0827,80.2707,28.4,67.9,51.9,88.8,1.15,40.2,14.7,40.6,89
2025-03-23,Chennai,Tamil Nadu,13.0827,80.2707,26.5,79.6,85.9,134.0,1.35,38.2,12.8,24.5,186
2025-03-24,Chennai,Tamil Nadu,13.0827,80.2707,27.5,55.4,50.5,76.2,1.22,26.1,8.5,36.2,84
2025-03-25,Chennai,Tamil Nadu,13.0827,80.2707,27.1,62.3,61.7,97.8,1.13,31.3,11.1,40.1,106
2025-03-26,Chennai,Tamil Nadu,13.0827,80.2707,26.5,74.6,51.1,85.8,0.84,36.8,9.0,41.6,86
2025-03-27,Chennai,Tamil Nadu,13.0827,80.2707,31.7,63.8,67.8,117.7,1.46,35.7,20.3,33.4,126
2025-03-28,Chennai,Tamil Nadu,13.0827,80.2707,26.2,63.4,68.0,115.3,1.29,32.5,9.8,34.0,127
2025-03-29,Chennai,Tamil Nadu,13.0827,80.2707,23.7,66.7,52.4,79.1,1.21,32.9,11.2,37.0,87
2025-03-30,Chennai,Tamil Nadu,13.0827,80.2707,26.5,64.5,47.8,92.0,1.16,24.9,13.7,51.9,92
2025-03-31,Chennai,Tamil Nadu,13.0827,80.2707,28.3,74.5,47.1,80.1,0.88,21.0,13.6,36.8,80
2025-04-01,Chennai,Tamil Nadu,13.0827,80.2707,27.5,76.3,35.2,54.7,0.81,26.0,12.1,47.4,59
2025-04-02,Chennai,Tamil Nadu,13.0827,80.2707,30.1,70.6,52.1,89.3,1.23,27.6,8.9,41.5,89
2025-04-03,Chennai,Tamil Nadu,13.0827,80.2707,30.2,77.4,51.5,86.9,1.35,30.4,9.7,42.6,87
2025-04-04,Chennai,Tamil Nadu,13.0827,80.2707,28.0,60.3,41.9,68.1,0.98,11.3,2.8,36.5,70
2025-04-05,Chennai,Tamil Nadu,13.0827,80.2707,25.6,70.5,33.2,53.4,0.78,19.3,8.4,32.3,55
2025-04-06,Chennai,Tamil Nadu,13.0827,80.2707,26.5,79.5,51.6,92.8,1.33,30.2,10.2,36.4,93
2025-04-07,Chennai,Tamil Nadu,13.0827,80.2707,28.8,76.9,52.6,100.4,0.99,21.7,12.4,52.3,100
2025-04-08,Chennai,Tamil Nadu,13.0827,80.2707,26.2,80.1,52.9,71.1,1.14,22.0,15.6,33.6,88
2025-04-09,Chennai,Tamil Nadu,13.0827,80.2707,28.5,65.9,38.6,70.9,0.87,26.6,11.2,37.4,71
2025-04-10,Chennai,Tamil Nadu,13.0827,80.2707,31.8,76.5,52.0,85.9,1.12,34.8,13.4,50.4,87
2025-04-11,Chennai,Tamil Nadu,13.0827,80.2707,30.0,67.1,45.4,76.5,0.86,23.2,9.6,46.5,76
2025-04-12,Chennai,Tamil Nadu,13.0827,80.2707,29.6,74.2,56.5,104.8,1.07,30.5,14.4,44.1,103
2025-04-13,Chennai,Tamil Nadu,13.0827,80.2707,27.7,79.2,37.4,46.8,0.82,24.5,9.0,45.7,62
2025-04-14,Chennai,Tamil Nadu,13.0827,80.2707,30.1,64.5,59.1,104.7,1.26,23.5,14.1,37.1,103
2025-04-15,Chennai,Tamil Nadu,13.0827,80.2707,29.4,57.1,63.4,116.7,1.23,41.4,13.5,36.5,111
2025-04-16,Chennai,Tamil Nadu,13.0827,80.2707,30.4,83.0,46.2,71.4,1.15,27.7,10.9,54.9,77
2025-04-17,Chennai,Tamil Nadu,13.0827,80.2707,31.4,73.5,48.7,70.2,0.92,28.6,5.3,47.2,81
2025-04-18,Chennai,Tamil Nadu,13.0827,80.2707,31.8,69.3,52.4,99.4,1.05,33.0,13.5,53.5,99
2025-04-19,Chennai,Tamil Nadu,13.0827,80.2707,30.6,69.0,34.9,48.4,0.98,15.8,9.9,58.2,58
2025-04-20,Chennai,Tamil Nadu,13.0827,80.2707,31.4,55.4,38.9,66.6,1.06,32.0,11.2,56.1,67
2025-04-21,Chennai,Tamil Nadu,13.0827,80.2707,29.7,71.6,44.6,80.4,0.78,34.6,10.5,35.0,80
2025-04-22,Chennai,Tamil Nadu,13.0827,80.2707,32.7,66.4,66.2,113.1,1.28,36.0,12.8,47.8,121
2025-04-23,Chennai,Tamil Nadu,13.0827,80.2707,29.2,70.5,32.2,55.9,0.74,27.1,12.5,54.9,56
2025-04-24,Chennai,Tamil Nadu,13.0827,80.2707,30.6,70.4,59.5,95.8,1.3,31.1,9.3,50.2,99
2025-04-25,Chennai,Tamil Nadu,13.0827,80.2707,33.3,46.6,39.3,67.6,1.22,31.8,10.5,53.8,68
2025-04-26,Chennai,Tamil Nadu,13.0827,80.2707,30.3,73.6,40.3,62.2,0.56,22.0,6.9,34.4,67
2025-04-27,Chennai,Tamil Nadu,13.0827,80.2707,28.9,71.6,52.5,82.0,0.98,30.6,11.9,39.1,88
2025-04-28,Chennai,Tamil Nadu,13.0827,80.2707,30.7,72.5,61.9,102.5,1.23,34.0,11.7,46.5,106
2025-04-29,Chennai,Tamil Nadu,13.0827,80.2707,34.1,69.0,43.1,61.1,0.98,27.5,7.6,41.8,72
2025-04-30,Chennai,Tamil Nadu,13.0827,80.2707,27.6,70.7,50.1,87.0,1.2,36.5,10.3,48.5,87
2025-05-01,Chennai,Tamil Nadu,13.0827,80.2707,32.0,71.6,31.3,40.0,0.86,37.1,6.8,50.1,52
2025-05-02,Chennai,Tamil Nadu,13.0827,80.2707,30.8,72.3,33.7,57.4,0.8,24.1,7.6,33.0,57
2025-05-03,Chennai,Tamil Nadu,13.0827,80.2707,31.7,73.8,27.8,47.7,0.66,25.7,9.3,46.5,48
2025-05-04,Chennai,Tamil Nadu,13.0827,80.2707,31.5,72.5,33.0,50.5,0.69,19.7,9.4,47.9,55
2025-05-05,Chennai,Tamil Nadu,13.0827,80.2707,34.0,83.5,41.3,60.5,0.85,33.4,3.5,52.2,69
2025-05-06,Chennai,Tamil Nadu,13.0827,80.2707,32.5,65.5,37.7,59.9,0.83,23.0,10.1,62.6,63
2025-05-07,Chennai,Tamil Nadu,13.0827,80.2707,34.3,68.0,52.0,90.7,1.14,49.5,9.2,57.4,91
2025-05-08,Chennai,Tamil Nadu,13.0827,80.2707,34.9,82.6,55.1,93.8,1.09,21.6,9.2,42.5,94
2025-05-09,Chennai,Tamil Nadu,13.0827,80.2707,32.8,69.7,33.6,49.8,0.78,37.6,5.3,40.2,56
2025-05-10,Chennai,Tamil Nadu,13.0827,80.2707,32.2,77.4,29.4,48.9,0.67,29.3,8.2,49.5,49
2025-05-11,Chennai,Tamil Nadu,13.0827,80.2707,33.7,71.9,43.4,73.3,0.88,21.2,7.9,53.5,73
2025-05-12,Chennai,Tamil Nadu,13.0827,80.2707,34.1,69.4,43.8,73.6,0.9,41.9,13.3,61.2,74
2025-05-13,Chennai,Tamil Nadu,13.0827,80.2707,31.2,78.0,36.0,54.0,0.79,19.9,3.6,63.1,60
2025-05-14,Chennai,Tamil Nadu,13.0827,80.2707,33.8,74.8,37.5,62.8,1.02,24.1,6.1,67.6,63
2025-05-15,Chennai,Tamil Nadu,13.0827,80.2707,33.0,60.5,35.7,63.8,1.1,17.6,5.8,48.7,64
2025-05-16,Chennai,Tamil Nadu,13.0827,80.2707,32.8,72.6,25.0,43.3,0.6,21.1,8.8,60.5,43
2025-05-17,Chennai,Tamil Nadu,13.0827,80.2707,32.5,64.5,23.4,40.1,0.93,21.2,11.4,56.0,40
2025-05-18,Chennai,Tamil Nadu,13.0827,80.2707,32.7,80.5,29.8,56.4,0.93,28.5,9.9,43.6,56
2025-05-19,Chennai,Tamil Nadu,13.0827,80.2707,36.2,84.0,28.3,47.4,0.84,37.7,5.0,43.0,47
2025-05-20,Chennai,Tamil Nadu,13.0827,80.2707,33.4,85.0,30.9,47.0,1.07,20.8,7.2,54.5,52
2025-05-21,Chennai,Tamil Nadu,13.0827,80.2707,36.2,74.5,27.7,42.2,0.78,6.3,5.8,46.2,46
2025-05-22,Chennai,Tamil Nadu,13.0827,80.2707,34.5,69.0,19.2,32.2,0.77,24.0,9.1,49.5,32
2025-05-23,Chennai,Tamil Nadu,13.0827,80.2707,32.4,74.6,17.2,24.7,0.71,16.2,6.0,47.6,29
2025-05-24,Chennai,Tamil Nadu,13.0827,80.2707,34.9,66.0,31.6,50.6,0.86,35.0,4.3,57.4,53
2025-05-25,Chennai,Tamil Nadu,13.0827,80.2707,32.5,89.1,22.7,39.1,0.82,21.1,9.6,63.0,39
2025-05-26,Chennai,Tamil Nadu,13.0827,80.2707,35.8,81.3,24.4,44.6,0.78,17.3,11.7,58.0,45
2025-05-27,Chennai,Tamil Nadu,13.0827,80.2707,34.5,75.2,22.2,31.5,0.82,15.0,7.2,51.6,37
2025-05-28,Chennai,Tamil Nadu,13.0827,80.2707,36.5,80.3,20.1,33.4,0.62,24.2,8.0,42.9,34
2025-05-29,Chennai,Tamil Nadu,13.0827,80.2707,37.7,70.1,19.5,31.9,0.62,18.6,3.0,65.0,32
2025-05-30,Chennai,Tamil Nadu,13.0827,80.2707,32.1,66.0,29.2,48.4,0.72,32.2,2.2,51.6,49
2025-05-31,Chennai,Tamil Nadu,13.0827,80.2707,34.5,58.5,21.6,36.1,0.69,19.6,2.2,51.6,36
2025-06-01,Chennai,Tamil Nadu,13.0827,80.2707,33.3,74.8,25.4,41.9,0.93,30.6,7.9,63.0,42
2025-06-02,Chennai,Tamil Nadu,13.0827,80.2707,39.4,73.1,25.5,47.3,0.71,13.9,7.1,54.0,47
2025-06-03,Chennai,Tamil Nadu,13.0827,80.2707,34.9,78.4,22.4,41.1,0.85,10.7,9.4,51.1,41
2025-06-04,Chennai,Tamil Nadu,13.0827,80.2707,33.4,75.2,24.1,47.6,0.81,26.7,7.3,52.1,48
2025-06-05,Chennai,Tamil Nadu,13.0827,80.2707,39.9,78.7,19.7,32.4,0.65,17.5,10.5,60.4,33
2025-06-06,Chennai,Tamil Nadu,13.0827,80.2707,34.7,81.3,25.6,40.6,0.98,20.6,10.7,60.4,43
2025-06-07,Chennai,Tamil Nadu,13.0827,80.2707,33.2,65.8,21.9,33.0,0.85,14.9,6.8,57.6,36
2025-06-08,Chennai,Tamil Nadu,13.0827,80.2707,34.1,82.4,21.7,34.2,0.74,14.4,4.7,63.8,36
2025-06-09,Chennai,Tamil Nadu,13.0827,80.2707,36.6,73.8,13.8,24.2,0.64,22.2,1.4,64.2,24
2025-06-10,Chennai,Tamil Nadu,13.0827,80.2707,36.5,80.6,17.3,30.7,0.71,19.4,11.7,58.8,31
2025-06-11,Chennai,Tamil Nadu,13.0827,80.2707,35.0,84.5,10.4,18.3,0.39,11.0,4.0,55.3,18
2025-06-12,Chennai,Tamil Nadu,13.0827,80.2707,35.8,84.9,20.3,31.5,0.6,25.2,3.1,61.9,34
2025-06-13,Chennai,Tamil Nadu,13.0827,80.2707,36.9,78.9,12.4,19.3,0.71,25.0,7.4,59.2,21
2025-06-14,Chennai,Tamil Nadu,13.0827,80.2707,39.2,79.6,12.2,23.7,0.4,17.2,2.5,65.0,24
2025-06-15,Chennai,Tamil Nadu,13.0827,80.2707,37.6,85.0,9.5,15.0,0.49,23.1,7.1,66.2,16
2025-06-16,Chennai,Tamil Nadu,13.0827,80.2707,36.1,68.6,12.1,22.5,0.58,11.9,6.0,60.6,22
2025-06-17,Chennai,Tamil Nadu,13.0827,80.2707,36.8,72.8,10.8,18.6,1.06,20.9,9.6,63.2,19
2025-06-18,Chennai,Tamil Nadu,13.0827,80.2707,38.7,77.9,16.2,24.9,0.78,20.1,9.8,56.9,27
2025-06-19,Chennai,Tamil Nadu,13.0827,80.2707,40.4,70.9,12.3,18.1,0.8,13.2,10.3,77.2,21
2025-06-20,Chennai,Tamil Nadu,13.0827,80.2707,35.5,78.7,8.5,15.0,0.47,29.0,7.3,50.1,15
2025-06-21,Chennai,Tamil Nadu,13.0827,80.2707,39.6,78.7,8.0,15.0,0.64,18.0,4.1,69.0,15
2025-06-22,Chennai,Tamil Nadu,13.0827,80.2707,37.1,82.0,8.0,15.0,0.32,13.0,3.5,57.7,15
2025-06-23,Chennai,Tamil Nadu,13.0827,80.2707,34.8,81.4,8.0,15.1,0.54,16.7,5.0,66.6,15
2025-06-24,Chennai,Tamil Nadu,13.0827,80.2707,34.6,89.7,8.0,15.0,0.66,11.3,12.6,64.6,15
2025-06-25,Chennai,Tamil Nadu,13.0827,80.2707,40.3,86.6,8.0,15.0,0.38,9.6,5.9,66.7,15
2025-06-26,Chennai,Tamil Nadu,13.0827,80.2707,40.6,82.4,8.0,15.0,0.65,13.9,7.1,79.6,15
2025-06-27,Chennai,Tamil Nadu,13.0827,80.2707,37.1,81.0,8.0,15.1,0.66,14.3,11.2,60.0,15
2025-06-28,Chennai,Tamil Nadu,13.0827,80.2707,37.8,83.3,8.0,15.0,0.5,11.7,7.4,69.7,15
2025-06-29,Chennai,Tamil Nadu,13.0827,80.2707,35.0,83.8,8.0,15.0,0.46,24.1,4.4,52.4,15
2025-06-30,Chennai,Tamil Nadu,13.0827,80.2707,39.7,98.0,8.0,15.0,0.48,12.0,8.8,68.9,15
2025-07-01,Chennai,Tamil Nadu,13.0827,80.2707,38.3,74.5,8.0,15.0,0.54,11.0,5.4,56.1,15
2025-07-02,Chennai,Tamil Nadu,13.0827,80.2707,35.7,78.5,8.0,15.0,0.54,9.4,7.5,59.4,15
2025-07-03,Chennai,Tamil Nadu,13.0827,80.2707,38.9,77.8,8.0,15.0,0.67,8.9,8.2,64.0,15
2025-07-04,Chennai,Tamil Nadu,13.0827,80.2707,36.1,87.5,8.0,16.0,0.51,22.7,5.2,66.9,16
2025-07-05,Chennai,Tamil Nadu,13.0827,80.2707,39.6,87.5,8.0,15.0,0.83,18.1,7.2,60.3,15
2025-07-06,Chennai,Tamil Nadu,13.0827,80.2707,36.7,82.2,8.0,15.0,0.83,20.7,11.4,85.6,15
2025-07-07,Chennai,Tamil Nadu,13.0827,80.2707,39.3,92.7,8.0,15.0,0.62,22.7,4.8,54.1,15
2025-07-08,Chennai,Tamil Nadu,13.0827,80.2707,37.6,89.3,8.0,15.0,0.54,14.6,10.6,64.2,15
2025-07-09,Chennai,Tamil Nadu,13.0827,80.2707,34.6,93.5,8.0,15.0,0.51,25.4,4.9,59.8,15
2025-07-10,Chennai,Tamil Nadu,13.0827,80.2707,40.7,95.5,8.0,15.0,0.64,12.8,12.0,71.5,15
2025-07-11,Chennai,Tamil Nadu,13.0827,80.2707,40.8,72.4,8.0,15.0,0.66,10.0,4.1,63.3,15
2025-07-12,Chennai,Tamil Nadu,13.0827,80.2707,38.0,92.3,8.0,15.0,0.56,18.8,5.5,64.9,15
2025-07-13,Chennai,Tamil Nadu,13.0827,80.2707,39.4,78.6,8.0,15.0,0.53,17.4,11.2,60.8,15
2025-07-14,Chennai,Tamil Nadu,13.0827,80.2707,39.8,89.5,8.0,15.0,0.64,17.4,11.3,80.8,15
2025-07-15,Chennai,Tamil Nadu,13.0827,80.2707,39.8,87.3,8.0,15.0,0.6,22.7,9.1,60.8,15
2025-07-16,Chennai,Tamil Nadu,13.0827,80.2707,42.1,87.7,8.0,15.1,0.5,17.2,3.4,68.4,15
2025-07-17,Chennai,Tamil Nadu,13.0827,80.2707,39.7,79.5,8.0,15.0,0.61,18.4,6.9,60.5,15
2025-07-18,Chennai,Tamil Nadu,13.0827,80.2707,38.4,95.2,8.0,15.0,0.5,24.7,6.6,57.2,15
2025-07-19,Chennai,Tamil Nadu,13.0827,80.2707,39.8,79.0,8.0,15.0,0.48,18.2,4.1,54.6,15
2025-07-20,Chennai,Tamil Nadu,13.0827,80.2707,38.2,93.2,8.0,15.0,0.59,19.5,8.7,68.7,15
2025-07-21,Chennai,Tamil Nadu,13.0827,80.2707,37.1,77.9,8.0,15.0,0.5,8.1,4.3,56.1,15
2025-07-22,Chennai,Tamil Nadu,13.0827,80.2707,41.2,87.8,8.0,15.0,0.48,38.9,2.8,61.7,15
2025-07-23,Chennai,Tamil Nadu,13.0827,80.2707,39.9,98.0,8.0,15.0,0.75,7.0,1.8,58.3,15
2025-07-24,Chennai,Tamil Nadu,13.0827,80.2707,35.6,98.0,8.0,15.0,0.53,13.3,11.8,61.5,15
2025-07-25,Chennai,Tamil Nadu,13.0827,80.2707,37.7,76.3,8.0,15.0,0.87,13.1,5.1,62.6,15
2025-07-26,Chennai,Tamil Nadu,13.0827,80.2707,40.2,82.5,8.0,15.0,0.68,29.2,5.2,66.7,15
2025-07-27,Chennai,Tamil Nadu,13.0827,80.2707,36.0,83.6,8.0,15.0,0.47,13.0,3.5,53.7,15
2025-07-28,Chennai,Tamil Nadu,13.0827,80.2707,37.4,98.0,8.0,15.0,0.76,19.2,10.7,65.5,15
2025-07-29,Chennai,Tamil Nadu,13.0827,80.2707,43.5,86.4,8.0,15.0,0.48,13.2,2.5,66.5,15
2025-07-30,Chennai,Tamil Nadu,13.0827,80.2707,38.1,94.2,8.0,15.1,0.88,10.3,3.0,63.7,15
2025-07-31,Chennai,Tamil Nadu,13.0827,80.2707,40.6,88.5,8.0,15.0,0.62,20.0,5.7,66.0,15
2025-08-01,Chennai,Tamil Nadu,13.0827,80.2707,41.3,77.8,8.0,15.0,0.67,12.2,6.6,54.7,15
2025-08-02,Chennai,Tamil Nadu,13.0827,80.2707,36.9,72.9,8.0,15.0,0.59,17.8,8.6,77.4,15
2025-08-03,Chennai,Tamil Nadu,13.0827,80.2707,38.9,81.3,8.0,15.0,0.63,20.3,4.6,69.0,15
2025-08-04,Chennai,Tamil Nadu,13.0827,80.2707,42.1,98.0,8.0,15.0,0.55,28.0,11.3,70.9,15
2025-08-05,Chennai,Tamil Nadu,13.0827,80.2707,39.1,86.8,8.0,15.5,0.45,9.0,4.6,67.5,16
2025-08-06,Chennai,Tamil Nadu,13.0827,80.2707,42.5,92.1,8.0,15.0,0.64,15.6,3.6,86.6,15
2025-08-07,Chennai,Tamil Nadu,13.0827,80.2707,37.0,74.4,8.0,15.0,0.74,15.9,3.3,70.5,15
2025-08-08,Chennai,Tamil Nadu,13.0827,80.2707,41.3,81.7,8.0,15.0,0.41,16.6,4.3,71.0,15
2025-08-09,Chennai,Tamil Nadu,13.0827,80.2707,38.0,89.1,8.0,15.0,0.82,32.0,3.1,57.3,15
2025-08-10,Chennai,Tamil Nadu,13.0827,80.2707,37.3,75.7,8.0,15.0,0.68,15.5,8.9,57.4,15
2025-08-11,Chennai,Tamil Nadu,13.0827,80.2707,38.9,82.5,8.0,15.0,0.52,4.0,3.6,50.1,15
2025-08-12,Chennai,Tamil Nadu,13.0827,80.2707,37.5,76.4,8.2,15.0,0.52,15.4,6.3,59.2,15
2025-08-13,Chennai,Tamil Nadu,13.0827,80.2707,37.4,88.0,8.0,15.0,0.87,15.8,3.6,67.4,15
2025-08-14,Chennai,Tamil Nadu,13.0827,80.2707,38.4,84.6,10.4,17.6,0.76,15.9,3.3,68.4,18
2025-08-15,Chennai,Tamil Nadu,13.0827,80.2707,34.1,86.2,8.0,16.1,0.76,12.2,10.0,61.7,16
2025-08-16,Chennai,Tamil Nadu,13.0827,80.2707,35.8,87.1,14.6,23.9,0.62,10.8,12.0,54.8,24
2025-08-17,Chennai,Tamil Nadu,13.0827,80.2707,38.5,79.0,8.9,15.6,0.68,29.8,10.5,68.1,16
2025-08-18,Chennai,Tamil Nadu,13.0827,80.2707,38.9,87.3,9.7,16.2,0.66,19.0,2.4,70.8,16
2025-08-19,Chennai,Tamil Nadu,13.0827,80.2707,37.6,75.7,10.5,18.4,0.59,16.2,2.8,44.3,18
2025-08-20,Chennai,Tamil Nadu,13.0827,80.2707,37.4,83.9,10.9,18.3,0.64,30.3,12.8,64.1,18
2025-08-21,Chennai,Tamil Nadu,13.0827,80.2707,37.5,65.3,12.8,23.2,0.81,12.9,6.3,78.3,23
2025-08-22,Chennai,Tamil Nadu,13.0827,80.2707,38.4,73.5,13.4,19.9,0.89,21.9,2.9,60.7,22
2025-08-23,Chennai,Tamil Nadu,13.0827,80.2707,34.0,94.6,15.2,19.5,0.63,11.4,10.5,35.6,25
2025-08-24,Chennai,Tamil Nadu,13.0827,80.2707,35.5,82.3,12.9,22.1,0.45,22.6,7.2,52.0,22
2025-08-25,Chennai,Tamil Nadu,13.0827,80.2707,36.2,81.9,16.8,23.2,0.93,12.6,9.1,44.7,28
2025-08-26,Chennai,Tamil Nadu,13.0827,80.2707,36.5,71.5,13.3,24.6,0.9,21.1,1.0,55.0,25
2025-08-27,Chennai,Tamil Nadu,13.0827,80.2707,32.3,69.3,20.7,32.4,0.79,32.3,6.7,42.8,34
2025-08-28,Chennai,Tamil Nadu,13.0827,80.2707,33.7,74.8,21.4,32.0,1.01,21.4,10.6,62.2,36
2025-08-29,Chennai,Tamil Nadu,13.0827,80.2707,35.8,75.8,19.0,39.0,0.76,6.9,5.6,64.6,39
2025-08-30,Chennai,Tamil Nadu,13.0827,80.2707,37.5,89.4,17.1,28.1,0.55,19.7,11.1,64.1,29
2025-08-31,Chennai,Tamil Nadu,13.0827,80.2707,34.8,82.8,21.8,35.3,0.55,23.9,3.8,66.4,36
2025-09-01,Chennai,Tamil Nadu,13.0827,80.2707,34.3,76.1,17.3,30.5,0.49,24.9,7.0,51.6,30
2025-09-02,Chennai,Tamil Nadu,13.0827,80.2707,36.3,75.5,21.9,38.8,0.74,29.8,12.7,59.5,39
2025-09-03,Chennai,Tamil Nadu,13.0827,80.2707,34.6,80.1,21.7,39.4,0.67,30.1,4.3,73.8,39
2025-09-04,Chennai,Tamil Nadu,13.0827,80.2707,36.7,65.3,41.1,59.6,0.87,26.4,10.1,62.3,68
2025-09-05,Chennai,Tamil Nadu,13.0827,80.2707,34.6,60.8,18.1,31.3,0.68,15.8,9.2,61.2,31
2025-09-06,Chennai,Tamil Nadu,13.0827,80.2707,32.9,79.2,13.5,21.7,0.78,11.6,7.4,48.1,22
2025-09-07,Chennai,Tamil Nadu,13.0827,80.2707,37.3,74.3,21.7,32.8,0.66,17.7,7.0,57.2,36
2025-09-08,Chennai,Tamil Nadu,13.0827,80.2707,36.9,64.4,17.6,29.1,0.59,22.5,4.8,52.2,29
2025-09-09,Chennai,Tamil Nadu,13.0827,80.2707,32.8,58.7,22.3,30.8,0.68,13.1,8.4,66.7,37
2025-09-10,Chennai,Tamil Nadu,13.0827,80.2707,35.1,79.4,20.2,36.1,0.86,14.9,7.3,44.7,36
2025-09-11,Chennai,Tamil Nadu,13.0827,80.2707,33.7,69.3,22.5,36.1,0.74,24.6,3.5,61.9,38
2025-09-12,Chennai,Tamil Nadu,13.0827,80.2707,35.3,75.5,22.2,35.0,0.79,17.2,11.1,61.8,37
2025-09-13,Chennai,Tamil Nadu,13.0827,80.2707,32.4,70.7,35.4,57.6,1.13,27.5,6.1,38.6,59
2025-09-14,Chennai,Tamil Nadu,13.0827,80.2707,35.5,72.1,28.9,46.9,1.25,18.4,4.1,66.0,48
2025-09-15,Chennai,Tamil Nadu,13.0827,80.2707,35.9,68.1,37.7,68.6,1.01,27.8,7.2,54.6,69
2025-09-16,Chennai,Tamil Nadu,13.0827,80.2707,32.0,71.5,30.6,45.4,0.92,19.2,5.8,40.5,51
2025-09-17,Chennai,Tamil Nadu,13.0827,80.2707,33.7,75.9,37.9,60.3,0.74,14.7,8.3,56.0,63
2025-09-18,Chennai,Tamil Nadu,13.0827,80.2707,35.6,69.8,29.4,47.6,0.88,29.1,4.6,50.4,49
2025-09-19,Chennai,Tamil Nadu,13.0827,80.2707,31.5,69.3,45.4,67.7,1.01,24.4,11.0,47.2,76
2025-09-20,Chennai,Tamil Nadu,13.0827,80.2707,32.0,75.8,36.1,60.3,1.03,24.0,13.0,46.5,60
2025-09-21,Chennai,Tamil Nadu,13.0827,80.2707,34.2,76.1,27.8,42.9,0.75,18.8,8.5,48.0,46
2025-09-22,Chennai,Tamil Nadu,13.0827,80.2707,32.6,63.3,38.5,55.3,0.96,29.6,4.7,41.9,64
2025-09-23,Chennai,Tamil Nadu,13.0827,80.2707,30.0,71.0,34.3,59.3,0.97,27.0,6.0,53.9,59
2025-09-24,Chennai,Tamil Nadu,13.0827,80.2707,32.1,67.4,33.1,62.3,1.15,27.8,9.3,53.7,62
2025-09-25,Chennai,Tamil Nadu,13.0827,80.2707,35.7,71.1,35.8,59.4,1.13,22.2,3.0,58.6,60
2025-09-26,Chennai,Tamil Nadu,13.0827,80.2707,36.1,81.0,42.0,68.6,1.16,27.1,5.7,53.7,70
2025-09-27,Chennai,Tamil Nadu,13.0827,80.2707,31.2,73.4,22.7,37.0,0.86,23.8,2.9,51.0,38
2025-09-28,Chennai,Tamil Nadu,13.0827,80.2707,30.5,85.9,33.9,53.3,0.81,34.1,9.1,42.6,56
2025-09-29,Chennai,Tamil Nadu,13.0827,80.2707,31.2,72.2,43.1,78.7,1.09,29.6,15.9,42.7,79
2025-09-30,Chennai,Tamil Nadu,13.0827,80.2707,35.2,69.5,39.7,66.0,0.82,20.7,5.4,69.0,66
2025-10-01,Chennai,Tamil Nadu,13.0827,80.2707,33.3,70.4,29.7,39.3,0.8,25.1,10.8,60.4,50
2025-10-02,Chennai,Tamil Nadu,13.0827,80.2707,34.3,71.5,22.9,41.9,1.02,20.3,6.1,51.2,42
2025-10-03,Chennai,Tamil Nadu,13.0827,80.2707,33.4,72.7,56.7,101.7,1.21,20.2,6.6,38.8,101
2025-10-04,Chennai,Tamil Nadu,13.0827,80.2707,29.1,63.5,37.9,65.9,0.95,15.1,13.7,32.1,66
2025-10-05,Chennai,Tamil Nadu,13.0827,80.2707,29.6,68.8,55.7,68.9,1.17,31.4,16.9,39.8,93
2025-10-06,Chennai,Tamil Nadu,13.0827,80.2707,30.0,65.3,48.1,79.4,1.02,29.5,11.1,47.0,80
2025-10-07,Chennai,Tamil Nadu,13.0827,80.2707,30.1,77.5,34.3,61.2,0.56,23.2,9.8,48.8,61
2025-10-08,Chennai,Tamil Nadu,13.0827,80.2707,29.7,56.8,23.8,40.7,0.58,26.9,8.1,49.4,41
2025-10-09,Chennai,Tamil Nadu,13.0827,80.2707,29.8,71.4,37.8,63.5,1.01,20.5,8.6,49.6,64
2025-10-10,Chennai,Tamil Nadu,13.0827,80.2707,31.9,59.6,41.9,74.8,0.83,19.1,10.4,41.5,75
2025-10-11,Chennai,Tamil Nadu,13.0827,80.2707,30.8,73.2,47.2,78.8,1.01,24.1,11.8,59.7,79
2025-10-12,Chennai,Tamil Nadu,13.0827,80.2707,32.7,67.4,33.8,61.9,0.69,21.2,13.7,50.3,62
2025-10-13,Chennai,Tamil Nadu,13.0827,80.2707,30.8,57.5,45.3,75.9,0.9,28.2,8.1,50.1,76
2025-10-14,Chennai,Tamil Nadu,13.0827,80.2707,29.0,76.8,45.8,76.2,1.01,23.9,10.0,39.6,76
2025-10-15,Chennai,Tamil Nadu,13.0827,80.2707,30.4,52.5,55.3,98.6,1.25,18.8,10.2,48.7,99
2025-10-16,Chennai,Tamil Nadu,13.0827,80.2707,27.3,69.9,42.0,66.8,1.14,12.0,12.4,59.0,70
2025-10-17,Chennai,Tamil Nadu,13.0827,80.2707,25.7,75.0,50.0,74.3,0.95,30.7,17.2,31.2,83
2025-10-18,Chennai,Tamil Nadu,13.0827,80.2707,30.9,79.7,48.8,80.6,1.09,22.9,13.1,38.6,81
2025-10-19,Chennai,Tamil Nadu,13.0827,80.2707,31.5,58.8,56.1,97.5,0.91,19.9,12.9,40.8,98
2025-10-20,Chennai,Tamil Nadu,13.0827,80.2707,29.6,66.5,39.0,69.8,0.94,30.2,11.8,43.8,70
2025-10-21,Chennai,Tamil Nadu,13.0827,80.2707,28.7,77.7,24.0,42.9,0.91,30.9,11.7,42.3,43
2025-10-22,Chennai,Tamil Nadu,13.0827,80.2707,26.8,78.1,45.2,74.1,0.99,27.9,16.9,33.1,75
2025-10-23,Chennai,Tamil Nadu,13.0827,80.2707,31.2,79.0,45.6,74.1,1.2,30.2,4.6,48.0,76
2025-10-24,Chennai,Tamil Nadu,13.0827,80.2707,29.9,88.0,37.6,58.6,1.04,27.7,10.8,59.6,63
2025-10-25,Chennai,Tamil Nadu,13.0827,80.2707,29.4,66.5,35.1,59.2,0.93,11.3,1.1,45.4,59
2025-10-26,Chennai,Tamil Nadu,13.0827,80.2707,28.8,72.6,43.4,61.0,0.95,33.2,12.3,43.9,72
2025-10-27,Chennai,Tamil Nadu,13.0827,80.2707,27.8,67.6,48.5,80.2,0.96,37.0,11.5,45.4,81
2025-10-28,Chennai,Tamil Nadu,13.0827,80.2707,26.5,56.2,51.2,106.4,0.85,41.4,8.5,45.5,104
2025-10-29,Chennai,Tamil Nadu,13.0827,80.2707,28.9,69.4,30.6,43.6,0.65,21.2,1.0,57.1,51
2025-10-30,Chennai,Tamil Nadu,13.0827,80.2707,27.3,56.1,34.7,58.0,1.03,18.3,8.7,45.2,58
2025-10-31,Chennai,Tamil Nadu,13.0827,80.2707,27.4,66.4,65.9,112.5,1.46,43.2,11.9,40.3,120
2025-11-01,Chennai,Tamil Nadu,13.0827,80.2707,31.2,59.7,49.7,85.8,0.89,32.9,9.8,40.0,86
2025-11-02,Chennai,Tamil Nadu,13.0827,80.2707,27.9,73.1,52.2,78.6,1.09,36.0,8.3,48.3,87
2025-11-03,Chennai,Tamil Nadu,13.0827,80.2707,23.4,64.6,39.3,67.8,0.7,22.7,6.4,29.8,68
2025-11-04,Chennai,Tamil Nadu,13.0827,80.2707,26.8,57.5,53.0,83.2,0.94,32.6,10.1,33.5,88
2025-11-05,Chennai,Tamil Nadu,13.0827,80.2707,25.8,76.1,49.2,70.6,1.09,23.4,7.5,40.9,82
2025-11-06,Chennai,Tamil Nadu,13.0827,80.2707,27.2,65.8,47.0,84.2,0.94,29.0,12.2,54.2,84
2025-11-07,Chennai,Tamil Nadu,13.0827,80.2707,24.8,67.0,39.3,68.8,0.65,24.5,8.9,44.6,69
2025-11-08,Chennai,Tamil Nadu,13.0827,80.2707,28.1,63.2,45.1,67.9,1.26,42.5,4.4,43.1,75
2025-11-09,Chennai,Tamil Nadu,13.0827,80.2707,26.6,78.0,84.9,133.2,1.44,44.5,13.3,29.3,183
2025-11-10,Chennai,Tamil Nadu,13.0827,80.2707,26.2,71.9,51.3,80.2,0.9,17.5,11.3,52.0,86
2025-11-11,Chennai,Tamil Nadu,13.0827,80.2707,27.2,65.7,66.4,93.2,1.26,35.2,16.2,39.4,121
2025-11-12,Chennai,Tamil Nadu,13.0827,80.2707,26.7,56.6,53.8,94.9,1.09,33.4,13.1,38.0,95
2025-11-13,Chennai,Tamil Nadu,13.0827,80.2707,26.5,87.6,52.8,93.5,1.15,28.1,7.5,44.5,94
2025-11-14,Chennai,Tamil Nadu,13.0827,80.2707,26.2,83.9,49.5,79.2,1.0,23.2,14.2,36.4,82
2025-11-15,Chennai,Tamil Nadu,13.0827,80.2707,26.5,80.1,77.1,126.8,1.4,42.6,8.0,31.6,157
2025-11-16,Chennai,Tamil Nadu,13.0827,80.2707,27.0,65.1,62.6,104.4,1.34,28.3,11.1,34.7,109
2025-11-17,Chennai,Tamil Nadu,13.0827,80.2707,26.7,66.5,48.8,82.3,0.84,33.1,12.2,35.6,82
2025-11-18,Chennai,Tamil Nadu,13.0827,80.2707,28.2,72.8,53.6,77.5,0.99,24.9,14.7,33.8,89
2025-11-19,Chennai,Tamil Nadu,13.0827,80.2707,25.1,63.7,74.5,128.3,1.45,34.6,17.6,25.8,148
2025-11-20,Chennai,Tamil Nadu,13.0827,80.2707,26.4,63.1,31.7,46.7,0.77,29.9,12.4,49.9,53
2025-11-21,Chennai,Tamil Nadu,13.0827,80.2707,30.3,80.2,63.7,111.6,1.2,37.3,10.7,50.5,112
2025-11-22,Chennai,Tamil Nadu,13.0827,80.2707,25.7,69.6,67.3,100.3,1.18,35.7,13.1,30.9,124
2025-11-23,Chennai,Tamil Nadu,13.0827,80.2707,25.7,62.2,51.0,74.2,1.01,30.1,10.8,46.1,85
2025-11-24,Chennai,Tamil Nadu,13.0827,80.2707,23.3,76.7,62.6,103.0,1.12,34.6,8.9,36.6,109
2025-11-25,Chennai,Tamil Nadu,13.0827,80.2707,24.2,66.0,67.9,111.5,1.07,31.0,11.1,32.4,126
2025-11-26,Chennai,Tamil Nadu,13.0827,80.2707,25.2,56.1,46.6,77.7,1.09,19.8,15.1,28.9,78
2025-11-27,Chennai,Tamil Nadu,13.0827,80.2707,26.3,62.1,74.0,112.1,1.48,41.1,13.9,40.4,147
2025-11-28,Chennai,Tamil Nadu,13.0827,80.2707,26.4,66.4,65.9,110.8,1.21,44.3,17.5,53.6,120
2025-11-29,Chennai,Tamil Nadu,13.0827,80.2707,25.8,71.5,60.0,101.7,1.31,36.8,7.6,38.3,101
2025-11-30,Chennai,Tamil Nadu,13.0827,80.2707,26.5,71.2,63.8,116.5,1.14,36.0,10.0,47.1,113
2025-12-01,Chennai,Tamil Nadu,13.0827,80.2707,23.2,78.6,73.2,122.9,1.23,30.2,13.1,31.1,144
2025-12-02,Chennai,Tamil Nadu,13.0827,80.2707,25.8,68.3,104.8,163.6,1.73,52.8,16.6,41.2,249
2025-12-03,Chennai,Tamil Nadu,13.0827,80.2707,24.9,66.7,72.4,104.8,1.37,40.0,11.4,34.3,141
2025-12-04,Chennai,Tamil Nadu,13.0827,80.2707,25.0,78.7,76.0,107.9,1.33,42.9,14.5,16.1,153
2025-12-05,Chennai,Tamil Nadu,13.0827,80.2707,24.0,76.9,66.6,113.1,1.34,41.5,13.7,29.0,122
2025-12-06,Chennai,Tamil Nadu,13.0827,80.2707,22.9,68.5,97.4,172.3,1.39,54.7,9.6,30.9,225
2025-12-07,Chennai,Tamil Nadu,13.0827,80.2707,22.3,72.0,46.6,70.7,0.97,22.2,12.0,42.7,78
2025-12-08,Chennai,Tamil Nadu,13.0827,80.2707,25.0,66.7,44.1,74.5,1.13,20.4,12.7,37.4,74
2025-12-09,Chennai,Tamil Nadu,13.0827,80.2707,25.3,61.9,67.1,109.0,1.39,36.4,12.3,37.0,124
2025-12-10,Chennai,Tamil Nadu,13.0827,80.2707,24.1,85.4,75.3,132.4,1.46,32.6,6.5,29.3,151
2025-12-11,Chennai,Tamil Nadu,13.0827,80.2707,24.2,66.2,37.1,66.1,1.07,19.3,8.1,50.5,66
2025-12-12,Chennai,Tamil Nadu,13.0827,80.2707,22.9,72.1,65.6,85.9,1.17,42.3,12.6,45.0,119
2025-12-13,Chennai,Tamil Nadu,13.0827,80.2707,25.0,59.4,63.3,114.2,0.95,28.2,8.5,31.3,111
2025-12-14,Chennai,Tamil Nadu,13.0827,80.2707,24.1,75.2,77.8,131.4,1.33,38.8,15.0,21.7,159
2025-12-15,Chennai,Tamil Nadu,13.0827,80.2707,23.3,61.6,72.9,114.4,1.41,27.5,14.0,18.6,143
2025-12-16,Chennai,Tamil Nadu,13.0827,80.2707,25.5,81.7,44.7,70.4,1.12,28.7,10.0,44.1,74
2025-12-17,Chennai,Tamil Nadu,13.0827,80.2707,25.0,82.6,52.6,87.1,1.01,37.9,10.3,38.8,88
2025-12-18,Chennai,Tamil Nadu,13.0827,80.2707,21.0,74.0,56.0,88.2,0.98,39.2,11.1,24.8,93
2025-12-19,Chennai,Tamil Nadu,13.0827,80.2707,23.8,70.8,79.0,119.2,1.25,45.5,12.3,35.4,163
2025-12-20,Chennai,Tamil Nadu,13.0827,80.2707,22.0,68.7,73.1,112.8,1.23,36.9,8.0,21.0,144
2025-12-21,Chennai,Tamil Nadu,13.0827,80.2707,23.9,69.7,58.9,88.0,0.87,39.5,9.4,41.7,98
2025-12-22,Chennai,Tamil Nadu,13.0827,80.2707,17.9,72.9,69.9,129.4,1.2,38.9,11.8,21.6,133
2025-12-23,Chennai,Tamil Nadu,13.0827,80.2707,23.9,70.6,53.7,89.1,1.1,28.6,14.6,27.2,90
2025-12-24,Chennai,Tamil Nadu,13.0827,80.2707,24.8,76.9,106.7,212.2,1.67,50.4,16.6,29.0,256
2025-12-25,Chennai,Tamil Nadu,13.0827,80.2707,23.3,63.6,77.3,131.9,1.31,44.1,16.6,29.3,158
2025-12-26,Chennai,Tamil Nadu,13.0827,80.2707,21.3,80.7,81.2,141.1,1.3,32.0,8.3,31.9,171
2025-12-27,Chennai,Tamil Nadu,13.0827,80.2707,26.9,67.0,92.6,138.1,1.44,37.3,12.3,46.1,209
2025-12-28,Chennai,Tamil Nadu,13.0827,80.2707,25.4,64.8,85.8,138.7,1.37,40.6,19.1,44.0,186
2025-12-29,Chennai,Tamil Nadu,13.0827,80.2707,22.3,72.5,69.2,114.9,1.37,28.8,9.3,33.1,131
2025-12-30,Chennai,Tamil Nadu,13.0827,80.2707,22.8,73.0,66.1,102.7,1.23,27.7,9.0,31.4,120
2025-12-31,Chennai,Tamil Nadu,13.0827,80.2707,19.7,57.8,91.5,144.6,1.99,40.8,12.5,20.8,205
2024-01-01,Kolkata,West Bengal,22.5726,88.3639,22.6,79.0,85.3,146.6,1.53,37.6,14.5,36.5,184
2024-01-02,Kolkata,West Bengal,22.5726,88.3639,20.6,76.4,125.4,211.4,1.67,45.5,15.9,34.5,304
2024-01-03,Kolkata,West Bengal,22.5726,88.3639,15.6,65.7,104.6,170.9,1.62,51.4,15.6,23.0,249
2024-01-04,Kolkata,West Bengal,22.5726,88.3639,18.0,72.5,165.1,268.7,2.37,61.4,17.0,11.3,335
2024-01-05,Kolkata,West Bengal,22.5726,88.3639,19.0,90.1,121.0,227.3,2.07,66.8,17.3,27.2,301
2024-01-06,Kolkata,West Bengal,22.5726,88.3639,23.2,71.3,149.2,295.2,2.34,78.4,17.4,35.6,322
2024-01-07,Kolkata,West Bengal,22.5726,88.3639,19.0,71.4,113.9,209.4,1.8,49.2,12.6,31.4,280
2024-01-08,Kolkata,West Bengal,22.5726,88.3639,18.7,77.2,109.3,184.8,1.58,39.0,17.2,30.1,264
2024-01-09,Kolkata,West Bengal,22.5726,88.3639,20.4,70.2,144.9,203.5,2.31,64.3,10.9,8.4,319
2024-01-10,Kolkata,West Bengal,22.5726,88.3639,17.5,75.0,134.9,235.3,1.95,69.8,15.2,20.7,311
2024-01-11,Kolkata,West Bengal,22.5726,88.3639,20.0,70.9,136.3,238.7,2.08,49.7,18.7,26.5,313
2024-01-12,Kolkata,West Bengal,22.5726,88.3639,18.6,76.8,124.4,219.7,1.86,65.2,19.6,28.6,303
2024-01-13,Kolkata,West Bengal,22.5726,88.3639,24.8,73.6,151.2,223.6,2.48,51.3,19.5,31.8,324
2024-01-14,Kolkata,West Bengal,22.5726,88.3639,18.3,87.7,146.5,260.3,2.04,52.1,15.7,30.1,320
2024-01-15,Kolkata,West Bengal,22.5726,88.3639,23.5,74.3,78.7,148.4,1.51,41.0,12.1,18.1,162
2024-01-16,Kolkata,West Bengal,22.5726,88.3639,17.9,72.4,120.1,180.5,1.82,58.5,16.5,24.2,300
2024-01-17,Kolkata,West Bengal,22.5726,88.3639,20.5,81.2,158.9,278.4,2.35,64.4,23.4,23.7,330
2024-01-18,Kolkata,West Bengal,22.5726,88.3639,20.9,64.3,101.5,155.1,1.87,49.2,16.9,33.5,238
2024-01-19,Kolkata,West Bengal,22.5726,88.3639,20.3,85.8,87.5,143.0,1.17,48.6,15.8,39.0,192
2024-01-20,Kolkata,West Bengal,22.5726,88.3639,20.2,67.1,123.1,185.6,1.86,60.7,16.0,15.9,302
2024-01-21,Kolkata,West Bengal,22.5726,88.3639,21.6,82.3,142.3,227.2,1.95,55.8,14.2,35.4,317
2024-01-22,Kolkata,West Bengal,22.5726,88.3639,20.8,84.2,114.6,183.1,1.84,45.5,10.9,31.3,282
2024-01-23,Kolkata,West Bengal,22.5726,88.3639,19.8,70.3,168.4,288.2,2.47,74.2,18.6,16.3,337
2024-01-24,Kolkata,West Bengal,22.5726,88.3639,18.9,71.0,189.9,338.6,2.54,77.5,23.3,8.0,354
2024-01-25,Kolkata,West Bengal,22.5726,88.3639,19.8,73.2,82.8,151.7,1.34,44.0,11.1,28.0,176
2024-01-26,Kolkata,West Bengal,22.5726,88.3639,19.8,78.4,116.1,180.2,1.82,47.2,17.0,25.4,287
2024-01-27,Kolkata,West Bengal,22.5726,88.3639,19.8,67.0,76.4,130.1,1.16,42.3,9.7,29.8,155
2024-01-28,Kolkata,West Bengal,22.5726,88.3639,20.3,73.2,145.7,216.4,2.17,54.1,15.7,15.9,320
2024-01-29,Kolkata,West Bengal,22.5726,88.3639,17.7,71.8,108.3,176.9,1.58,50.1,18.9,25.3,261
2024-01-30,Kolkata,West Bengal,22.5726,88.3639,18.4,65.9,113.1,187.4,1.87,50.9,17.4,17.9,277
2024-01-31,Kolkata,West Bengal,22.5726,88.3639,21.8,66.7,161.4,244.0,2.1,66.4,18.0,31.4,332
2024-02-01,Kolkata,West Bengal,22.5726,88.3639,16.2,74.9,93.5,162.0,1.45,48.6,11.0,33.3,212
2024-02-02,Kolkata,West Bengal,22.5726,88.3639,22.5,74.8,88.3,143.6,1.37,36.1,15.9,23.7,194
2024-02-03,Kolkata,West Bengal,22.5726,88.3639,19.4,68.7,75.6,126.4,1.29,42.2,14.7,26.9,152
2024-02-04,Kolkata,West Bengal,22.5726,88.3639,23.4,74.6,164.6,301.8,2.54,66.8,21.1,31.8,334
2024-02-05,Kolkata,West Bengal,22.5726,88.3639,22.7,69.5,156.1,247.5,2.36,59.2,18.0,25.9,328
2024-02-06,Kolkata,West Bengal,22.5726,88.3639,19.9,83.1,116.1,206.5,1.72,43.2,12.0,12.4,287
2024-02-07,Kolkata,West Bengal,22.5726,88.3639,20.1,73.3,93.4,174.3,1.47,55.2,13.4,32.8,211
2024-02-08,Kolkata,West Bengal,22.5726,88.3639,23.5,81.7,148.1,275.1,2.28,61.0,22.1,20.9,322
2024-02-09,Kolkata,West Bengal,22.5726,88.3639,22.9,62.2,225.5,365.6,2.83,84.0,21.3,18.7,381
2024-02-10,Kolkata,West Bengal,22.5726,88.3639,22.4,76.3,116.5,175.2,1.8,44.4,15.5,19.3,288
2024-02-11,Kolkata,West Bengal,22.5726,88.3639,22.8,78.2,93.9,144.9,1.45,50.6,18.4,36.5,213
2024-02-12,Kolkata,West Bengal,22.5726,88.3639,18.8,73.0,160.3,226.3,2.26,71.4,17.9,13.7,331
2024-02-13,Kolkata,West Bengal,22.5726,88.3639,21.2,70.2,94.8,166.1,1.67,49.2,13.2,34.7,216
2024-02-14,Kolkata,West Bengal,22.5726,88.3639,19.5,72.9,111.8,197.1,1.64,49.4,10.9,21.3,273
2024-02-15,Kolkata,West Bengal,22.5726,88.3639,19.0,79.2,67.6,112.8,1.4,40.1,13.3,22.7,125
2024-02-16,Kolkata,West Bengal,22.5726,88.3639,21.3,65.5,112.7,162.6,2.08,45.1,12.8,29.2,276
2024-02-17,Kolkata,West Bengal,22.5726,88.3639,20.4,78.9,90.6,144.5,1.6,44.3,8.6,17.9,202
2024-02-18,Kolkata,West Bengal,22.5726,88.3639,20.9,76.2,157.8,293.0,2.24,64.2,15.8,35.0,329
2024-02-19,Kolkata,West Bengal,22.5726,88.3639,20.3,72.2,96.1,167.4,1.74,46.4,14.3,27.4,220
2024-02-20,Kolkata,West Bengal,22.5726,88.3639,19.0,72.5,140.9,249.1,1.9,48.2,12.5,14.8,316
2024-02-21,Kolkata,West Bengal,22.5726,88.3639,24.4,74.4,115.6,248.0,2.01,62.2,11.1,27.3,285
2024-02-22,Kolkata,West Bengal,22.5726,88.3639,21.7,85.6,121.1,205.7,1.73,62.5,17.4,25.8,301
2024-02-23,Kolkata,West Bengal,22.5726,88.3639,18.9,76.4,131.6,174.5,2.29,49.2,16.3,28.1,309
2024-02-24,Kolkata,West Bengal,22.5726,88.3639,21.9,67.4,115.5,171.4,1.68,54.4,12.5,19.4,285
2024-02-25,Kolkata,West Bengal,22.5726,88.3639,24.4,71.0,100.9,171.1,1.72,37.4,13.1,29.0,236
2024-02-26,Kolkata,West Bengal,22.5726,88.3639,23.5,66.0,96.9,160.1,1.34,45.5,19.0,30.5,223
2024-02-27,Kolkata,West Bengal,22.5726,88.3639,20.9,60.8,129.0,209.5,1.9,42.1,20.2,35.9,307
2024-02-28,Kolkata,West Bengal,22.5726,88.3639,21.0,65.9,75.5,122.9,1.18,36.4,11.7,37.1,152
2024-02-29,Kolkata,West Bengal,22.5726,88.3639,20.3,74.8,165.2,253.2,2.12,64.0,21.7,31.6,335
2024-03-01,Kolkata,West Bengal,22.5726,88.3639,20.7,82.9,117.0,199.7,1.98,58.4,15.7,24.7,290
2024-03-02,Kolkata,West Bengal,22.5726,88.3639,21.0,81.0,105.0,195.3,1.48,57.6,9.1,37.5,250
2024-03-03,Kolkata,West Bengal,22.5726,88.3639,19.6,65.9,119.3,227.9,1.72,62.3,9.7,32.6,298
2024-03-04,Kolkata,West Bengal,22.5726,88.3639,21.5,68.4,98.3,187.2,1.46,52.4,11.1,33.2,228
2024-03-05,Kolkata,West Bengal,22.5726,88.3639,23.1,67.4,107.1,161.4,1.86,48.8,9.8,35.4,257
2024-03-06,Kolkata,West Bengal,22.5726,88.3639,21.8,55.9,86.4,142.3,1.61,44.0,13.7,24.5,188
2024-03-07,Kolkata,West Bengal,22.5726,88.3639,23.0,72.8,119.7,191.8,2.02,54.6,13.9,42.5,299
2024-03-08,Kolkata,West Bengal,22.5726,88.3639,25.6,79.6,107.7,187.3,1.58,41.4,15.9,31.3,259
2024-03-09,Kolkata,West Bengal,22.5726,88.3639,26.1,72.2,113.6,186.0,1.96,57.2,16.4,37.9,279
2024-03-10,Kolkata,West Bengal,22.5726,88.3639,22.8,65.1,150.2,242.7,2.05,66.2,20.1,29.9,323
2024-03-11,Kolkata,West Bengal,22.5726,88.3639,24.6,68.1,90.2,168.6,1.39,47.3,10.4,22.4,201
2024-03-12,Kolkata,West Bengal,22.5726,88.3639,22.8,71.7,104.1,173.3,1.55,33.6,15.9,28.7,247
2024-03-13,Kolkata,West Bengal,22.5726,88.3639,22.3,79.4,74.0,123.5,1.22,40.4,9.1,33.0,147
2024-03-14,Kolkata,West Bengal,22.5726,88.3639,21.3,72.7,119.4,204.4,1.81,58.2,17.7,24.2,298
2024-03-15,Kolkata,West Bengal,22.5726,88.3639,23.6,78.4,104.7,183.4,1.54,47.4,18.0,29.9,249
2024-03-16,Kolkata,West Bengal,22.5726,88.3639,25.5,73.4,104.8,183.7,1.7,44.5,16.6,45.2,249
2024-03-17,Kolkata,West Bengal,22.5726,88.3639,21.3,75.7,100.2,188.7,1.22,37.9,13.5,20.5,234
2024-03-18,Kolkata,West Bengal,22.5726,88.3639,23.2,67.4,90.8,132.3,1.54,34.4,15.0,20.9,203
2024-03-19,Kolkata,West Bengal,22.5726,88.3639,23.2,69.2,177.3,301.2,2.31,71.7,15.6,17.7,344
2024-03-20,Kolkata,West Bengal,22.5726,88.3639,24.4,65.2,102.5,167.6,1.54,45.4,8.9,37.7,242
2024-03-21,Kolkata,West Bengal,22.5726,88.3639,24.5,78.2,107.8,173.0,1.6,47.0,16.0,38.2,259
2024-03-22,Kolkata,West Bengal,22.5726,88.3639,25.1,72.0,78.0,137.6,1.51,48.1,16.2,40.3,160
2024-03-23,Kolkata,West Bengal,22.5726,88.3639,27.7,48.8,121.0,223.1,1.92,45.2,12.0,42.5,301
2024-03-24,Kolkata,West Bengal,22.5726,88.3639,22.8,77.4,96.2,150.2,1.54,42.7,13.7,31.9,221
2024-03-25,Kolkata,West Bengal,22.5726,88.3639,22.8,80.8,108.2,206.0,1.6,58.8,16.0,24.6,261
2024-03-26,Kolkata,West Bengal,22.5726,88.3639,25.1,68.3,118.8,170.5,1.94,50.1,13.7,23.6,296
2024-03-27,Kolkata,West Bengal,22.5726,88.3639,27.3,77.4,94.5,164.2,1.82,44.6,12.5,27.2,215
2024-03-28,Kolkata,West Bengal,22.5726,88.3639,22.2,72.5,82.6,125.3,1.41,39.4,14.5,28.4,175
2024-03-29,Kolkata,West Bengal,22.5726,88.3639,25.5,59.2,57.0,88.6,0.89,36.5,10.9,44.5,95
2024-03-30,Kolkata,West Bengal,22.5726,88.3639,24.7,87.7,86.7,143.9,1.36,29.4,13.3,35.8,189
2024-03-31,Kolkata,West Bengal,22.5726,88.3639,26.7,72.6,80.6,128.2,1.48,38.6,9.5,37.9,169
2024-04-01,Kolkata,West Bengal,22.5726,88.3639,26.4,75.4,72.3,88.2,1.24,37.5,11.7,29.6,141
2024-04-02,Kolkata,West Bengal,22.5726,88.3639,25.5,69.6,126.9,221.0,1.78,48.6,15.0,51.8,305
2024-04-03,Kolkata,West Bengal,22.5726,88.3639,26.4,71.9,113.5,200.5,1.63,52.4,14.0,27.3,278
2024-04-04,Kolkata,West Bengal,22.5726,88.3639,24.5,75.1,60.6,98.5,1.19,38.1,9.2,37.1,102
2024-04-05,Kolkata,West Bengal,22.5726,88.3639,27.2,66.7,93.0,150.0,1.3,46.5,13.4,45.3,210
2024-04-06,Kolkata,West Bengal,22.5726,88.3639,28.4,85.9,74.4,118.7,1.32,48.5,9.3,41.3,148
2024-04-07,Kolkata,West Bengal,22.5726,88.3639,26.2,79.9,95.7,133.4,1.58,42.0,13.7,28.9,219
2024-04-08,Kolkata,West Bengal,22.5726,88.3639,25.4,77.6,73.4,101.1,1.25,40.5,10.8,42.8,145
2024-04-09,Kolkata,West Bengal,22.5726,88.3639,26.0,73.0,77.1,136.4,1.2,41.5,9.4,26.2,157
2024-04-10,Kolkata,West Bengal,22.5726,88.3639,27.8,68.7,106.3,192.3,1.83,46.6,8.7,50.8,254
2024-04-11,Kolkata,West Bengal,22.5726,88.3639,26.4,81.3,102.0,177.5,1.43,53.4,17.0,37.3,240
2024-04-12,Kolkata,West Bengal,22.5726,88.3639,24.5,78.3,117.7,200.8,1.83,53.4,17.7,28.3,292
2024-04-13,Kolkata,West Bengal,22.5726,88.3639,28.4,71.3,79.7,140.9,1.49,32.3,10.0,29.2,166
2024-04-14,Kolkata,West Bengal,22.5726,88.3639,25.1,66.5,60.1,105.7,1.19,37.7,12.9,27.9,104
2024-04-15,Kolkata,West Bengal,22.5726,88.3639,27.7,63.0,100.5,153.9,1.8,43.2,11.0,36.9,235
2024-04-16,Kolkata,West Bengal,22.5726,88.3639,23.7,74.3,99.6,167.7,1.44,43.9,13.0,46.2,232
2024-04-17,Kolkata,West Bengal,22.5726,88.3639,27.4,72.3,92.4,148.3,1.41,42.1,11.8,39.5,208
2024-04-18,Kolkata,West Bengal,22.5726,88.3639,27.2,82.4,67.6,108.7,1.18,40.0,10.6,42.6,125
2024-04-19,Kolkata,West Bengal,22.5726,88.3639,23.9,81.1,62.3,113.4,1.69,40.4,12.9,38.1,109
2024-04-20,Kolkata,West Bengal,22.5726,88.3639,28.2,74.4,87.8,165.6,1.55,41.1,11.8,58.2,193
2024-04-21,Kolkata,West Bengal,22.5726,88.3639,25.7,73.6,63.5,82.5,1.31,33.0,10.1,34.3,112
2024-04-22,Kolkata,West Bengal,22.5726,88.3639,28.0,66.1,71.4,115.1,1.39,24.6,13.9,53.2,138
2024-04-23,Kolkata,West Bengal,22.5726,88.3639,27.2,81.6,143.3,229.8,2.1,55.6,17.6,29.0,318
2024-04-24,Kolkata,West Bengal,22.5726,88.3639,25.4,73.8,119.5,217.9,1.98,46.5,13.8,26.1,298
2024-04-25,Kolkata,West Bengal,22.5726,88.3639,26.3,78.5,88.1,126.1,1.2,44.0,13.8,35.7,194
2024-04-26,Kolkata,West Bengal,22.5726,88.3639,26.6,82.5,63.2,76.0,1.24,33.6,14.0,38.5,111
2024-04-27,Kolkata,West Bengal,22.5726,88.3639,30.2,70.3,61.7,109.4,1.25,28.3,14.1,49.7,106
2024-04-28,Kolkata,West Bengal,22.5726,88.3639,30.1,68.5,83.7,150.2,1.58,41.7,8.7,24.1,179
2024-04-29,Kolkata,West Bengal,22.5726,88.3639,32.6,91.6,98.2,135.8,1.42,45.0,10.0,46.6,227
2024-04-30,Kolkata,West Bengal,22.5726,88.3639,27.9,78.5,62.4,101.8,1.03,18.7,14.0,36.6,108
2024-05-01,Kolkata,West Bengal,22.5726,88.3639,27.9,72.5,62.4,117.3,1.04,40.6,10.1,35.7,112
2024-05-02,Kolkata,West Bengal,22.5726,88.3639,29.3,83.1,69.5,103.4,1.35,42.3,5.0,32.5,132
2024-05-03,Kolkata,West Bengal,22.5726,88.3639,28.5,72.3,49.6,82.6,1.13,28.4,7.8,40.8,83
2024-05-04,Kolkata,West Bengal,22.5726,88.3639,28.2,76.8,49.3,85.1,0.91,31.9,8.6,39.1,85
2024-05-05,Kolkata,West Bengal,22.5726,88.3639,29.5,70.6,50.7,72.7,1.35,28.3,9.1,41.7,84
2024-05-06,Kolkata,West Bengal,22.5726,88.3639,30.8,74.5,73.0,114.3,1.35,27.7,14.1,31.8,143
2024-05-07,Kolkata,West Bengal,22.5726,88.3639,25.8,72.8,67.8,94.7,1.27,48.7,8.6,38.3,126
2024-05-08,Kolkata,West Bengal,22.5726,88.3639,28.7,69.5,80.9,131.6,1.37,44.4,15.3,34.5,170
2024-05-09,Kolkata,West Bengal,22.5726,88.3639,27.4,76.5,42.4,64.9,1.11,33.2,10.2,29.4,71
2024-05-10,Kolkata,West Bengal,22.5726,88.3639,29.7,70.4,43.9,73.8,1.05,26.3,5.7,41.8,74
2024-05-11,Kolkata,West Bengal,22.5726,88.3639,30.9,79.0,66.7,116.5,1.53,42.1,10.4,39.6,122
2024-05-12,Kolkata,West Bengal,22.5726,88.3639,32.2,73.0,49.1,91.2,0.86,21.5,11.4,50.0,91
2024-05-13,Kolkata,West Bengal,22.5726,88.3639,29.6,63.1,49.1,98.2,0.81,28.2,10.0,40.9,98
2024-05-14,Kolkata,West Bengal,22.5726,88.3639,30.7,79.6,72.0,121.1,1.19,41.5,12.9,33.3,140
2024-05-15,Kolkata,West Bengal,22.5726,88.3639,27.6,79.9,50.2,80.5,1.14,26.3,8.3,35.0,84
2024-05-16,Kolkata,West Bengal,22.5726,88.3639,29.2,91.3,50.7,80.8,1.0,35.7,11.7,30.8,84
2024-05-17,Kolkata,West Bengal,22.5726,88.3639,31.2,75.8,51.9,78.1,1.27,32.4,9.0,56.8,86
2024-05-18,Kolkata,West Bengal,22.5726,88.3639,28.5,77.0,51.7,88.8,1.02,31.8,17.8,53.8,89
2024-05-19,Kolkata,West Bengal,22.5726,88.3639,33.3,79.2,61.5,97.0,1.35,29.4,7.0,61.4,105
2024-05-20,Kolkata,West Bengal,22.5726,88.3639,32.1,83.2,39.8,68.8,0.82,29.2,17.3,45.7,69
2024-05-21,Kolkata,West Bengal,22.5726,88.3639,29.7,82.9,48.9,73.8,1.22,41.2,7.1,55.9,82
2024-05-22,Kolkata,West Bengal,22.5726,88.3639,28.7,78.6,64.5,101.9,1.42,35.7,15.0,45.8,115
2024-05-23,Kolkata,West Bengal,22.5726,88.3639,30.2,76.3,78.2,134.2,1.28,42.4,14.7,37.0,161
2024-05-24,Kolkata,West Bengal,22.5726,88.3639,30.0,82.6,35.5,58.0,0.97,29.6,6.1,42.4,59
2024-05-25,Kolkata,West Bengal,22.5726,88.3639,29.6,76.4,50.4,68.7,1.1,23.3,11.8,43.9,84
2024-05-26,Kolkata,West Bengal,22.5726,88.3639,29.3,68.1,43.9,72.4,1.07,27.3,8.0,46.4,73
2024-05-27,Kolkata,West Bengal,22.5726,88.3639,31.6,66.8,43.8,67.0,1.18,27.0,10.3,52.0,73
2024-05-28,Kolkata,West Bengal,22.5726,88.3639,33.4,75.5,36.7,67.1,1.05,13.0,9.4,52.8,67
2024-05-29,Kolkata,West Bengal,22.5726,88.3639,30.9,78.6,50.3,90.3,1.14,34.8,9.0,44.7,90
2024-05-30,Kolkata,West Bengal,22.5726,88.3639,33.1,95.3,48.4,63.3,1.14,23.9,8.6,62.0,81
2024-05-31,Kolkata,West Bengal,22.5726,88.3639,31.8,77.4,70.2,124.4,1.09,40.6,12.6,46.0,134
2024-06-01,Kolkata,West Bengal,22.5726,88.3639,33.6,78.9,29.3,50.1,0.82,18.8,5.6,52.5,50
2024-06-02,Kolkata,West Bengal,22.5726,88.3639,31.2,76.0,25.9,37.0,0.62,34.5,5.5,48.7,43
2024-06-03,Kolkata,West Bengal,22.5726,88.3639,33.3,83.4,58.0,103.3,1.14,30.9,13.5,49.5,102
2024-06-04,Kolkata,West Bengal,22.5726,88.3639,33.1,81.3,35.3,51.5,1.06,36.8,10.1,41.5,59
2024-06-05,Kolkata,West Bengal,22.5726,88.3639,35.4,75.2,31.2,56.9,0.85,23.0,4.6,48.6,57
2024-06-06,Kolkata,West Bengal,22.5726,88.3639,34.1,72.9,34.7,53.9,0.51,24.8,5.8,73.7,58
2024-06-07,Kolkata,West Bengal,22.5726,88.3639,33.7,77.5,23.6,33.6,0.61,31.0,1.5,41.3,39
2024-06-08,Kolkata,West Bengal,22.5726,88.3639,30.7,74.7,33.6,66.0,0.96,19.2,11.4,50.9,66
2024-06-09,Kolkata,West Bengal,22.5726,88.3639,32.5,79.3,29.1,41.3,0.74,23.6,10.4,54.8,49
2024-06-10,Kolkata,West Bengal,22.5726,88.3639,32.1,82.3,36.0,55.1,1.02,28.8,5.6,58.9,60
2024-06-11,Kolkata,West Bengal,22.5726,88.3639,32.2,78.1,32.8,51.2,0.68,26.9,10.6,54.1,55
2024-06-12,Kolkata,West Bengal,22.5726,88.3639,33.8,92.2,31.9,50.5,0.91,24.5,14.5,69.0,53
2024-06-13,Kolkata,West Bengal,22.5726,88.3639,34.3,90.5,25.8,45.2,0.85,21.7,3.4,57.2,45
2024-06-14,Kolkata,West Bengal,22.5726,88.3639,34.5,81.1,33.4,55.4,0.99,29.8,6.8,65.6,56
2024-06-15,Kolkata,West Bengal,22.5726,88.3639,36.3,76.4,25.2,45.4,0.68,23.1,3.3,66.9,45
2024-06-16,Kolkata,West Bengal,22.5726,88.3639,35.0,83.3,18.7,31.8,0.82,25.8,10.3,69.5,32
2024-06-17,Kolkata,West Bengal,22.5726,88.3639,32.1,82.9,16.5,23.1,0.91,21.6,7.0,52.8,28
2024-06-18,Kolkata,West Bengal,22.5726,88.3639,34.7,83.8,15.9,27.5,0.34,23.0,6.1,60.2,28
2024-06-19,Kolkata,West Bengal,22.5726,88.3639,35.5,81.9,19.7,33.1,0.73,27.1,8.3,54.9,33
2024-06-20,Kolkata,West Bengal,22.5726,88.3639,36.8,77.7,12.0,18.6,0.36,16.0,5.3,62.0,20
2024-06-21,Kolkata,West Bengal,22.5726,88.3639,34.4,85.7,15.4,30.1,0.54,25.6,6.0,58.2,30
2024-06-22,Kolkata,West Bengal,22.5726,88.3639,34.5,83.3,11.4,19.8,0.51,16.7,7.7,40.4,20
2024-06-23,Kolkata,West Bengal,22.5726,88.3639,36.8,84.3,9.5,17.0,0.6,8.6,4.9,59.7,17
2024-06-24,Kolkata,West Bengal,22.5726,88.3639,35.2,87.2,8.9,16.0,0.66,14.9,5.3,65.6,16
2024-06-25,Kolkata,West Bengal,22.5726,88.3639,32.1,86.4,10.2,16.1,0.75,12.9,6.3,42.6,17
2024-06-26,Kolkata,West Bengal,22.5726,88.3639,31.8,87.8,10.8,18.8,0.66,19.7,7.1,44.9,19
2024-06-27,Kolkata,West Bengal,22.5726,88.3639,38.5,84.9,8.0,15.0,0.69,14.8,8.4,73.0,15
2024-06-28,Kolkata,West Bengal,22.5726,88.3639,32.2,90.5,8.0,15.0,0.43,17.3,8.4,64.4,15
2024-06-29,Kolkata,West Bengal,22.5726,88.3639,35.0,83.3,12.0,17.6,0.79,23.9,2.5,52.9,20
2024-06-30,Kolkata,West Bengal,22.5726,88.3639,37.0,81.1,8.0,15.0,0.2,25.5,10.9,62.8,15
2024-07-01,Kolkata,West Bengal,22.5726,88.3639,32.3,82.8,8.0,15.0,0.82,18.3,6.8,53.2,15
2024-07-02,Kolkata,West Bengal,22.5726,88.3639,33.6,84.6,8.0,15.0,0.79,23.1,5.6,65.3,15
2024-07-03,Kolkata,West Bengal,22.5726,88.3639,33.3,80.6,8.0,15.0,0.7,15.5,3.9,51.3,15
2024-07-04,Kolkata,West Bengal,22.5726,88.3639,38.9,78.1,8.0,15.0,0.92,7.2,12.6,61.4,15
2024-07-05,Kolkata,West Bengal,22.5726,88.3639,39.3,93.7,8.0,15.0,0.32,9.5,13.7,75.8,15
2024-07-06,Kolkata,West Bengal,22.5726,88.3639,34.4,98.0,8.0,15.1,0.71,15.4,12.2,49.2,15
2024-07-07,Kolkata,West Bengal,22.5726,88.3639,36.8,94.6,8.0,15.0,0.61,21.3,7.0,57.1,15
2024-07-08,Kolkata,West Bengal,22.5726,88.3639,36.4,87.5,8.0,15.0,0.63,15.4,7.7,61.5,15
2024-07-09,Kolkata,West Bengal,22.5726,88.3639,35.4,79.1,8.0,15.0,0.41,23.7,11.1,71.0,15
2024-07-10,Kolkata,West Bengal,22.5726,88.3639,33.0,92.6,8.0,15.0,0.65,27.5,5.9,45.4,15
2024-07-11,Kolkata,West Bengal,22.5726,88.3639,40.1,80.2,8.0,15.0,0.64,11.2,8.3,60.6,15
2024-07-12,Kolkata,West Bengal,22.5726,88.3639,32.7,91.0,8.0,15.0,0.49,29.3,7.3,59.2,15
2024-07-13,Kolkata,West Bengal,22.5726,88.3639,36.3,86.1,8.0,15.0,0.58,6.8,12.4,66.3,15
2024-07-14,Kolkata,West Bengal,22.5726,88.3639,34.8,75.9,8.0,15.0,0.39,27.7,10.9,59.6,15
2024-07-15,Kolkata,West Bengal,22.5726,88.3639,37.8,98.0,8.0,15.0,0.53,16.4,6.2,61.8,15
2024-07-16,Kolkata,West Bengal,22.5726,88.3639,37.5,83.2,8.0,15.0,0.73,15.2,11.2,63.3,15
2024-07-17,Kolkata,West Bengal,22.5726,88.3639,34.2,89.5,8.0,15.0,0.74,16.5,6.6,44.9,15
2024-07-18,Kolkata,West Bengal,22.5726,88.3639,34.6,91.1,8.0,15.0,0.7,11.8,5.0,58.3,15
2024-07-19,Kolkata,West Bengal,22.5726,88.3639,33.2,88.7,8.0,15.0,0.73,25.6,5.8,67.2,15
2024-07-20,Kolkata,West Bengal,22.5726,88.3639,36.3,95.2,8.0,15.0,0.73,12.4,7.1,49.8,15
2024-07-21,Kolkata,West Bengal,22.5726,88.3639,37.2,86.7,8.0,15.0,0.49,13.2,4.3,55.5,15
2024-07-22,Kolkata,West Bengal,22.5726,88.3639,35.1,94.5,8.0,15.0,0.64,8.3,5.1,55.3,15
2024-07-23,Kolkata,West Bengal,22.5726,88.3639,35.5,94.0,8.0,15.0,0.75,12.2,2.3,56.3,15
2024-07-24,Kolkata,West Bengal,22.5726,88.3639,39.3,82.0,8.0,15.0,0.38,12.4,4.2,79.8,15
2024-07-25,Kolkata,West Bengal,22.5726,88.3639,37.5,93.1,8.0,15.4,0.38,12.0,7.3,54.8,15
2024-07-26,Kolkata,West Bengal,22.5726,88.3639,38.2,83.9,8.0,15.0,0.37,15.5,9.8,54.3,15
2024-07-27,Kolkata,West Bengal,22.5726,88.3639,31.7,83.0,8.0,15.0,0.32,9.9,9.4,59.1,15
2024-07-28,Kolkata,West Bengal,22.5726,88.3639,36.7,92.9,8.0,15.0,0.43,26.1,7.9,55.7,15
2024-07-29,Kolkata,West Bengal,22.5726,88.3639,36.1,87.8,8.0,15.0,0.51,15.6,2.1,66.3,15
2024-07-30,Kolkata,West Bengal,22.5726,88.3639,33.4,93.1,8.0,15.0,0.82,18.8,4.1,54.0,15
2024-07-31,Kolkata,West Bengal,22.5726,88.3639,33.7,92.9,8.0,15.0,0.52,21.7,6.0,59.7,15
2024-08-01,Kolkata,West Bengal,22.5726,88.3639,35.1,79.9,8.0,15.0,0.36,28.7,9.5,45.8,15
2024-08-02,Kolkata,West Bengal,22.5726,88.3639,33.0,94.8,8.0,15.0,0.61,22.0,5.0,58.7,15
2024-08-03,Kolkata,West Bengal,22.5726,88.3639,33.9,91.3,8.0,15.0,0.56,15.1,3.0,58.2,15
2024-08-04,Kolkata,West Bengal,22.5726,88.3639,34.4,84.9,8.0,15.0,0.47,10.1,11.0,55.3,15
2024-08-05,Kolkata,West Bengal,22.5726,88.3639,36.2,87.7,8.0,15.0,0.5,18.6,4.4,50.3,15
2024-08-06,Kolkata,West Bengal,22.5726,88.3639,33.8,93.7,8.0,15.0,0.75,22.9,3.3,58.1,15
2024-08-07,Kolkata,West Bengal,22.5726,88.3639,34.2,85.8,11.9,17.9,0.42,18.7,7.6,62.4,20
2024-08-08,Kolkata,West Bengal,22.5726,88.3639,36.8,98.0,10.2,17.7,0.36,17.7,6.7,56.6,18
2024-08-09,Kolkata,West Bengal,22.5726,88.3639,31.7,97.7,11.5,20.0,0.7,19.0,5.4,48.5,20
2024-08-10,Kolkata,West Bengal,22.5726,88.3639,35.2,87.8,11.6,19.6,0.54,6.5,6.9,64.5,20
2024-08-11,Kolkata,West Bengal,22.5726,88.3639,35.4,85.0,12.3,20.3,0.87,18.8,4.2,72.1,21
2024-08-12,Kolkata,West Bengal,22.5726,88.3639,35.3,84.9,10.3,17.1,0.59,21.7,5.3,66.0,17
2024-08-13,Kolkata,West Bengal,22.5726,88.3639,33.6,81.6,11.6,17.6,0.61,17.4,6.8,57.4,19
2024-08-14,Kolkata,West Bengal,22.5726,88.3639,32.5,86.3,17.3,25.7,0.81,26.3,1.3,51.3,29
2024-08-15,Kolkata,West Bengal,22.5726,88.3639,37.0,89.8,18.1,31.3,0.45,26.7,10.3,60.2,31
2024-08-16,Kolkata,West Bengal,22.5726,88.3639,32.6,75.2,19.9,31.8,0.77,17.4,3.5,42.6,33
2024-08-17,Kolkata,West Bengal,22.5726,88.3639,32.1,88.8,25.1,43.1,0.72,24.7,5.2,50.6,43
2024-08-18,Kolkata,West Bengal,22.5726,88.3639,34.0,90.4,22.2,41.7,0.9,21.3,10.8,64.1,42
2024-08-19,Kolkata,West Bengal,22.5726,88.3639,32.5,87.5,21.3,33.7,0.64,8.6,9.4,53.2,36
2024-08-20,Kolkata,West Bengal,22.5726,88.3639,35.6,82.2,23.2,36.2,0.78,20.3,8.1,52.7,39
2024-08-21,Kolkata,West Bengal,22.5726,88.3639,33.2,86.5,27.0,43.3,0.75,16.5,3.0,47.6,45
2024-08-22,Kolkata,West Bengal,22.5726,88.3639,35.6,91.5,24.8,41.0,0.84,22.7,6.2,57.3,41
2024-08-23,Kolkata,West Bengal,22.5726,88.3639,34.2,81.6,35.7,62.1,0.86,29.5,8.2,44.3,62
2024-08-24,Kolkata,West Bengal,22.5726,88.3639,32.6,81.8,29.4,48.4,0.87,22.1,7.9,44.9,49
2024-08-25,Kolkata,West Bengal,22.5726,88.3639,35.2,96.2,32.5,63.9,1.12,19.0,12.0,68.3,64
2024-08-26,Kolkata,West Bengal,22.5726,88.3639,31.9,83.1,26.8,45.9,0.75,24.0,14.1,43.1,46
2024-08-27,Kolkata,West Bengal,22.5726,88.3639,32.4,73.6,42.2,74.5,1.03,42.2,11.2,44.2,74
2024-08-28,Kolkata,West Bengal,22.5726,88.3639,33.8,86.4,47.5,78.1,1.37,16.2,8.2,54.6,79
2024-08-29,Kolkata,West Bengal,22.5726,88.3639,33.1,82.8,26.6,47.9,0.85,23.9,11.8,49.8,48
2024-08-30,Kolkata,West Bengal,22.5726,88.3639,31.4,75.1,40.6,65.7,0.59,23.7,7.5,49.9,68
2024-08-31,Kolkata,West Bengal,22.5726,88.3639,29.7,71.6,37.5,58.2,0.82,23.4,1.1,53.7,62
2024-09-01,Kolkata,West Bengal,22.5726,88.3639,32.3,80.7,42.1,75.3,0.79,26.9,5.6,38.1,75
2024-09-02,Kolkata,West Bengal,22.5726,88.3639,30.9,78.4,45.1,74.0,1.14,26.4,2.5,54.0,75
2024-09-03,Kolkata,West Bengal,22.5726,88.3639,32.2,69.8,25.7,43.3,0.77,25.8,6.9,47.2,43
2024-09-04,Kolkata,West Bengal,22.5726,88.3639,31.2,77.6,51.0,91.7,1.23,28.9,9.5,45.6,92
2024-09-05,Kolkata,West Bengal,22.5726,88.3639,30.6,77.0,56.6,94.6,1.22,19.2,5.8,61.6,95
2024-09-06,Kolkata,West Bengal,22.5726,88.3639,31.3,77.3,59.6,97.0,1.25,40.7,8.2,35.8,99
2024-09-07,Kolkata,West Bengal,22.5726,88.3639,31.5,81.0,37.9,59.5,0.74,32.9,4.8,54.3,63
2024-09-08,Kolkata,West Bengal,22.5726,88.3639,32.8,65.0,47.4,85.8,1.1,25.5,9.4,59.7,86
2024-09-09,Kolkata,West Bengal,22.5726,88.3639,32.1,69.3,43.4,69.4,1.19,28.2,6.9,44.6,72
2024-09-10,Kolkata,West Bengal,22.5726,88.3639,35.0,73.5,32.8,53.9,0.65,31.8,11.7,50.4,55
2024-09-11,Kolkata,West Bengal,22.5726,88.3639,31.4,86.0,44.5,75.4,0.95,34.5,10.1,45.8,75
2024-09-12,Kolkata,West Bengal,22.5726,88.3639,29.8,93.1,41.1,69.5,1.01,35.3,14.1,41.1,70
2024-09-13,Kolkata,West Bengal,22.5726,88.3639,30.6,76.4,57.2,103.1,1.15,34.6,9.2,46.8,102
2024-09-14,Kolkata,West Bengal,22.5726,88.3639,31.8,76.5,37.9,62.1,1.14,30.7,15.5,57.2,63
2024-09-15,Kolkata,West Bengal,22.5726,88.3639,32.5,58.9,44.5,82.7,1.1,36.7,9.6,47.6,83
2024-09-16,Kolkata,West Bengal,22.5726,88.3639,33.0,82.2,50.2,80.9,1.12,28.0,8.4,58.1,84
2024-09-17,Kolkata,West Bengal,22.5726,88.3639,28.6,78.9,67.8,115.7,1.38,38.3,18.7,53.2,126
2024-09-18,Kolkata,West Bengal,22.5726,88.3639,32.6,77.6,107.3,174.1,1.81,35.5,9.1,47.9,258
2024-09-19,Kolkata,West Bengal,22.5726,88.3639,30.1,66.8,63.3,124.3,1.21,24.8,9.4,49.0,116
2024-09-20,Kolkata,West Bengal,22.5726,88.3639,28.4,89.3,48.0,76.6,0.98,32.3,4.8,38.9,80
2024-09-21,Kolkata,West Bengal,22.5726,88.3639,29.6,85.9,52.7,84.8,1.23,34.8,4.7,24.0,88
2024-09-22,Kolkata,West Bengal,22.5726,88.3639,32.0,77.2,71.8,119.6,1.19,34.6,5.5,51.7,139
2024-09-23,Kolkata,West Bengal,22.5726,88.3639,30.5,82.0,46.9,75.5,1.01,25.4,11.6,53.5,78
2024-09-24,Kolkata,West Bengal,22.5726,88.3639,27.4,75.4,81.4,138.2,1.23,37.9,8.5,40.6,171
2024-09-25,Kolkata,West Bengal,22.5726,88.3639,27.3,80.7,68.9,126.4,1.38,37.2,10.7,47.0,130
2024-09-26,Kolkata,West Bengal,22.5726,88.3639,27.1,65.7,64.0,107.0,1.4,20.6,13.8,35.6,113
2024-09-27,Kolkata,West Bengal,22.5726,88.3639,27.9,58.9,46.0,77.2,0.87,31.5,11.1,47.1,77
2024-09-28,Kolkata,West Bengal,22.5726,88.3639,29.2,65.8,82.7,133.7,1.4,40.7,13.9,53.2,176
2024-09-29,Kolkata,West Bengal,22.5726,88.3639,26.9,69.0,57.9,91.1,1.07,34.0,14.3,45.6,96
2024-09-30,Kolkata,West Bengal,22.5726,88.3639,28.1,70.1,71.7,119.4,1.46,36.2,16.6,51.5,139
2024-10-01,Kolkata,West Bengal,22.5726,88.3639,31.2,77.7,67.8,112.0,1.47,27.4,7.7,57.0,126
2024-10-02,Kolkata,West Bengal,22.5726,88.3639,31.5,72.7,50.2,91.6,0.99,23.5,11.5,38.6,92
2024-10-03,Kolkata,West Bengal,22.5726,88.3639,31.2,74.2,68.4,103.0,0.8,45.0,10.7,51.9,128
2024-10-04,Kolkata,West Bengal,22.5726,88.3639,25.1,66.1,55.8,104.2,1.29,28.0,10.0,32.5,103
2024-10-05,Kolkata,West Bengal,22.5726,88.3639,31.2,65.5,63.8,103.9,1.22,39.3,6.6,37.7,113
2024-10-06,Kolkata,West Bengal,22.5726,88.3639,28.3,74.6,81.9,137.0,1.42,33.7,11.0,37.7,173
2024-10-07,Kolkata,West Bengal,22.5726,88.3639,28.1,70.5,87.9,131.0,1.62,42.0,11.8,53.2,193
2024-10-08,Kolkata,West Bengal,22.5726,88.3639,29.7,74.3,75.9,131.6,1.29,35.6,16.4,38.6,153
2024-10-09,Kolkata,West Bengal,22.5726,88.3639,29.0,78.1,63.4,95.5,1.11,32.6,7.6,29.0,111
2024-10-10,Kolkata,West Bengal,22.5726,88.3639,24.2,85.7,67.5,115.1,1.2,33.6,4.2,23.5,125
2024-10-11,Kolkata,West Bengal,22.5726,88.3639,26.4,74.1,67.9,114.9,1.33,44.4,11.4,42.2,126
2024-10-12,Kolkata,West Bengal,22.5726,88.3639,26.7,86.9,49.7,79.5,1.18,41.5,6.2,34.7,83
2024-10-13,Kolkata,West Bengal,22.5726,88.3639,24.8,77.0,81.6,109.3,1.65,41.5,12.1,18.2,172
2024-10-14,Kolkata,West Bengal,22.5726,88.3639,28.9,79.0,56.2,111.0,1.19,29.5,12.5,32.4,107
2024-10-15,Kolkata,West Bengal,22.5726,88.3639,29.6,81.5,83.3,124.3,1.4,32.7,12.4,43.3,178
2024-10-16,Kolkata,West Bengal,22.5726,88.3639,26.8,79.2,60.0,101.4,1.3,24.8,9.5,46.2,101
2024-10-17,Kolkata,West Bengal,22.5726,88.3639,27.3,68.5,64.0,98.7,1.07,43.2,10.7,36.7,113
2024-10-18,Kolkata,West Bengal,22.5726,88.3639,26.6,81.7,97.7,176.5,1.8,36.4,16.4,41.0,226
2024-10-19,Kolkata,West Bengal,22.5726,88.3639,26.7,71.5,85.6,136.3,1.48,38.7,9.4,44.4,185
2024-10-20,Kolkata,West Bengal,22.5726,88.3639,28.4,76.2,56.7,87.2,1.1,33.1,12.7,36.5,94
2024-10-21,Kolkata,West Bengal,22.5726,88.3639,23.1,75.0,76.7,133.3,1.21,22.9,9.1,31.3,156
2024-10-22,Kolkata,West Bengal,22.5726,88.3639,27.0,82.1,92.7,135.2,1.62,36.2,15.2,32.1,209
2024-10-23,Kolkata,West Bengal,22.5726,88.3639,26.0,76.8,77.0,122.3,1.31,30.6,7.5,41.3,157
2024-10-24,Kolkata,West Bengal,22.5726,88.3639,24.6,64.3,82.6,144.8,1.4,36.4,14.2,29.2,175
2024-10-25,Kolkata,West Bengal,22.5726,88.3639,24.9,88.7,94.8,177.8,1.3,45.9,13.3,23.6,216
2024-10-26,Kolkata,West Bengal,22.5726,88.3639,29.0,79.9,91.5,137.8,1.45,49.4,13.6,40.6,205
2024-10-27,Kolkata,West Bengal,22.5726,88.3639,23.1,70.2,73.5,114.5,1.23,33.5,14.8,41.6,145
2024-10-28,Kolkata,West Bengal,22.5726,88.3639,25.1,66.1,92.6,157.7,1.59,40.9,10.9,38.0,209
2024-10-29,Kolkata,West Bengal,22.5726,88.3639,28.2,80.7,87.2,117.8,1.43,41.2,12.9,47.5,191
2024-10-30,Kolkata,West Bengal,22.5726,88.3639,22.9,66.9,136.9,253.7,1.62,53.0,17.9,33.3,313
2024-10-31,Kolkata,West Bengal,22.5726,88.3639,24.2,79.6,92.3,138.4,1.46,46.0,12.5,32.9,208
2024-11-01,Kolkata,West Bengal,22.5726,88.3639,25.0,81.5,98.0,155.3,1.37,48.1,16.0,28.5,227
2024-11-02,Kolkata,West Bengal,22.5726,88.3639,25.6,69.5,101.5,171.5,1.47,30.2,15.1,26.8,238
2024-11-03,Kolkata,West Bengal,22.5726,88.3639,24.6,68.8,90.0,149.2,1.65,46.6,11.5,20.6,200
2024-11-04,Kolkata,West Bengal,22.5726,88.3639,23.0,70.7,83.1,125.1,1.17,41.4,16.4,41.0,177
2024-11-05,Kolkata,West Bengal,22.5726,88.3639,25.3,67.1,108.6,207.1,1.75,50.3,16.4,30.0,262
2024-11-06,Kolkata,West Bengal,22.5726,88.3639,24.2,75.6,109.6,138.4,1.64,56.1,12.2,17.1,265
2024-11-07,Kolkata,West Bengal,22.5726,88.3639,25.4,76.6,157.4,233.2,2.14,53.7,16.0,37.8,329
2024-11-08,Kolkata,West Bengal,22.5726,88.3639,25.8,79.1,118.1,183.5,1.66,44.2,14.8,33.3,294
2024-11-09,Kolkata,West Bengal,22.5726,88.3639,21.4,68.2,119.3,179.9,1.87,51.8,16.9,33.0,298
2024-11-10,Kolkata,West Bengal,22.5726,88.3639,25.8,79.9,119.1,218.3,1.89,38.2,8.9,30.3,297
2024-11-11,Kolkata,West Bengal,22.5726,88.3639,23.4,67.1,88.0,123.2,1.22,40.9,10.6,25.3,193
2024-11-12,Kolkata,West Bengal,22.5726,88.3639,25.2,79.9,78.2,147.2,1.54,44.1,10.5,39.1,161
2024-11-13,Kolkata,West Bengal,22.5726,88.3639,24.5,63.6,83.2,133.8,1.25,43.0,8.3,38.1,177
2024-11-14,Kolkata,West Bengal,22.5726,88.3639,26.9,85.0,121.5,175.7,1.91,53.4,12.7,31.6,301
2024-11-15,Kolkata,West Bengal,22.5726,88.3639,23.4,70.4,143.7,191.8,1.92,58.6,17.9,36.6,318
2024-11-16,Kolkata,West Bengal,22.5726,88.3639,22.6,78.2,124.3,201.1,1.81,51.2,14.5,34.3,303
2024-11-17,Kolkata,West Bengal,22.5726,88.3639,22.3,78.8,102.6,158.5,1.45,43.9,13.0,32.9,242
2024-11-18,Kolkata,West Bengal,22.5726,88.3639,21.2,65.1,154.8,261.0,2.14,64.9,14.3,12.6,327
2024-11-19,Kolkata,West Bengal,22.5726,88.3639,24.5,79.8,97.7,154.6,1.56,36.0,13.2,22.4,226
2024-11-20,Kolkata,West Bengal,22.5726,88.3639,20.9,70.1,84.2,150.9,1.26,49.7,8.2,37.7,181
2024-11-21,Kolkata,West Bengal,22.5726,88.3639,24.3,71.9,115.2,187.6,1.83,46.4,19.6,12.8,284
2024-11-22,Kolkata,West Bengal,22.5726,88.3639,22.3,69.3,145.6,231.0,2.18,63.9,22.9,23.4,320
2024-11-23,Kolkata,West Bengal,22.5726,88.3639,19.4,85.3,91.5,164.4,1.92,43.8,11.9,26.1,205
2024-11-24,Kolkata,West Bengal,22.5726,88.3639,25.2,65.8,76.2,128.3,1.49,31.4,8.7,31.8,154
2024-11-25,Kolkata,West Bengal,22.5726,88.3639,16.4,77.0,112.3,198.4,1.92,57.7,17.6,17.7,274
2024-11-26,Kolkata,West Bengal,22.5726,88.3639,22.2,69.6,132.7,241.8,1.71,63.0,18.4,28.6,310
2024-11-27,Kolkata,West Bengal,22.5726,88.3639,22.7,81.6,58.6,94.2,0.86,23.3,16.3,28.7,98
2024-11-28,Kolkata,West Bengal,22.5726,88.3639,18.0,90.2,140.3,232.2,2.01,58.4,23.6,24.9,316
2024-11-29,Kolkata,West Bengal,22.5726,88.3639,22.9,69.6,84.2,149.5,1.7,42.2,6.7,35.8,181
2024-11-30,Kolkata,West Bengal,22.5726,88.3639,20.8,75.0,134.0,171.8,2.36,44.4,20.2,21.4,311
2024-12-01,Kolkata,West Bengal,22.5726,88.3639,21.5,71.3,74.0,120.9,1.22,24.9,11.3,23.3,147
2024-12-02,Kolkata,West Bengal,22.5726,88.3639,24.2,81.3,83.4,134.7,1.34,35.7,14.3,32.7,178
2024-12-03,Kolkata,West Bengal,22.5726,88.3639,22.0,72.3,132.7,226.4,2.06,48.6,18.9,41.8,310
2024-12-04,Kolkata,West Bengal,22.5726,88.3639,21.0,80.3,152.0,232.5,2.16,56.4,20.4,15.4,325
2024-12-05,Kolkata,West Bengal,22.5726,88.3639,21.3,71.2,116.6,211.5,1.77,43.4,18.3,37.6,289
2024-12-06,Kolkata,West Bengal,22.5726,88.3639,24.7,89.7,198.7,305.9,2.8,76.9,20.2,8.6,361
2024-12-07,Kolkata,West Bengal,22.5726,88.3639,22.2,58.7,94.1,148.7,1.95,38.7,10.7,22.2,214
2024-12-08,Kolkata,West Bengal,22.5726,88.3639,19.8,76.6,94.2,146.0,1.74,50.8,17.1,20.9,214
2024-12-09,Kolkata,West Bengal,22.5726,88.3639,20.4,73.9,111.1,203.8,2.01,50.6,12.3,32.2,270
2024-12-10,Kolkata,West Bengal,22.5726,88.3639,19.1,73.7,110.3,147.5,1.45,54.1,20.4,23.0,268
2024-12-11,Kolkata,West Bengal,22.5726,88.3639,20.4,76.0,127.3,244.1,2.08,44.6,13.9,33.3,306
2024-12-12,Kolkata,West Bengal,22.5726,88.3639,24.0,74.4,101.9,190.7,1.49,42.8,13.0,28.5,240
2024-12-13,Kolkata,West Bengal,22.5726,88.3639,20.7,75.5,136.4,213.6,2.27,58.5,16.3,22.1,313
2024-12-14,Kolkata,West Bengal,22.5726,88.3639,18.6,76.9,136.2,245.7,2.22,60.3,12.3,16.5,312
2024-12-15,Kolkata,West Bengal,22.5726,88.3639,21.7,86.2,172.9,288.6,2.51,65.4,15.2,36.6,341
2024-12-16,Kolkata,West Bengal,22.5726,88.3639,20.1,54.6,109.2,207.2,1.6,45.9,17.5,15.4,264
2024-12-17,Kolkata,West Bengal,22.5726,88.3639,21.8,86.9,131.3,235.5,1.89,53.7,11.3,20.7,309
2024-12-18,Kolkata,West Bengal,22.5726,88.3639,20.3,91.9,139.8,276.6,1.99,56.9,24.7,13.7,315
2024-12-19,Kolkata,West Bengal,22.5726,88.3639,23.3,61.7,122.5,173.4,1.98,66.2,15.5,32.6,302
2024-12-20,Kolkata,West Bengal,22.5726,88.3639,19.0,74.3,117.4,197.1,1.86,53.4,12.3,12.5,291
2024-12-21,Kolkata,West Bengal,22.5726,88.3639,18.5,83.6,78.3,109.0,1.58,39.3,13.5,39.3,161
2024-12-22,Kolkata,West Bengal,22.5726,88.3639,22.2,80.4,125.9,197.9,2.14,46.7,8.7,26.6,305
2024-12-23,Kolkata,West Bengal,22.5726,88.3639,16.9,85.7,141.2,280.7,1.94,51.8,16.3,19.2,316
2024-12-24,Kolkata,West Bengal,22.5726,88.3639,20.1,76.6,122.6,210.9,1.93,52.0,15.2,26.7,302
2024-12-25,Kolkata,West Bengal,22.5726,88.3639,21.9,59.8,104.8,188.4,1.73,54.3,10.6,27.3,249
2024-12-26,Kolkata,West Bengal,22.5726,88.3639,16.4,83.1,86.2,148.9,1.44,40.4,11.0,21.6,187
2024-12-27,Kolkata,West Bengal,22.5726,88.3639,20.4,78.4,138.0,237.1,2.18,57.2,21.6,22.6,314
2024-12-28,Kolkata,West Bengal,22.5726,88.3639,17.6,84.3,126.1,198.2,1.97,49.9,16.6,22.7,305
2024-12-29,Kolkata,West Bengal,22.5726,88.3639,16.9,63.3,170.3,262.8,2.31,58.0,20.8,8.0,339
2024-12-30,Kolkata,West Bengal,22.5726,88.3639,18.3,65.5,91.3,143.1,1.49,45.8,10.9,15.2,204
2024-12-31,Kolkata,West Bengal,22.5726,88.3639,19.9,74.1,113.4,140.7,1.71,48.8,11.1,30.0,278
2025-01-01,Kolkata,West Bengal,22.5726,88.3639,18.9,83.3,94.1,154.0,1.44,46.8,12.8,23.9,214
2025-01-02,Kolkata,West Bengal,22.5726,88.3639,22.2,85.3,157.9,266.1,2.24,65.4,11.3,8.0,329
2025-01-03,Kolkata,West Bengal,22.5726,88.3639,20.3,68.9,165.7,258.0,2.15,61.2,16.0,15.1,335
2025-01-04,Kolkata,West Bengal,22.5726,88.3639,19.2,71.2,192.8,314.3,2.71,77.0,17.7,26.8,356
2025-01-05,Kolkata,West Bengal,22.5726,88.3639,17.7,94.1,141.8,245.1,2.29,51.6,11.2,15.9,317
2025-01-06,Kolkata,West Bengal,22.5726,88.3639,20.5,70.1,150.6,268.4,2.18,63.5,20.0,16.5,324
2025-01-07,Kolkata,West Bengal,22.5726,88.3639,23.8,78.7,139.4,205.0,2.19,58.2,16.8,15.1,315
2025-01-08,Kolkata,West Bengal,22.5726,88.3639,18.8,70.8,143.8,220.1,2.12,69.3,15.6,14.1,318
2025-01-09,Kolkata,West Bengal,22.5726,88.3639,19.0,77.3,128.2,226.1,1.77,49.8,18.3,11.2,306
2025-01-10,Kolkata,West Bengal,22.5726,88.3639,18.1,67.9,145.4,252.8,2.42,52.6,12.7,20.9,320
2025-01-11,Kolkata,West Bengal,22.5726,88.3639,22.1,68.1,203.4,376.5,2.4,76.6,18.2,18.5,364
2025-01-12,Kolkata,West Bengal,22.5726,88.3639,21.7,71.4,133.3,246.0,1.98,60.3,20.0,21.4,310
2025-01-13,Kolkata,West Bengal,22.5726,88.3639,19.2,70.2,127.7,257.1,1.8,38.1,23.1,14.8,306
2025-01-14,Kolkata,West Bengal,22.5726,88.3639,18.9,71.9,132.8,213.2,2.21,61.7,18.7,32.2,310
2025-01-15,Kolkata,West Bengal,22.5726,88.3639,18.3,77.7,123.0,232.1,1.9,52.1,17.3,14.3,302
2025-01-16,Kolkata,West Bengal,22.5726,88.3639,19.5,87.2,134.2,202.9,2.37,50.1,15.0,15.1,311
2025-01-17,Kolkata,West Bengal,22.5726,88.3639,21.8,69.9,122.1,245.2,1.86,50.9,14.1,23.8,302
2025-01-18,Kolkata,West Bengal,22.5726,88.3639,20.1,67.1,163.4,280.7,2.2,61.8,19.8,18.0,333
2025-01-19,Kolkata,West Bengal,22.5726,88.3639,22.3,74.1,159.8,276.6,2.02,57.8,22.9,26.6,331
2025-01-20,Kolkata,West Bengal,22.5726,88.3639,18.7,68.0,204.4,367.6,2.94,67.8,23.6,20.0,365
2025-01-21,Kolkata,West Bengal,22.5726,88.3639,15.9,62.6,126.2,182.6,1.78,58.8,19.0,22.6,305
2025-01-22,Kolkata,West Bengal,22.5726,88.3639,24.7,81.4,135.1,201.1,1.94,53.9,14.1,48.5,312
2025-01-23,Kolkata,West Bengal,22.5726,88.3639,20.5,74.6,133.7,223.0,2.17,54.4,18.6,8.8,311
2025-01-24,Kolkata,West Bengal,22.5726,88.3639,21.5,75.2,132.2,225.1,2.13,61.4,14.6,26.0,309
2025-01-25,Kolkata,West Bengal,22.5726,88.3639,18.7,60.5,162.1,318.1,2.21,66.2,19.4,12.5,332
2025-01-26,Kolkata,West Bengal,22.5726,88.3639,17.7,69.9,88.3,133.2,1.41,32.9,14.9,38.5,194
2025-01-27,Kolkata,West Bengal,22.5726,88.3639,20.4,64.1,139.6,262.6,1.79,62.7,15.6,23.1,315
2025-01-28,Kolkata,West Bengal,22.5726,88.3639,16.6,73.9,195.4,314.7,2.36,85.4,18.6,8.0,358
2025-01-29,Kolkata,West Bengal,22.5726,88.3639,19.7,74.9,169.8,273.0,2.5,71.3,20.7,21.1,338
2025-01-30,Kolkata,West Bengal,22.5726,88.3639,22.1,74.9,165.3,268.7,2.47,61.7,18.8,23.9,335
2025-01-31,Kolkata,West Bengal,22.5726,88.3639,21.1,69.3,150.9,242.1,2.23,53.5,18.5,27.7,324
2025-02-01,Kolkata,West Bengal,22.5726,88.3639,20.8,68.0,109.8,189.2,1.75,43.7,16.8,19.4,266
2025-02-02,Kolkata,West Bengal,22.5726,88.3639,23.5,72.6,105.9,168.5,1.57,48.5,18.4,32.6,253
2025-02-03,Kolkata,West Bengal,22.5726,88.3639,21.0,76.5,105.9,152.4,1.9,56.5,16.5,23.9,253
2025-02-04,Kolkata,West Bengal,22.5726,88.3639,17.0,69.9,96.9,156.0,1.31,40.4,15.3,15.1,223
2025-02-05,Kolkata,West Bengal,22.5726,88.3639,20.2,67.4,152.9,262.8,2.13,59.0,16.7,22.7,325
2025-02-06,Kolkata,West Bengal,22.5726,88.3639,24.0,67.7,171.2,246.4,2.43,74.9,18.7,25.4,339
2025-02-07,Kolkata,West Bengal,22.5726,88.3639,20.0,69.4,136.0,236.3,2.01,54.9,18.2,29.8,312
2025-02-08,Kolkata,West Bengal,22.5726,88.3639,23.9,70.8,147.2,268.9,2.14,71.4,16.7,26.8,321
2025-02-09,Kolkata,West Bengal,22.5726,88.3639,22.5,66.3,131.2,245.6,1.88,55.1,17.8,30.7,309
2025-02-10,Kolkata,West Bengal,22.5726,88.3639,20.0,70.9,139.0,236.4,2.13,65.5,14.7,11.4,315
2025-02-11,Kolkata,West Bengal,22.5726,88.3639,18.8,82.7,76.8,105.9,1.17,40.9,17.9,36.6,156
2025-02-12,Kolkata,West Bengal,22.5726,88.3639,21.4,71.9,130.7,228.4,1.93,60.1,17.0,18.0,308
2025-02-13,Kolkata,West Bengal,22.5726,88.3639,23.1,65.3,110.7,198.8,1.8,48.4,15.2,36.2,269
2025-02-14,Kolkata,West Bengal,22.5726,88.3639,18.1,58.2,120.2,185.7,1.79,51.8,14.2,22.0,300
2025-02-15,Kolkata,West Bengal,22.5726,88.3639,21.2,86.9,127.0,208.1,1.91,57.1,21.9,25.3,305
2025-02-16,Kolkata,West Bengal,22.5726,88.3639,17.4,82.0,102.9,177.2,1.68,51.7,10.5,26.6,243
2025-02-17,Kolkata,West Bengal,22.5726,88.3639,20.5,76.0,94.7,181.7,1.29,47.5,11.5,9.2,216
2025-02-18,Kolkata,West Bengal,22.5726,88.3639,18.2,82.1,101.5,163.6,1.38,35.9,16.7,17.4,238
2025-02-19,Kolkata,West Bengal,22.5726,88.3639,22.2,77.7,86.6,154.5,1.48,43.3,13.7,35.9,189
2025-02-20,Kolkata,West Bengal,22.5726,88.3639,20.1,73.5,92.1,156.3,1.43,39.5,11.6,41.3,207
2025-02-21,Kolkata,West Bengal,22.5726,88.3639,23.5,65.3,94.5,158.8,1.47,41.0,11.9,30.9,215
2025-02-22,Kolkata,West Bengal,22.5726,88.3639,20.5,87.4,85.9,158.9,1.54,44.2,12.0,8.0,186
2025-02-23,Kolkata,West Bengal,22.5726,88.3639,20.4,70.9,131.8,201.0,1.82,66.4,16.8,19.9,309
2025-02-24,Kolkata,West Bengal,22.5726,88.3639,18.7,71.3,95.8,161.4,1.2,43.3,18.3,22.8,219
2025-02-25,Kolkata,West Bengal,22.5726,88.3639,22.4,74.3,77.2,127.7,1.61,50.5,14.0,40.0,157
2025-02-26,Kolkata,West Bengal,22.5726,88.3639,22.6,74.4,106.0,151.0,1.86,41.3,17.6,29.0,253
2025-02-27,Kolkata,West Bengal,22.5726,88.3639,23.5,78.0,90.3,165.6,1.68,50.3,11.9,21.4,201
2025-02-28,Kolkata,West Bengal,22.5726,88.3639,23.1,77.2,158.2,280.7,2.09,67.2,20.2,31.8,329
2025-03-01,Kolkata,West Bengal,22.5726,88.3639,22.7,70.0,117.6,194.7,1.8,52.9,10.7,32.1,292
2025-03-02,Kolkata,West Bengal,22.5726,88.3639,23.2,74.2,82.3,132.5,1.22,48.6,13.1,26.2,174
2025-03-03,Kolkata,West Bengal,22.5726,88.3639,23.4,77.8,128.2,211.5,1.92,51.2,16.6,33.4,306
2025-03-04,Kolkata,West Bengal,22.5726,88.3639,23.9,69.4,114.7,201.4,1.72,58.4,20.6,25.4,282
2025-03-05,Kolkata,West Bengal,22.5726,88.3639,19.6,84.1,106.3,176.2,1.52,46.8,19.2,21.3,254
2025-03-06,Kolkata,West Bengal,22.5726,88.3639,21.6,73.9,157.5,244.1,2.33,60.6,17.8,17.6,329
2025-03-07,Kolkata,West Bengal,22.5726,88.3639,19.6,85.2,89.4,140.6,1.45,34.6,10.7,23.0,198
2025-03-08,Kolkata,West Bengal,22.5726,88.3639,23.2,64.3,138.4,228.1,2.3,67.8,14.7,33.6,314
2025-03-09,Kolkata,West Bengal,22.5726,88.3639,25.7,78.6,100.2,151.2,1.63,52.9,13.1,19.7,234
2025-03-10,Kolkata,West Bengal,22.5726,88.3639,24.4,67.8,108.5,184.5,1.32,45.9,18.6,40.1,262
2025-03-11,Kolkata,West Bengal,22.5726,88.3639,21.8,69.6,91.9,140.7,1.25,46.7,14.6,30.1,206
2025-03-12,Kolkata,West Bengal,22.5726,88.3639,23.9,80.3,92.6,139.6,1.84,44.4,15.0,28.9,209
2025-03-13,Kolkata,West Bengal,22.5726,88.3639,23.7,72.4,97.3,207.1,1.53,43.0,16.2,31.4,224
2025-03-14,Kolkata,West Bengal,22.5726,88.3639,23.6,92.2,70.1,136.0,1.31,42.2,8.6,26.5,134
2025-03-15,Kolkata,West Bengal,22.5726,88.3639,21.0,77.6,114.2,190.8,1.77,46.8,13.0,12.1,281
2025-03-16,Kolkata,West Bengal,22.5726,88.3639,25.8,69.1,107.8,191.6,1.91,35.3,16.2,26.4,259
2025-03-17,Kolkata,West Bengal,22.5726,88.3639,21.4,77.6,75.1,135.4,1.05,39.6,9.7,14.6,150
2025-03-18,Kolkata,West Bengal,22.5726,88.3639,23.0,72.3,120.0,196.6,2.03,52.8,11.0,16.9,300
2025-03-19,Kolkata,West Bengal,22.5726,88.3639,25.5,79.8,142.0,240.4,2.27,55.9,14.1,16.5,317
2025-03-20,Kolkata,West Bengal,22.5726,88.3639,23.2,71.9,88.5,142.5,1.48,37.0,16.2,41.0,195
2025-03-21,Kolkata,West Bengal,22.5726,88.3639,24.1,76.8,85.6,157.3,1.51,32.0,11.7,22.7,185
2025-03-22,Kolkata,West Bengal,22.5726,88.3639,24.3,75.4,129.0,237.4,1.88,53.1,17.0,28.6,307
2025-03-23,Kolkata,West Bengal,22.5726,88.3639,24.3,74.6,109.6,206.5,1.46,43.8,11.7,39.8,265
2025-03-24,Kolkata,West Bengal,22.5726,88.3639,24.5,81.3,96.6,163.3,1.66,50.7,14.9,39.3,222
2025-03-25,Kolkata,West Bengal,22.5726,88.3639,24.8,61.4,118.2,233.6,1.85,54.9,14.7,28.4,294
2025-03-26,Kolkata,West Bengal,22.5726,88.3639,24.6,74.7,104.2,170.8,1.7,44.4,15.7,29.7,247
2025-03-27,Kolkata,West Bengal,22.5726,88.3639,23.0,69.1,133.4,261.0,2.05,59.8,15.2,27.9,310
2025-03-28,Kolkata,West Bengal,22.5726,88.3639,21.9,64.6,96.3,152.2,1.48,44.2,15.2,45.4,221
2025-03-29,Kolkata,West Bengal,22.5726,88.3639,26.6,68.1,105.4,153.3,1.89,46.1,12.8,38.4,251
2025-03-30,Kolkata,West Bengal,22.5726,88.3639,26.8,69.7,121.2,236.8,1.85,52.5,15.5,39.2,301
2025-03-31,Kolkata,West Bengal,22.5726,88.3639,25.7,72.4,55.1,96.4,1.19,42.3,9.6,56.7,96
2025-04-01,Kolkata,West Bengal,22.5726,88.3639,25.8,76.4,120.2,207.7,1.8,56.3,15.7,34.4,300
2025-04-02,Kolkata,West Bengal,22.5726,88.3639,23.7,77.8,83.2,132.7,1.58,38.8,13.5,41.7,177
2025-04-03,Kolkata,West Bengal,22.5726,88.3639,21.0,71.2,102.9,156.7,1.66,52.3,12.7,30.2,243
2025-04-04,Kolkata,West Bengal,22.5726,88.3639,25.1,85.1,131.8,202.7,1.95,61.3,16.2,33.7,309
2025-04-05,Kolkata,West Bengal,22.5726,88.3639,22.2,71.4,84.7,141.6,1.62,42.7,13.3,22.4,182
2025-04-06,Kolkata,West Bengal,22.5726,88.3639,26.1,60.4,81.3,132.3,1.14,38.0,14.0,27.6,171
2025-04-07,Kolkata,West Bengal,22.5726,88.3639,28.2,71.6,88.0,119.6,1.44,39.8,12.8,35.3,193
2025-04-08,Kolkata,West Bengal,22.5726,88.3639,24.9,74.4,64.2,122.2,1.12,28.1,8.5,43.5,115
2025-04-09,Kolkata,West Bengal,22.5726,88.3639,25.1,51.1,142.0,225.4,2.13,60.5,17.6,35.7,317
2025-04-10,Kolkata,West Bengal,22.5726,88.3639,24.4,82.5,86.0,157.8,1.5,37.8,14.9,44.2,187
2025-04-11,Kolkata,West Bengal,22.5726,88.3639,26.5,73.3,123.5,190.7,1.87,50.9,11.9,32.9,303
2025-04-12,Kolkata,West Bengal,22.5726,88.3639,26.4,66.0,79.2,132.5,1.27,43.1,8.4,41.7,164
2025-04-13,Kolkata,West Bengal,22.5726,88.3639,24.8,67.3,85.0,152.7,1.44,51.3,10.8,38.5,183
2025-04-14,Kolkata,West Bengal,22.5726,88.3639,28.4,79.4,102.9,182.7,1.69,49.2,13.7,37.3,243
2025-04-15,Kolkata,West Bengal,22.5726,88.3639,31.7,80.3,65.0,104.6,1.2,34.2,4.6,44.7,117
2025-04-16,Kolkata,West Bengal,22.5726,88.3639,29.1,69.5,80.2,138.5,1.56,39.6,14.1,29.7,167
2025-04-17,Kolkata,West Bengal,22.5726,88.3639,26.9,64.6,99.2,173.7,1.69,52.6,13.4,34.9,231
2025-04-18,Kolkata,West Bengal,22.5726,88.3639,27.0,75.0,76.8,124.9,1.36,40.9,5.1,37.7,156
2025-04-19,Kolkata,West Bengal,22.5726,88.3639,26.4,76.3,71.6,106.2,0.94,38.1,8.4,47.2,139
2025-04-20,Kolkata,West Bengal,22.5726,88.3639,26.5,78.1,100.8,156.8,1.59,47.8,13.2,45.2,236
2025-04-21,Kolkata,West Bengal,22.5726,88.3639,29.3,70.2,106.2,169.2,1.77,39.4,9.2,40.4,254
2025-04-22,Kolkata,West Bengal,22.5726,88.3639,29.5,73.3,108.8,180.0,1.67,51.2,17.6,55.8,263
2025-04-23,Kolkata,West Bengal,22.5726,88.3639,25.7,74.3,65.9,124.4,1.28,29.8,11.8,39.1,120
2025-04-24,Kolkata,West Bengal,22.5726,88.3639,28.6,80.9,66.6,118.9,1.21,37.7,13.4,50.4,122
2025-04-25,Kolkata,West Bengal,22.5726,88.3639,30.1,83.5,67.4,103.0,1.28,31.2,8.3,43.6,125
2025-04-26,Kolkata,West Bengal,22.5726,88.3639,27.6,85.4,86.6,166.8,1.67,45.3,14.2,29.3,189
2025-04-27,Kolkata,West Bengal,22.5726,88.3639,27.9,83.4,56.2,92.1,1.24,31.1,8.5,38.7,94
2025-04-28,Kolkata,West Bengal,22.5726,88.3639,29.7,87.0,56.3,98.5,0.93,25.1,9.9,56.7,98
2025-04-29,Kolkata,West Bengal,22.5726,88.3639,29.9,81.4,61.1,92.2,0.93,31.8,11.9,42.6,104
2025-04-30,Kolkata,West Bengal,22.5726,88.3639,29.5,70.2,57.5,91.0,1.21,45.6,10.4,40.6,96
2025-05-01,Kolkata,West Bengal,22.5726,88.3639,29.3,85.1,84.8,153.2,1.62,27.5,15.2,41.3,183
2025-05-02,Kolkata,West Bengal,22.5726,88.3639,29.6,64.8,82.6,125.4,1.17,41.4,13.0,39.0,175
2025-05-03,Kolkata,West Bengal,22.5726,88.3639,28.5,91.0,61.3,101.7,1.15,27.6,9.5,52.1,104
2025-05-04,Kolkata,West Bengal,22.5726,88.3639,27.1,67.7,64.5,111.0,1.57,42.9,13.7,55.1,115
2025-05-05,Kolkata,West Bengal,22.5726,88.3639,26.5,80.7,38.0,56.9,0.88,31.1,12.2,41.6,63
2025-05-06,Kolkata,West Bengal,22.5726,88.3639,30.5,84.7,59.3,82.1,1.54,34.1,11.0,50.1,99
2025-05-07,Kolkata,West Bengal,22.5726,88.3639,29.7,77.9,85.2,152.1,1.32,46.8,16.8,49.8,184
2025-05-08,Kolkata,West Bengal,22.5726,88.3639,30.5,60.4,57.1,118.7,1.04,33.7,9.9,46.9,112
2025-05-09,Kolkata,West Bengal,22.5726,88.3639,28.3,68.1,49.6,85.2,0.95,29.9,9.6,36.2,85
2025-05-10,Kolkata,West Bengal,22.5726,88.3639,30.1,77.3,84.1,147.0,1.24,37.3,12.7,39.4,180
2025-05-11,Kolkata,West Bengal,22.5726,88.3639,30.1,79.4,47.9,72.8,0.78,27.2,9.4,49.7,80
2025-05-12,Kolkata,West Bengal,22.5726,88.3639,32.4,73.7,84.8,158.7,1.41,38.4,11.9,49.5,183
2025-05-13,Kolkata,West Bengal,22.5726,88.3639,31.8,75.6,112.3,178.9,1.77,50.0,12.8,28.3,274
2025-05-14,Kolkata,West Bengal,22.5726,88.3639,29.0,64.9,57.2,104.3,1.03,20.9,7.6,40.2,103
2025-05-15,Kolkata,West Bengal,22.5726,88.3639,31.4,87.7,75.8,132.0,1.27,44.4,12.4,39.7,153
2025-05-16,Kolkata,West Bengal,22.5726,88.3639,29.2,72.7,39.3,68.6,1.15,38.3,12.7,52.9,69
2025-05-17,Kolkata,West Bengal,22.5726,88.3639,26.0,81.0,38.3,66.6,1.07,23.7,11.5,35.2,67
2025-05-18,Kolkata,West Bengal,22.5726,88.3639,33.9,85.5,46.0,79.8,0.97,35.8,10.8,49.0,80
2025-05-19,Kolkata,West Bengal,22.5726,88.3639,30.3,67.7,64.6,109.3,1.28,33.9,14.9,41.0,115
2025-05-20,Kolkata,West Bengal,22.5726,88.3639,32.9,76.8,52.9,95.1,0.84,27.3,10.3,56.7,95
2025-05-21,Kolkata,West Bengal,22.5726,88.3639,30.0,78.0,49.9,76.8,1.09,27.7,7.0,53.7,83
2025-05-22,Kolkata,West Bengal,22.5726,88.3639,29.8,74.4,38.4,61.9,0.92,26.8,8.0,50.8,64
2025-05-23,Kolkata,West Bengal,22.5726,88.3639,30.4,82.9,48.6,90.8,0.98,25.2,9.7,55.7,91
2025-05-24,Kolkata,West Bengal,22.5726,88.3639,32.0,71.9,42.5,71.2,0.98,31.2,7.9,59.8,71
2025-05-25,Kolkata,West Bengal,22.5726,88.3639,31.9,77.1,39.1,62.6,0.92,23.4,11.0,35.7,65
2025-05-26,Kolkata,West Bengal,22.5726,88.3639,32.6,74.3,37.5,67.8,0.72,19.6,11.8,56.2,68
2025-05-27,Kolkata,West Bengal,22.5726,88.3639,31.0,93.4,47.8,84.8,1.28,29.2,4.6,44.8,85
2025-05-28,Kolkata,West Bengal,22.5726,88.3639,32.1,72.7,38.2,55.6,1.07,22.1,8.6,40.4,64
2025-05-29,Kolkata,West Bengal,22.5726,88.3639,30.6,82.8,43.6,76.7,0.93,26.0,1.0,45.0,77
2025-05-30,Kolkata,West Bengal,22.5726,88.3639,34.9,90.3,28.8,48.2,0.56,22.9,8.0,61.7,48
2025-05-31,Kolkata,West Bengal,22.5726,88.3639,30.0,71.6,46.3,81.3,0.65,20.8,9.4,57.9,81
2025-06-01,Kolkata,West Bengal,22.5726,88.3639,31.0,78.9,42.5,70.2,1.27,36.4,14.7,37.5,71
2025-06-02,Kolkata,West Bengal,22.5726,88.3639,31.8,71.6,37.2,64.0,0.89,30.8,13.4,55.1,64
2025-06-03,Kolkata,West Bengal,22.5726,88.3639,37.0,64.7,39.4,54.2,1.05,22.8,12.0,73.9,66
2025-06-04,Kolkata,West Bengal,22.5726,88.3639,34.2,73.6,45.3,68.6,0.86,28.4,6.7,67.8,76
2025-06-05,Kolkata,West Bengal,22.5726,88.3639,31.3,75.4,26.0,45.7,0.74,26.1,5.0,22.9,46
2025-06-06,Kolkata,West Bengal,22.5726,88.3639,34.5,76.1,35.0,71.6,0.85,26.5,5.5,72.1,72
2025-06-07,Kolkata,West Bengal,22.5726,88.3639,34.0,77.9,25.0,42.6,0.81,33.3,12.6,62.6,43
2025-06-08,Kolkata,West Bengal,22.5726,88.3639,33.7,80.3,32.7,50.6,0.88,23.0,5.9,35.2,55
2025-06-09,Kolkata,West Bengal,22.5726,88.3639,34.6,72.2,29.2,48.7,0.69,30.5,7.2,49.3,49
2025-06-10,Kolkata,West Bengal,22.5726,88.3639,33.5,83.4,29.5,44.7,0.69,15.4,5.7,63.8,49
2025-06-11,Kolkata,West Bengal,22.5726,88.3639,33.9,89.8,34.3,63.0,0.87,17.9,5.0,56.6,63
2025-06-12,Kolkata,West Bengal,22.5726,88.3639,30.9,91.0,32.6,54.0,0.6,34.5,9.6,44.5,54
2025-06-13,Kolkata,West Bengal,22.5726,88.3639,36.4,80.2,33.0,59.6,0.74,22.0,9.1,58.4,60
2025-06-14,Kolkata,West Bengal,22.5726,88.3639,33.1,88.6,22.6,36.8,0.73,14.2,1.1,58.0,38
2025-06-15,Kolkata,West Bengal,22.5726,88.3639,31.7,78.0,27.4,49.9,0.86,22.5,4.3,46.4,50
2025-06-16,Kolkata,West Bengal,22.5726,88.3639,33.2,80.7,24.8,34.9,1.0,29.5,8.8,52.6,41
2025-06-17,Kolkata,West Bengal,22.5726,88.3639,33.3,86.3,19.3,32.0,0.64,15.6,7.3,61.6,32
2025-06-18,Kolkata,West Bengal,22.5726,88.3639,32.8,81.5,20.2,35.0,0.73,20.2,6.4,47.9,35
2025-06-19,Kolkata,West Bengal,22.5726,88.3639,35.8,75.4,18.0,28.9,0.42,8.6,9.3,47.6,30
2025-06-20,Kolkata,West Bengal,22.5726,88.3639,36.2,90.5,23.5,40.0,0.81,18.7,3.5,53.5,40
2025-06-21,Kolkata,West Bengal,22.5726,88.3639,31.0,79.2,19.2,32.7,0.58,26.1,5.8,43.6,33
2025-06-22,Kolkata,West Bengal,22.5726,88.3639,33.7,81.8,13.8,24.9,0.61,13.7,8.7,50.7,25
2025-06-23,Kolkata,West Bengal,22.5726,88.3639,33.9,93.2,12.5,21.8,0.71,10.4,5.1,42.2,22
2025-06-24,Kolkata,West Bengal,22.5726,88.3639,34.5,89.9,15.4,26.4,0.75,14.3,8.2,58.6,26
2025-06-25,Kolkata,West Bengal,22.5726,88.3639,38.0,87.8,15.2,27.2,0.45,15.2,3.8,69.2,27
2025-06-26,Kolkata,West Bengal,22.5726,88.3639,33.5,76.6,11.0,15.9,0.74,22.1,4.4,49.1,18
2025-06-27,Kolkata,West Bengal,22.5726,88.3639,37.9,79.2,10.5,16.2,0.61,19.7,1.5,57.4,18
2025-06-28,Kolkata,West Bengal,22.5726,88.3639,34.9,90.4,10.7,15.5,0.81,20.9,1.0,56.3,18
2025-06-29,Kolkata,West Bengal,22.5726,88.3639,38.1,92.4,8.0,15.0,0.81,16.7,5.2,55.8,15
2025-06-30,Kolkata,West Bengal,22.5726,88.3639,34.8,90.1,8.0,15.0,0.83,12.8,8.0,65.7,15
2025-07-01,Kolkata,West Bengal,22.5726,88.3639,34.6,85.4,8.0,15.0,0.38,11.9,6.3,50.5,15
2025-07-02,Kolkata,West Bengal,22.5726,88.3639,35.4,85.5,8.0,15.0,0.65,19.2,10.1,54.7,15
2025-07-03,Kolkata,West Bengal,22.5726,88.3639,37.8,90.8,8.0,15.0,0.35,26.1,5.5,56.6,15
2025-07-04,Kolkata,West Bengal,22.5726,88.3639,35.9,80.9,8.0,15.0,0.78,10.9,1.0,67.6,15
2025-07-05,Kolkata,West Bengal,22.5726,88.3639,36.0,90.6,8.0,15.0,0.81,10.5,7.7,58.0,15
2025-07-06,Kolkata,West Bengal,22.5726,88.3639,36.8,80.5,8.0,15.0,0.74,9.7,3.4,77.1,15
2025-07-07,Kolkata,West Bengal,22.5726,88.3639,34.2,83.1,8.0,15.0,0.53,21.5,7.0,59.7,15
2025-07-08,Kolkata,West Bengal,22.5726,88.3639,36.4,91.9,8.0,15.0,0.67,16.3,1.0,69.7,15
2025-07-09,Kolkata,West Bengal,22.5726,88.3639,34.7,95.0,8.0,15.0,0.51,19.9,5.8,55.1,15
2025-07-10,Kolkata,West Bengal,22.5726,88.3639,38.5,93.5,8.0,15.0,0.59,13.5,8.7,56.3,15
2025-07-11,Kolkata,West Bengal,22.5726,88.3639,36.6,83.5,8.0,15.0,0.58,20.3,8.4,60.6,15
2025-07-12,Kolkata,West Bengal,22.5726,88.3639,37.2,78.4,8.0,15.0,0.29,14.8,5.9,56.2,15
2025-07-13,Kolkata,West Bengal,22.5726,88.3639,32.3,91.5,8.0,15.0,0.47,7.3,6.5,37.8,15
2025-07-14,Kolkata,West Bengal,22.5726,88.3639,37.2,78.4,8.0,15.0,0.93,22.1,5.1,69.9,15
2025-07-15,Kolkata,West Bengal,22.5726,88.3639,35.7,98.0,8.0,15.0,0.58,16.3,5.7,59.5,15
2025-07-16,Kolkata,West Bengal,22.5726,88.3639,33.4,84.3,8.0,15.0,0.61,14.7,8.5,50.0,15
2025-07-17,Kolkata,West Bengal,22.5726,88.3639,36.2,98.0,8.0,15.0,0.59,18.2,4.4,63.1,15
2025-07-18,Kolkata,West Bengal,22.5726,88.3639,33.3,85.3,8.0,15.0,0.53,7.9,4.7,55.8,15
2025-07-19,Kolkata,West Bengal,22.5726,88.3639,37.1,95.2,8.0,15.0,0.59,19.1,1.9,72.8,15
2025-07-20,Kolkata,West Bengal,22.5726,88.3639,38.6,86.8,8.0,15.0,0.53,13.0,8.6,67.4,15
2025-07-21,Kolkata,West Bengal,22.5726,88.3639,32.8,90.8,8.0,15.0,0.25,15.6,5.7,53.3,15
2025-07-22,Kolkata,West Bengal,22.5726,88.3639,35.9,93.2,8.0,15.0,0.71,23.4,2.9,65.2,15
2025-07-23,Kolkata,West Bengal,22.5726,88.3639,35.6,97.8,8.0,15.0,0.83,20.4,9.1,58.9,15
2025-07-24,Kolkata,West Bengal,22.5726,88.3639,32.3,98.0,8.0,15.0,0.41,15.5,6.3,55.4,15
2025-07-25,Kolkata,West Bengal,22.5726,88.3639,37.5,96.7,8.0,15.0,0.53,16.0,4.2,72.1,15
2025-07-26,Kolkata,West Bengal,22.5726,88.3639,37.0,98.0,8.0,15.7,0.81,4.0,9.2,52.0,16
2025-07-27,Kolkata,West Bengal,22.5726,88.3639,39.5,87.0,8.0,15.0,0.47,11.6,5.5,58.4,15
2025-07-28,Kolkata,West Bengal,22.5726,88.3639,36.7,95.7,8.0,15.0,0.65,17.6,1.8,57.5,15
2025-07-29,Kolkata,West Bengal,22.5726,88.3639,34.1,88.5,8.0,15.0,1.24,12.0,9.4,54.6,15
2025-07-30,Kolkata,West Bengal,22.5726,88.3639,36.6,97.6,8.0,15.0,0.68,8.6,4.0,70.0,15
2025-07-31,Kolkata,West Bengal,22.5726,88.3639,37.9,91.3,8.0,15.0,0.6,19.4,15.5,51.6,15
2025-08-01,Kolkata,West Bengal,22.5726,88.3639,34.7,94.5,8.0,15.0,0.72,24.4,5.1,57.5,15
2025-08-02,Kolkata,West Bengal,22.5726,88.3639,37.0,92.0,8.0,15.0,0.71,12.2,1.0,57.0,15
2025-08-03,Kolkata,West Bengal,22.5726,88.3639,31.2,95.0,8.0,15.0,0.49,21.8,11.7,65.7,15
2025-08-04,Kolkata,West Bengal,22.5726,88.3639,38.0,83.7,8.0,15.0,0.33,20.9,6.3,70.1,15
2025-08-05,Kolkata,West Bengal,22.5726,88.3639,36.7,78.0,8.0,15.0,0.68,10.7,7.2,62.9,15
2025-08-06,Kolkata,West Bengal,22.5726,88.3639,30.6,95.6,8.0,15.0,0.7,12.2,7.6,58.9,15
2025-08-07,Kolkata,West Bengal,22.5726,88.3639,35.8,97.8,9.7,17.7,0.56,27.9,2.5,48.8,18
2025-08-08,Kolkata,West Bengal,22.5726,88.3639,31.5,87.2,8.2,15.0,0.84,9.9,1.0,68.7,15
2025-08-09,Kolkata,West Bengal,22.5726,88.3639,33.9,93.3,8.0,15.0,0.81,12.9,12.3,49.6,15
2025-08-10,Kolkata,West Bengal,22.5726,88.3639,36.1,75.9,8.3,15.1,0.71,28.4,1.8,70.0,15
2025-08-11,Kolkata,West Bengal,22.5726,88.3639,34.5,82.6,11.0,19.3,0.58,14.1,11.6,61.6,19
2025-08-12,Kolkata,West Bengal,22.5726,88.3639,36.9,87.1,15.3,23.5,0.36,27.0,8.6,62.7,26
2025-08-13,Kolkata,West Bengal,22.5726,88.3639,34.7,74.0,13.3,21.2,0.62,12.1,7.4,66.9,22
2025-08-14,Kolkata,West Bengal,22.5726,88.3639,34.4,75.1,14.3,25.2,0.38,19.4,5.6,64.6,25
2025-08-15,Kolkata,West Bengal,22.5726,88.3639,36.4,86.5,18.1,32.3,0.35,26.3,14.2,60.2,32
2025-08-16,Kolkata,West Bengal,22.5726,88.3639,33.7,80.8,18.0,30.1,0.8,16.9,5.2,51.7,30
2025-08-17,Kolkata,West Bengal,22.5726,88.3639,34.1,82.2,17.4,27.8,0.87,20.2,5.2,56.9,29
2025-08-18,Kolkata,West Bengal,22.5726,88.3639,34.3,81.4,16.4,27.5,0.39,23.7,9.2,55.4,28
2025-08-19,Kolkata,West Bengal,22.5726,88.3639,33.8,74.9,26.7,43.0,0.76,17.1,6.0,57.3,44
2025-08-20,Kolkata,West Bengal,22.5726,88.3639,35.9,82.0,29.0,46.6,0.82,36.7,5.1,65.8,48
2025-08-21,Kolkata,West Bengal,22.5726,88.3639,32.5,83.0,19.3,37.4,0.67,26.4,7.2,56.9,37
2025-08-22,Kolkata,West Bengal,22.5726,88.3639,32.1,78.7,23.4,37.0,0.55,19.4,9.8,53.6,39
2025-08-23,Kolkata,West Bengal,22.5726,88.3639,31.6,78.9,31.2,53.8,1.05,22.6,14.0,45.2,54
2025-08-24,Kolkata,West Bengal,22.5726,88.3639,29.6,80.6,22.0,36.7,0.54,32.5,13.8,50.7,37
2025-08-25,Kolkata,West Bengal,22.5726,88.3639,36.0,87.4,32.0,46.9,0.56,22.1,3.0,43.8,53
2025-08-26,Kolkata,West Bengal,22.5726,88.3639,31.6,80.6,28.7,41.9,0.61,20.3,11.3,44.2,48
2025-08-27,Kolkata,West Bengal,22.5726,88.3639,32.6,67.5,24.5,40.2,0.84,28.7,4.9,57.6,41
2025-08-28,Kolkata,West Bengal,22.5726,88.3639,35.7,72.3,49.3,66.9,1.01,21.4,7.0,62.3,82
2025-08-29,Kolkata,West Bengal,22.5726,88.3639,32.6,86.8,32.1,61.8,0.74,23.8,6.8,51.7,62
2025-08-30,Kolkata,West Bengal,22.5726,88.3639,33.6,75.2,40.3,64.3,1.03,27.4,7.3,54.4,67
2025-08-31,Kolkata,West Bengal,22.5726,88.3639,30.0,79.0,29.0,45.9,0.87,19.1,5.0,51.1,48
2025-09-01,Kolkata,West Bengal,22.5726,88.3639,35.0,92.8,54.0,99.0,0.75,21.9,3.2,59.0,99
2025-09-02,Kolkata,West Bengal,22.5726,88.3639,32.1,83.5,60.8,99.0,1.25,33.9,15.0,46.7,103
2025-09-03,Kolkata,West Bengal,22.5726,88.3639,30.4,63.8,29.3,51.2,1.0,27.5,10.9,40.8,51
2025-09-04,Kolkata,West Bengal,22.5726,88.3639,30.3,88.6,40.5,63.4,0.93,22.9,9.0,50.5,68
2025-09-05,Kolkata,West Bengal,22.5726,88.3639,35.0,79.3,57.8,95.8,1.11,25.4,7.6,68.9,96
2025-09-06,Kolkata,West Bengal,22.5726,88.3639,30.8,80.6,40.0,71.8,1.23,34.3,12.8,40.9,72
2025-09-07,Kolkata,West Bengal,22.5726,88.3639,30.0,79.9,49.8,75.7,0.95,33.1,9.6,44.9,83
2025-09-08,Kolkata,West Bengal,22.5726,88.3639,30.8,83.9,32.2,55.7,0.83,22.1,6.7,46.0,56
2025-09-09,Kolkata,West Bengal,22.5726,88.3639,31.6,76.8,40.2,51.7,1.0,32.4,4.1,68.8,67
2025-09-10,Kolkata,West Bengal,22.5726,88.3639,31.7,66.7,52.3,96.2,1.09,32.2,11.6,40.7,96
2025-09-11,Kolkata,West Bengal,22.5726,88.3639,32.1,79.2,43.9,68.8,0.95,38.8,8.4,48.6,73
2025-09-12,Kolkata,West Bengal,22.5726,88.3639,31.6,67.0,47.2,77.2,1.04,33.1,10.4,45.9,79
2025-09-13,Kolkata,West Bengal,22.5726,88.3639,32.2,89.3,37.3,61.1,1.15,17.6,9.3,40.7,62
2025-09-14,Kolkata,West Bengal,22.5726,88.3639,30.4,73.8,61.4,92.3,1.3,29.7,12.7,35.0,105
2025-09-15,Kolkata,West Bengal,22.5726,88.3639,34.5,75.8,40.4,60.3,0.94,23.3,9.7,58.7,67
2025-09-16,Kolkata,West Bengal,22.5726,88.3639,29.8,71.3,77.5,134.0,1.23,40.7,11.1,48.6,158
2025-09-17,Kolkata,West Bengal,22.5726,88.3639,33.0,78.3,48.4,84.0,0.93,27.7,11.4,46.4,84
2025-09-18,Kolkata,West Bengal,22.5726,88.3639,29.3,78.9,68.3,103.6,1.4,29.1,14.2,54.4,128
2025-09-19,Kolkata,West Bengal,22.5726,88.3639,27.7,70.9,68.0,117.7,1.02,39.3,15.9,22.6,127
2025-09-20,Kolkata,West Bengal,22.5726,88.3639,27.2,78.7,47.7,82.7,1.39,35.3,6.3,31.6,83
2025-09-21,Kolkata,West Bengal,22.5726,88.3639,30.6,75.9,53.0,84.5,1.08,30.4,13.4,40.1,88
2025-09-22,Kolkata,West Bengal,22.5726,88.3639,32.0,74.6,55.3,80.5,0.91,33.0,5.5,48.6,92
2025-09-23,Kolkata,West Bengal,22.5726,88.3639,27.7,69.9,57.0,93.7,1.16,26.4,13.5,38.1,95
2025-09-24,Kolkata,West Bengal,22.5726,88.3639,28.1,91.3,47.4,80.8,0.91,26.0,7.9,41.6,81
2025-09-25,Kolkata,West Bengal,22.5726,88.3639,30.3,83.3,71.9,118.0,1.24,34.1,14.1,48.1,140
2025-09-26,Kolkata,West Bengal,22.5726,88.3639,29.4,80.0,55.7,87.0,0.89,35.2,14.8,56.2,93
2025-09-27,Kolkata,West Bengal,22.5726,88.3639,28.3,82.7,64.1,110.3,1.18,36.1,11.7,48.2,114
2025-09-28,Kolkata,West Bengal,22.5726,88.3639,26.9,76.9,83.2,153.1,1.11,38.6,12.5,38.2,177
2025-09-29,Kolkata,West Bengal,22.5726,88.3639,29.6,72.3,76.6,117.6,1.26,36.3,11.8,42.1,155
2025-09-30,Kolkata,West Bengal,22.5726,88.3639,30.1,56.1,59.7,95.9,1.04,21.3,9.4,54.0,100
2025-10-01,Kolkata,West Bengal,22.5726,88.3639,29.7,66.1,87.2,179.7,1.39,51.5,16.3,56.9,191
2025-10-02,Kolkata,West Bengal,22.5726,88.3639,28.7,89.7,81.3,137.7,1.29,27.5,12.2,46.0,171
2025-10-03,Kolkata,West Bengal,22.5726,88.3639,26.7,82.6,60.8,88.8,1.18,36.0,4.3,35.7,103
2025-10-04,Kolkata,West Bengal,22.5726,88.3639,29.0,75.9,64.2,101.4,1.35,34.8,13.8,45.1,114
2025-10-05,Kolkata,West Bengal,22.5726,88.3639,28.8,63.4,90.7,139.4,1.56,41.4,15.8,44.6,202
2025-10-06,Kolkata,West Bengal,22.5726,88.3639,25.8,78.8,87.4,149.2,1.67,41.9,13.1,31.2,191
2025-10-07,Kolkata,West Bengal,22.5726,88.3639,27.5,72.4,53.5,90.8,1.02,27.1,7.9,48.6,91
2025-10-08,Kolkata,West Bengal,22.5726,88.3639,28.6,79.2,60.4,93.9,1.22,37.2,7.3,44.9,101
2025-10-09,Kolkata,West Bengal,22.5726,88.3639,27.7,66.5,88.7,171.1,1.54,34.5,10.7,47.8,196
2025-10-10,Kolkata,West Bengal,22.5726,88.3639,24.2,70.8,59.5,98.9,1.33,35.0,11.4,27.9,99
2025-10-11,Kolkata,West Bengal,22.5726,88.3639,26.4,80.4,92.9,146.9,1.42,39.7,7.9,22.1,210
2025-10-12,Kolkata,West Bengal,22.5726,88.3639,26.2,87.7,120.4,176.6,1.96,50.0,16.9,29.7,300
2025-10-13,Kolkata,West Bengal,22.5726,88.3639,28.4,69.6,86.3,130.8,1.33,39.2,13.1,39.9,188
2025-10-14,Kolkata,West Bengal,22.5726,88.3639,31.9,67.2,65.5,95.9,1.14,34.0,15.1,33.1,118
2025-10-15,Kolkata,West Bengal,22.5726,88.3639,27.3,81.3,84.3,136.7,1.38,44.0,14.8,33.5,181
2025-10-16,Kolkata,West Bengal,22.5726,88.3639,24.8,65.3,102.8,156.0,1.71,46.7,12.1,42.7,243
2025-10-17,Kolkata,West Bengal,22.5726,88.3639,26.6,65.8,84.5,149.4,1.28,46.6,7.7,41.3,182
2025-10-18,Kolkata,West Bengal,22.5726,88.3639,26.8,76.0,92.9,145.1,1.39,50.0,11.0,37.6,210
2025-10-19,Kolkata,West Bengal,22.5726,88.3639,28.0,88.7,70.7,125.6,1.19,38.5,15.8,32.3,136
2025-10-20,Kolkata,West Bengal,22.5726,88.3639,28.7,68.1,72.6,125.1,1.31,41.3,12.7,51.7,142
2025-10-21,Kolkata,West Bengal,22.5726,88.3639,28.9,71.5,104.9,183.2,1.52,59.7,16.2,35.4,250
2025-10-22,Kolkata,West Bengal,22.5726,88.3639,27.2,74.8,74.1,132.3,1.36,29.2,10.0,39.9,147
2025-10-23,Kolkata,West Bengal,22.5726,88.3639,26.1,70.7,49.5,96.5,1.0,36.3,11.4,43.1,96
2025-10-24,Kolkata,West Bengal,22.5726,88.3639,28.7,61.7,82.5,125.6,1.52,49.7,8.0,42.0,175
2025-10-25,Kolkata,West Bengal,22.5726,88.3639,25.3,79.7,95.4,169.6,1.57,47.1,16.4,45.8,218
2025-10-26,Kolkata,West Bengal,22.5726,88.3639,25.9,75.3,113.4,193.8,2.02,61.7,11.6,37.7,278
2025-10-27,Kolkata,West Bengal,22.5726,88.3639,25.2,76.6,130.1,235.5,1.96,66.3,10.5,33.0,308
2025-10-28,Kolkata,West Bengal,22.5726,88.3639,21.7,73.0,93.1,155.1,1.35,41.8,20.2,27.7,210
2025-10-29,Kolkata,West Bengal,22.5726,88.3639,27.7,84.6,106.5,194.5,1.65,46.5,14.9,40.1,255
2025-10-30,Kolkata,West Bengal,22.5726,88.3639,26.5,70.5,95.4,138.9,1.56,47.7,14.0,34.2,218
2025-10-31,Kolkata,West Bengal,22.5726,88.3639,20.9,66.5,101.2,151.8,1.49,42.7,8.5,27.9,237
2025-11-01,Kolkata,West Bengal,22.5726,88.3639,26.9,85.7,90.6,141.8,1.73,59.3,15.1,34.2,202
2025-11-02,Kolkata,West Bengal,22.5726,88.3639,24.4,58.6,103.6,169.8,1.6,51.9,16.9,27.7,245
2025-11-03,Kolkata,West Bengal,22.5726,88.3639,26.6,72.9,81.7,135.3,1.31,40.4,11.9,30.1,172
2025-11-04,Kolkata,West Bengal,22.5726,88.3639,24.9,73.5,149.4,229.9,2.19,53.3,20.6,25.7,323
2025-11-05,Kolkata,West Bengal,22.5726,88.3639,22.2,73.2,57.5,86.4,1.0,33.9,14.1,30.0,96
2025-11-06,Kolkata,West Bengal,22.5726,88.3639,24.5,63.2,111.2,172.6,1.88,42.5,16.5,45.8,271
2025-11-07,Kolkata,West Bengal,22.5726,88.3639,22.8,65.7,106.0,147.8,1.79,52.5,8.0,36.8,253
2025-11-08,Kolkata,West Bengal,22.5726,88.3639,22.1,80.7,108.0,173.6,1.72,33.6,11.2,26.4,260
2025-11-09,Kolkata,West Bengal,22.5726,88.3639,25.7,83.7,77.3,126.9,1.45,47.0,17.2,33.0,158
2025-11-10,Kolkata,West Bengal,22.5726,88.3639,24.8,71.1,69.8,119.8,1.2,33.8,11.8,40.6,133
2025-11-11,Kolkata,West Bengal,22.5726,88.3639,26.6,67.5,116.2,194.6,1.57,41.0,15.6,49.5,287
2025-11-12,Kolkata,West Bengal,22.5726,88.3639,23.1,61.5,137.5,263.9,1.98,57.9,14.5,32.6,313
2025-11-13,Kolkata,West Bengal,22.5726,88.3639,22.0,80.6,108.2,191.7,1.63,48.7,12.7,13.6,261
2025-11-14,Kolkata,West Bengal,22.5726,88.3639,24.8,81.0,123.9,218.1,1.57,53.3,19.5,37.2,303
2025-11-15,Kolkata,West Bengal,22.5726,88.3639,22.0,54.3,94.4,161.0,1.39,52.5,18.0,37.1,215
2025-11-16,Kolkata,West Bengal,22.5726,88.3639,22.9,57.0,113.1,195.6,1.57,52.5,17.4,45.9,277
2025-11-17,Kolkata,West Bengal,22.5726,88.3639,24.3,75.0,138.5,223.9,1.88,63.1,18.7,26.0,314
2025-11-18,Kolkata,West Bengal,22.5726,88.3639,23.0,75.9,99.3,165.4,1.8,44.3,15.8,30.9,231
2025-11-19,Kolkata,West Bengal,22.5726,88.3639,22.2,70.7,139.0,269.4,2.12,61.0,16.9,28.3,315
2025-11-20,Kolkata,West Bengal,22.5726,88.3639,20.5,73.8,75.2,123.3,1.48,30.2,8.4,22.1,151
2025-11-21,Kolkata,West Bengal,22.5726,88.3639,24.6,72.3,94.7,137.3,1.63,45.8,9.3,26.0,216
2025-11-22,Kolkata,West Bengal,22.5726,88.3639,22.1,74.2,122.9,215.6,2.03,48.8,19.8,29.3,302
2025-11-23,Kolkata,West Bengal,22.5726,88.3639,23.8,67.7,166.6,296.7,2.35,75.2,19.2,12.1,336
2025-11-24,Kolkata,West Bengal,22.5726,88.3639,23.5,73.9,110.6,185.0,1.96,49.8,16.3,19.0,269
2025-11-25,Kolkata,West Bengal,22.5726,88.3639,24.5,69.3,88.3,120.8,1.3,46.2,13.7,39.9,194
2025-11-26,Kolkata,West Bengal,22.5726,88.3639,22.0,68.7,168.5,310.5,2.36,69.5,20.3,25.4,337
2025-11-27,Kolkata,West Bengal,22.5726,88.3639,21.7,60.9,108.9,183.5,1.56,59.7,15.7,36.9,263
2025-11-28,Kolkata,West Bengal,22.5726,88.3639,20.3,72.8,130.3,208.9,2.13,46.3,18.5,26.1,308
2025-11-29,Kolkata,West Bengal,22.5726,88.3639,21.2,79.6,105.1,192.1,1.73,46.9,12.1,26.5,250
2025-11-30,Kolkata,West Bengal,22.5726,88.3639,22.7,71.7,117.3,157.9,1.98,45.8,18.9,37.9,291
2025-12-01,Kolkata,West Bengal,22.5726,88.3639,20.5,71.5,100.9,168.3,1.41,34.0,11.9,22.4,236
2025-12-02,Kolkata,West Bengal,22.5726,88.3639,22.5,82.8,188.6,295.9,2.51,68.2,21.8,17.4,353
2025-12-03,Kolkata,West Bengal,22.5726,88.3639,24.5,81.2,149.8,280.8,1.9,69.0,14.4,26.7,323
2025-12-04,Kolkata,West Bengal,22.5726,88.3639,20.9,86.1,170.9,288.2,2.45,68.5,19.2,23.0,339
2025-12-05,Kolkata,West Bengal,22.5726,88.3639,19.3,89.8,97.8,148.7,1.52,44.0,11.8,23.6,226
2025-12-06,Kolkata,West Bengal,22.5726,88.3639,20.9,74.4,78.2,142.4,1.48,43.7,12.3,16.7,161
2025-12-07,Kolkata,West Bengal,22.5726,88.3639,19.0,65.9,110.0,140.9,1.73,49.9,17.0,20.2,267
2025-12-08,Kolkata,West Bengal,22.5726,88.3639,23.8,70.4,204.9,353.7,2.46,83.2,22.6,20.4,365
2025-12-09,Kolkata,West Bengal,22.5726,88.3639,21.5,78.0,110.2,160.9,1.48,51.2,20.7,27.3,267
2025-12-10,Kolkata,West Bengal,22.5726,88.3639,20.0,84.1,149.6,236.5,2.17,65.1,20.4,16.4,323
2025-12-11,Kolkata,West Bengal,22.5726,88.3639,20.2,66.7,95.1,153.5,1.63,41.7,12.9,29.9,217
2025-12-12,Kolkata,West Bengal,22.5726,88.3639,19.0,75.8,99.7,178.0,1.27,52.2,13.7,10.6,232
2025-12-13,Kolkata,West Bengal,22.5726,88.3639,22.9,68.4,117.9,233.6,1.8,44.5,16.6,31.2,293
2025-12-14,Kolkata,West Bengal,22.5726,88.3639,24.3,73.0,191.6,264.9,2.48,74.8,23.4,37.1,355
2025-12-15,Kolkata,West Bengal,22.5726,88.3639,18.3,72.9,153.9,264.3,2.04,69.8,14.6,12.0,326
2025-12-16,Kolkata,West Bengal,22.5726,88.3639,22.8,76.7,77.2,152.8,1.26,37.8,14.1,32.2,157
2025-12-17,Kolkata,West Bengal,22.5726,88.3639,20.4,88.2,140.8,220.2,2.08,56.5,13.6,19.6,316
2025-12-18,Kolkata,West Bengal,22.5726,88.3639,23.1,77.3,94.7,147.3,1.45,58.0,15.2,28.6,216
2025-12-19,Kolkata,West Bengal,22.5726,88.3639,17.4,71.0,105.3,177.4,1.37,56.2,17.7,12.2,251
2025-12-20,Kolkata,West Bengal,22.5726,88.3639,21.1,69.8,137.2,243.5,2.04,58.8,17.9,39.0,313
2025-12-21,Kolkata,West Bengal,22.5726,88.3639,19.9,72.7,167.3,292.5,2.31,61.7,12.4,21.2,336
2025-12-22,Kolkata,West Bengal,22.5726,88.3639,21.8,67.9,165.9,264.8,2.2,54.9,13.9,15.9,335
2025-12-23,Kolkata,West Bengal,22.5726,88.3639,20.7,75.0,133.0,203.4,1.93,60.8,18.3,16.5,310
2025-12-24,Kolkata,West Bengal,22.5726,88.3639,20.5,57.1,133.7,247.0,1.93,64.4,9.3,23.0,311
2025-12-25,Kolkata,West Bengal,22.5726,88.3639,20.3,72.5,167.0,256.1,2.36,69.8,21.2,8.0,336
2025-12-26,Kolkata,West Bengal,22.5726,88.3639,23.2,73.1,88.0,119.9,1.44,31.9,16.0,39.8,193
2025-12-27,Kolkata,West Bengal,22.5726,88.3639,20.1,65.9,186.4,267.0,2.6,74.6,24.3,12.3,351
2025-12-28,Kolkata,West Bengal,22.5726,88.3639,21.9,71.3,106.3,166.2,1.67,45.1,13.8,30.5,254
2025-12-29,Kolkata,West Bengal,22.5726,88.3639,21.4,81.8,132.6,248.4,2.1,57.4,17.9,27.5,310
2025-12-30,Kolkata,West Bengal,22.5726,88.3639,21.9,82.3,112.4,165.5,1.99,61.6,15.6,34.5,275
2025-12-31,Kolkata,West Bengal,22.5726,88.3639,18.4,70.3,97.4,182.9,1.58,49.9,9.4,26.6,225
2024-01-01,Ahmedabad,Gujarat,23.0225,72.5714,22.8,50.2,130.1,234.5,1.69,48.8,19.1,18.4,308
2024-01-02,Ahmedabad,Gujarat,23.0225,72.5714,20.0,51.2,138.4,207.3,2.03,53.3,21.3,21.8,314
2024-01-03,Ahmedabad,Gujarat,23.0225,72.5714,20.9,53.0,103.0,178.5,1.68,51.3,15.5,25.5,243
2024-01-04,Ahmedabad,Gujarat,23.0225,72.5714,22.4,43.7,178.0,278.3,2.42,57.6,15.7,19.5,345
2024-01-05,Ahmedabad,Gujarat,23.0225,72.5714,20.7,58.1,120.0,186.7,1.71,52.3,14.6,23.7,300
2024-01-06,Ahmedabad,Gujarat,23.0225,72.5714,19.8,48.3,110.4,167.1,1.62,47.7,14.8,24.2,268
2024-01-07,Ahmedabad,Gujarat,23.0225,72.5714,19.7,48.0,92.4,158.6,1.48,50.9,13.4,32.4,208
2024-01-08,Ahmedabad,Gujarat,23.0225,72.5714,19.8,50.4,106.4,186.9,1.82,47.3,18.5,19.4,255
2024-01-09,Ahmedabad,Gujarat,23.0225,72.5714,18.9,56.6,121.7,195.0,2.08,50.7,19.1,10.9,301
2024-01-10,Ahmedabad,Gujarat,23.0225,72.5714,26.2,51.8,113.8,197.9,1.96,58.3,14.7,39.0,279
2024-01-11,Ahmedabad,Gujarat,23.0225,72.5714,17.5,48.2,166.7,275.3,2.12,66.8,26.6,21.2,336
2024-01-12,Ahmedabad,Gujarat,23.0225,72.5714,19.2,49.7,102.4,148.4,1.5,45.2,13.1,26.4,241
2024-01-13,Ahmedabad,Gujarat,23.0225,72.5714,22.1,60.5,129.6,221.1,2.04,52.5,15.6,16.3,307
2024-01-14,Ahmedabad,Gujarat,23.0225,72.5714,19.8,59.4,87.1,139.8,1.66,43.6,9.7,24.9,190
2024-01-15,Ahmedabad,Gujarat,23.0225,72.5714,20.4,54.6,180.4,226.9,2.36,69.7,15.8,19.8,346
2024-01-16,Ahmedabad,Gujarat,23.0225,72.5714,21.7,53.0,85.8,136.6,1.48,39.5,9.3,20.6,186
2024-01-17,Ahmedabad,Gujarat,23.0225,72.5714,22.9,68.2,176.1,245.8,2.29,79.1,23.1,15.9,343
2024-01-18,Ahmedabad,Gujarat,23.0225,72.5714,20.5,55.2,108.3,158.6,1.74,48.9,16.9,23.8,261
2024-01-19,Ahmedabad,Gujarat,23.0225,72.5714,22.7,53.3,68.2,110.0,1.16,33.1,8.8,41.9,127
2024-01-20,Ahmedabad,Gujarat,23.0225,72.5714,18.0,50.6,150.1,245.9,2.19,56.0,18.3,18.5,323
2024-01-21,Ahmedabad,Gujarat,23.0225,72.5714,19.9,54.5,113.4,172.9,1.58,51.5,17.5,19.0,278
2024-01-22,Ahmedabad,Gujarat,23.0225,72.5714,21.9,30.7,100.7,174.2,1.37,42.9,8.0,26.4,236
2024-01-23,Ahmedabad,Gujarat,23.0225,72.5714,24.6,59.2,128.1,209.1,2.39,52.8,21.6,24.2,306
2024-01-24,Ahmedabad,Gujarat,23.0225,72.5714,19.3,43.1,128.6,204.0,1.94,50.0,19.4,17.8,307
2024-01-25,Ahmedabad,Gujarat,23.0225,72.5714,19.0,47.0,121.6,201.5,2.17,54.1,18.2,27.1,301
2024-01-26,Ahmedabad,Gujarat,23.0225,72.5714,21.7,42.2,142.3,260.6,2.31,51.7,21.0,8.2,317
2024-01-27,Ahmedabad,Gujarat,23.0225,72.5714,21.2,46.8,117.1,155.4,1.56,53.9,9.2,35.8,290
2024-01-28,Ahmedabad,Gujarat,23.0225,72.5714,19.9,49.6,127.6,235.4,1.97,51.6,15.6,39.6,306
2024-01-29,Ahmedabad,Gujarat,23.0225,72.5714,19.0,58.2,98.5,153.4,1.4,49.8,17.7,24.9,228
2024-01-30,Ahmedabad,Gujarat,23.0225,72.5714,20.3,61.0,130.5,200.1,1.91,58.7,16.4,15.8,308
2024-01-31,Ahmedabad,Gujarat,23.0225,72.5714,22.2,65.6,98.3,156.2,1.31,46.1,16.1,38.0,228
2024-02-01,Ahmedabad,Gujarat,23.0225,72.5714,20.7,52.7,85.8,130.2,1.22,46.5,17.2,29.8,186
2024-02-02,Ahmedabad,Gujarat,23.0225,72.5714,23.4,50.5,104.8,156.6,1.54,56.9,16.5,25.8,249
2024-02-03,Ahmedabad,Gujarat,23.0225,72.5714,21.1,57.5,103.1,183.1,1.56,54.6,13.5,18.7,244
2024-02-04,Ahmedabad,Gujarat,23.0225,72.5714,22.5,46.0,134.0,224.3,1.99,49.0,18.4,22.3,311
2024-02-05,Ahmedabad,Gujarat,23.0225,72.5714,22.0,45.2,79.2,107.9,1.22,35.7,7.3,31.7,164
2024-02-06,Ahmedabad,Gujarat,23.0225,72.5714,20.8,49.4,138.4,242.3,2.06,55.4,18.5,29.6,314
2024-02-07,Ahmedabad,Gujarat,23.0225,72.5714,23.0,51.8,94.6,163.6,1.72,48.1,15.8,32.7,215
2024-02-08,Ahmedabad,Gujarat,23.0225,72.5714,19.4,37.5,62.9,89.8,1.24,31.0,11.5,31.4,110
2024-02-09,Ahmedabad,Gujarat,23.0225,72.5714,20.6,59.5,82.8,138.9,1.41,37.1,16.1,25.1,176
2024-02-10,Ahmedabad,Gujarat,23.0225,72.5714,20.9,53.7,100.7,175.4,1.67,41.8,14.9,33.3,236
2024-02-11,Ahmedabad,Gujarat,23.0225,72.5714,22.4,57.6,118.4,166.9,1.6,53.7,15.9,25.4,295
2024-02-12,Ahmedabad,Gujarat,23.0225,72.5714,22.9,41.0,104.0,176.0,1.8,51.1,19.8,44.0,247
2024-02-13,Ahmedabad,Gujarat,23.0225,72.5714,20.4,47.3,81.8,126.7,1.23,32.9,9.7,22.2,173
2024-02-14,Ahmedabad,Gujarat,23.0225,72.5714,20.2,47.0,89.7,155.3,1.73,39.6,17.4,29.5,199
2024-02-15,Ahmedabad,Gujarat,23.0225,72.5714,22.1,50.6,81.6,123.2,1.52,28.7,16.5,47.7,172
2024-02-16,Ahmedabad,Gujarat,23.0225,72.5714,19.3,51.8,111.9,202.2,1.83,35.5,17.5,31.0,273
2024-02-17,Ahmedabad,Gujarat,23.0225,72.5714,23.9,58.1,103.3,166.7,1.74,50.0,13.1,36.9,244
2024-02-18,Ahmedabad,Gujarat,23.0225,72.5714,21.8,52.7,120.2,187.2,1.84,54.4,16.6,28.2,300
2024-02-19,Ahmedabad,Gujarat,23.0225,72.5714,20.1,46.8,70.9,109.3,1.17,37.7,9.3,28.5,136
2024-02-20,Ahmedabad,Gujarat,23.0225,72.5714,20.2,67.3,92.7,165.1,1.39,53.2,11.7,24.6,209
2024-02-21,Ahmedabad,Gujarat,23.0225,72.5714,22.9,50.1,162.3,250.1,2.57,55.9,19.4,19.0,333
2024-02-22,Ahmedabad,Gujarat,23.0225,72.5714,23.0,45.7,119.1,215.4,1.84,39.6,12.9,15.5,297
2024-02-23,Ahmedabad,Gujarat,23.0225,72.5714,21.1,38.8,96.5,162.3,1.41,38.1,13.0,32.3,222
2024-02-24,Ahmedabad,Gujarat,23.0225,72.5714,22.4,52.6,82.5,119.0,1.49,27.7,9.3,18.3,175
2024-02-25,Ahmedabad,Gujarat,23.0225,72.5714,20.6,56.8,130.3,215.5,2.0,52.0,18.4,28.2,308
2024-02-26,Ahmedabad,Gujarat,23.0225,72.5714,22.3,44.0,142.5,236.1,2.03,63.1,22.3,21.9,317
2024-02-27,Ahmedabad,Gujarat,23.0225,72.5714,25.5,56.4,78.6,113.0,1.24,40.9,18.9,28.3,162
2024-02-28,Ahmedabad,Gujarat,23.0225,72.5714,26.7,52.6,79.9,132.0,1.5,45.7,9.3,49.1,166
2024-02-29,Ahmedabad,Gujarat,23.0225,72.5714,22.6,39.6,106.6,184.6,1.83,50.4,12.0,16.9,255
2024-03-01,Ahmedabad,Gujarat,23.0225,72.5714,23.9,56.4,108.3,197.1,1.75,46.2,14.5,25.0,261
2024-03-02,Ahmedabad,Gujarat,23.0225,72.5714,23.9,50.1,110.5,200.2,1.74,46.2,17.3,25.6,268
2024-03-03,Ahmedabad,Gujarat,23.0225,72.5714,20.2,44.1,148.3,297.8,2.03,64.1,17.6,21.6,322
2024-03-04,Ahmedabad,Gujarat,23.0225,72.5714,21.3,58.7,79.4,131.0,1.45,30.2,15.6,24.2,165
2024-03-05,Ahmedabad,Gujarat,23.0225,72.5714,19.3,58.6,98.7,171.0,1.5,26.5,15.8,35.7,229
2024-03-06,Ahmedabad,Gujarat,23.0225,72.5714,24.3,44.0,114.0,177.8,1.58,52.8,10.2,19.6,280
2024-03-07,Ahmedabad,Gujarat,23.0225,72.5714,27.1,54.1,113.1,218.6,1.93,51.6,15.6,67.8,277
2024-03-08,Ahmedabad,Gujarat,23.0225,72.5714,25.6,53.4,83.4,126.5,1.27,50.1,9.3,27.2,178
2024-03-09,Ahmedabad,Gujarat,23.0225,72.5714,23.9,51.5,83.7,161.2,1.15,45.0,11.3,56.5,179
2024-03-10,Ahmedabad,Gujarat,23.0225,72.5714,23.7,48.4,86.0,164.0,1.65,43.4,12.0,41.1,187
2024-03-11,Ahmedabad,Gujarat,23.0225,72.5714,23.4,51.0,137.6,210.8,1.77,56.2,19.6,25.8,314
2024-03-12,Ahmedabad,Gujarat,23.0225,72.5714,26.0,58.6,75.8,136.9,1.28,33.4,12.3,38.9,153
2024-03-13,Ahmedabad,Gujarat,23.0225,72.5714,24.6,54.9,87.0,149.5,1.3,40.2,11.9,30.6,190
2024-03-14,Ahmedabad,Gujarat,23.0225,72.5714,24.4,38.5,110.1,174.9,1.62,55.0,21.4,33.8,267
2024-03-15,Ahmedabad,Gujarat,23.0225,72.5714,22.4,37.0,72.6,118.4,1.64,40.0,9.5,25.7,142
2024-03-16,Ahmedabad,Gujarat,23.0225,72.5714,25.6,39.0,97.1,164.0,1.56,50.7,15.0,39.9,224
2024-03-17,Ahmedabad,Gujarat,23.0225,72.5714,24.4,42.5,60.0,102.2,1.22,33.8,13.1,37.4,101
2024-03-18,Ahmedabad,Gujarat,23.0225,72.5714,25.4,46.7,94.4,177.0,1.67,38.8,14.4,26.4,215
2024-03-19,Ahmedabad,Gujarat,23.0225,72.5714,26.6,48.8,90.9,157.8,1.41,50.1,10.9,39.9,203
2024-03-20,Ahmedabad,Gujarat,23.0225,72.5714,22.0,51.5,92.6,142.0,1.69,50.0,10.9,31.9,209
2024-03-21,Ahmedabad,Gujarat,23.0225,72.5714,24.5,51.8,73.2,129.0,1.37,38.6,14.1,29.2,144
2024-03-22,Ahmedabad,Gujarat,23.0225,72.5714,24.4,51.7,92.6,128.5,1.64,47.0,16.9,29.3,209
2024-03-23,Ahmedabad,Gujarat,23.0225,72.5714,24.3,60.0,86.7,138.0,1.35,44.7,13.1,37.3,189
2024-03-24,Ahmedabad,Gujarat,23.0225,72.5714,23.4,40.3,115.5,185.6,1.85,48.2,11.6,37.6,285
2024-03-25,Ahmedabad,Gujarat,23.0225,72.5714,24.2,54.3,99.1,173.4,1.6,44.2,14.3,30.6,230
2024-03-26,Ahmedabad,Gujarat,23.0225,72.5714,23.6,54.3,62.2,119.1,1.36,28.4,15.9,42.0,113
2024-03-27,Ahmedabad,Gujarat,23.0225,72.5714,27.2,43.2,70.7,118.9,1.2,35.0,9.0,48.8,136
2024-03-28,Ahmedabad,Gujarat,23.0225,72.5714,26.5,55.7,73.5,117.4,1.62,43.7,11.3,48.5,145
2024-03-29,Ahmedabad,Gujarat,23.0225,72.5714,26.5,54.6,87.0,134.4,1.52,46.9,13.5,40.1,190
2024-03-30,Ahmedabad,Gujarat,23.0225,72.5714,22.6,51.7,79.9,141.8,1.37,42.9,16.0,24.0,166
2024-03-31,Ahmedabad,Gujarat,23.0225,72.5714,29.7,35.1,79.2,128.3,1.34,45.1,11.1,49.7,164
2024-04-01,Ahmedabad,Gujarat,23.0225,72.5714,25.6,58.8,151.7,238.8,2.18,60.3,19.9,27.2,324
2024-04-02,Ahmedabad,Gujarat,23.0225,72.5714,29.6,53.6,72.3,129.6,1.21,30.1,16.3,47.1,141
2024-04-03,Ahmedabad,Gujarat,23.0225,72.5714,27.9,54.8,109.0,198.9,1.81,47.9,10.6,31.7,263
2024-04-04,Ahmedabad,Gujarat,23.0225,72.5714,26.2,28.3,77.0,116.0,1.35,38.2,8.6,32.5,157
2024-04-05,Ahmedabad,Gujarat,23.0225,72.5714,30.5,48.3,48.9,69.7,1.33,33.7,10.0,41.2,82
2024-04-06,Ahmedabad,Gujarat,23.0225,72.5714,27.9,42.0,81.6,133.4,1.34,43.2,15.8,28.9,172
2024-04-07,Ahmedabad,Gujarat,23.0225,72.5714,26.6,61.1,99.2,146.7,1.58,51.8,15.3,30.9,231
2024-04-08,Ahmedabad,Gujarat,23.0225,72.5714,26.4,44.3,88.4,128.9,1.42,30.2,16.6,28.2,195
2024-04-09,Ahmedabad,Gujarat,23.0225,72.5714,29.1,62.4,80.6,120.4,1.68,35.0,7.7,46.0,169
2024-04-10,Ahmedabad,Gujarat,23.0225,72.5714,26.4,58.7,75.9,137.1,1.13,37.7,13.4,29.1,153
2024-04-11,Ahmedabad,Gujarat,23.0225,72.5714,26.8,53.6,67.1,117.2,1.26,38.3,3.2,33.8,124
2024-04-12,Ahmedabad,Gujarat,23.0225,72.5714,26.5,60.0,90.3,182.2,1.55,55.5,17.5,36.5,201
2024-04-13,Ahmedabad,Gujarat,23.0225,72.5714,26.4,45.4,66.7,103.7,1.07,29.5,15.2,53.0,122
2024-04-14,Ahmedabad,Gujarat,23.0225,72.5714,26.6,46.7,63.2,116.8,1.6,30.0,10.4,33.7,111
2024-04-15,Ahmedabad,Gujarat,23.0225,72.5714,31.2,58.5,78.8,135.9,1.24,36.7,5.7,33.9,163
2024-04-16,Ahmedabad,Gujarat,23.0225,72.5714,29.9,45.5,66.8,104.6,1.25,30.9,11.0,33.7,123
2024-04-17,Ahmedabad,Gujarat,23.0225,72.5714,28.6,42.8,93.6,152.4,1.79,38.6,17.2,32.6,212
2024-04-18,Ahmedabad,Gujarat,23.0225,72.5714,27.4,49.9,77.5,121.3,1.3,39.1,13.8,33.8,158
2024-04-19,Ahmedabad,Gujarat,23.0225,72.5714,27.5,45.9,58.3,98.5,1.17,38.6,16.5,59.6,98
2024-04-20,Ahmedabad,Gujarat,23.0225,72.5714,27.9,65.2,53.3,95.8,1.04,31.8,9.7,50.1,96
2024-04-21,Ahmedabad,Gujarat,23.0225,72.5714,31.9,57.6,59.8,95.3,1.16,28.0,17.2,45.6,100
2024-04-22,Ahmedabad,Gujarat,23.0225,72.5714,29.4,48.1,112.2,199.4,1.91,48.7,9.2,53.6,274
2024-04-23,Ahmedabad,Gujarat,23.0225,72.5714,30.3,45.2,63.0,116.0,1.14,27.9,9.1,40.3,111
2024-04-24,Ahmedabad,Gujarat,23.0225,72.5714,29.4,54.6,77.6,145.4,0.96,44.7,8.6,39.0,159
2024-04-25,Ahmedabad,Gujarat,23.0225,72.5714,27.6,60.5,48.7,71.8,1.04,38.4,12.4,38.5,81
2024-04-26,Ahmedabad,Gujarat,23.0225,72.5714,29.5,54.3,50.6,83.1,1.07,20.6,6.7,53.4,84
2024-04-27,Ahmedabad,Gujarat,23.0225,72.5714,27.5,45.6,60.9,107.0,1.21,34.9,14.2,40.3,105
2024-04-28,Ahmedabad,Gujarat,23.0225,72.5714,31.7,42.2,91.3,135.7,1.49,38.5,15.7,56.7,204
2024-04-29,Ahmedabad,Gujarat,23.0225,72.5714,28.3,49.7,46.7,67.9,0.89,29.3,10.6,47.1,78
2024-04-30,Ahmedabad,Gujarat,23.0225,72.5714,28.8,54.6,53.4,87.9,1.06,30.6,10.3,51.0,89
2024-05-01,Ahmedabad,Gujarat,23.0225,72.5714,31.4,49.1,73.9,117.3,1.59,29.6,9.1,31.3,146
2024-05-02,Ahmedabad,Gujarat,23.0225,72.5714,28.8,59.5,85.0,138.0,1.44,48.4,14.9,27.0,183
2024-05-03,Ahmedabad,Gujarat,23.0225,72.5714,29.8,56.2,65.1,102.8,1.32,33.9,10.0,30.8,117
2024-05-04,Ahmedabad,Gujarat,23.0225,72.5714,25.5,54.2,67.7,133.7,1.1,32.9,14.0,33.7,126
2024-05-05,Ahmedabad,Gujarat,23.0225,72.5714,29.8,56.1,47.3,74.8,0.98,29.8,14.6,33.7,79
2024-05-06,Ahmedabad,Gujarat,23.0225,72.5714,31.6,42.9,42.5,73.9,0.82,22.4,8.8,59.2,74
2024-05-07,Ahmedabad,Gujarat,23.0225,72.5714,29.5,49.2,43.6,75.3,1.18,26.9,13.8,44.3,75
2024-05-08,Ahmedabad,Gujarat,23.0225,72.5714,31.8,45.5,45.7,63.8,0.77,17.6,10.5,54.2,76
2024-05-09,Ahmedabad,Gujarat,23.0225,72.5714,30.8,55.5,57.4,107.2,1.19,18.2,12.7,42.7,105
2024-05-10,Ahmedabad,Gujarat,23.0225,72.5714,33.0,45.7,41.1,71.7,1.01,21.3,5.6,58.2,72
2024-05-11,Ahmedabad,Gujarat,23.0225,72.5714,29.8,53.6,56.0,93.7,1.16,28.7,8.7,29.3,94
2024-05-12,Ahmedabad,Gujarat,23.0225,72.5714,30.8,51.9,48.7,88.1,0.69,19.1,8.1,47.0,88
2024-05-13,Ahmedabad,Gujarat,23.0225,72.5714,28.7,57.4,45.4,74.7,0.7,25.6,14.0,48.4,76
2024-05-14,Ahmedabad,Gujarat,23.0225,72.5714,31.3,44.9,61.5,109.6,1.2,30.5,10.2,51.6,106
2024-05-15,Ahmedabad,Gujarat,23.0225,72.5714,30.8,56.6,40.3,55.2,0.81,26.5,11.4,45.7,67
2024-05-16,Ahmedabad,Gujarat,23.0225,72.5714,33.4,46.0,67.2,119.1,1.15,39.2,11.5,36.1,124
2024-05-17,Ahmedabad,Gujarat,23.0225,72.5714,30.7,46.9,57.8,97.0,1.08,42.8,9.9,54.4,97
2024-05-18,Ahmedabad,Gujarat,23.0225,72.5714,31.2,52.8,38.1,63.9,0.76,28.7,4.9,45.9,64
2024-05-19,Ahmedabad,Gujarat,23.0225,72.5714,30.8,62.3,60.5,92.2,0.99,27.5,5.4,43.8,102
2024-05-20,Ahmedabad,Gujarat,23.0225,72.5714,32.2,48.2,35.7,57.8,0.9,29.4,8.1,68.7,60
2024-05-21,Ahmedabad,Gujarat,23.0225,72.5714,35.9,41.8,59.5,95.9,0.87,41.4,10.2,55.2,99
2024-05-22,Ahmedabad,Gujarat,23.0225,72.5714,26.1,47.7,47.2,69.8,0.95,22.4,7.4,35.9,79
2024-05-23,Ahmedabad,Gujarat,23.0225,72.5714,32.4,51.8,30.4,51.7,0.74,17.3,9.2,47.2,52
2024-05-24,Ahmedabad,Gujarat,23.0225,72.5714,34.7,67.8,31.6,59.7,0.85,15.6,14.7,60.6,60
2024-05-25,Ahmedabad,Gujarat,23.0225,72.5714,31.8,57.6,37.6,54.1,1.28,22.7,13.8,43.6,63
2024-05-26,Ahmedabad,Gujarat,23.0225,72.5714,33.8,49.8,48.7,83.9,0.89,31.8,10.1,56.3,84
2024-05-27,Ahmedabad,Gujarat,23.0225,72.5714,35.1,54.3,37.8,60.0,0.98,35.0,9.4,64.2,63
2024-05-28,Ahmedabad,Gujarat,23.0225,72.5714,32.6,66.5,36.7,57.6,0.94,31.1,11.0,50.8,61
2024-05-29,Ahmedabad,Gujarat,23.0225,72.5714,32.0,54.1,37.7,62.6,1.0,28.4,9.9,58.4,63
2024-05-30,Ahmedabad,Gujarat,23.0225,72.5714,35.0,54.4,23.5,39.0,0.73,21.8,10.0,56.1,39
2024-05-31,Ahmedabad,Gujarat,23.0225,72.5714,34.3,53.4,42.4,71.2,1.19,29.9,10.4,48.2,71
2024-06-01,Ahmedabad,Gujarat,23.0225,72.5714,33.4,61.4,46.2,68.4,1.12,31.5,10.2,38.6,77
2024-06-02,Ahmedabad,Gujarat,23.0225,72.5714,34.8,53.1,39.7,72.1,1.05,34.5,7.4,56.8,72
2024-06-03,Ahmedabad,Gujarat,23.0225,72.5714,35.5,63.2,29.5,49.0,0.62,23.3,9.6,59.2,49
2024-06-04,Ahmedabad,Gujarat,23.0225,72.5714,33.8,64.8,25.8,44.9,0.8,23.8,1.4,62.3,45
2024-06-05,Ahmedabad,Gujarat,23.0225,72.5714,34.5,62.0,23.9,43.8,0.69,19.2,8.8,63.0,44
2024-06-06,Ahmedabad,Gujarat,23.0225,72.5714,35.0,56.4,22.8,31.0,0.62,22.0,1.8,73.3,38
2024-06-07,Ahmedabad,Gujarat,23.0225,72.5714,33.4,48.5,46.4,80.9,0.92,27.3,10.6,47.1,81
2024-06-08,Ahmedabad,Gujarat,23.0225,72.5714,36.5,57.1,26.7,43.3,0.79,15.4,5.3,61.5,44
2024-06-09,Ahmedabad,Gujarat,23.0225,72.5714,32.6,54.3,31.8,57.3,0.92,29.4,12.5,46.4,57
2024-06-10,Ahmedabad,Gujarat,23.0225,72.5714,34.3,53.8,30.1,46.0,0.98,32.6,8.8,62.3,50
2024-06-11,Ahmedabad,Gujarat,23.0225,72.5714,36.0,58.0,24.6,44.1,0.91,21.7,8.1,50.8,44
2024-06-12,Ahmedabad,Gujarat,23.0225,72.5714,32.9,63.4,18.6,27.7,0.75,21.9,8.8,61.0,31
2024-06-13,Ahmedabad,Gujarat,23.0225,72.5714,36.4,56.0,24.3,41.6,0.78,27.0,5.5,53.0,42
2024-06-14,Ahmedabad,Gujarat,23.0225,72.5714,35.3,51.1,16.2,27.5,0.63,18.3,10.8,64.0,28
2024-06-15,Ahmedabad,Gujarat,23.0225,72.5714,37.5,54.4,22.3,36.2,0.71,22.3,10.0,70.4,37
2024-06-16,Ahmedabad,Gujarat,23.0225,72.5714,36.3,73.3,14.7,21.9,0.55,17.4,5.7,47.1,24
2024-06-17,Ahmedabad,Gujarat,23.0225,72.5714,35.0,65.7,15.7,25.1,0.61,15.7,4.2,46.6,26
2024-06-18,Ahmedabad,Gujarat,23.0225,72.5714,35.8,55.6,14.8,26.4,0.72,21.8,6.1,60.7,26
2024-06-19,Ahmedabad,Gujarat,23.0225,72.5714,35.9,71.7,20.6,38.6,0.96,23.7,7.3,59.5,39
2024-06-20,Ahmedabad,Gujarat,23.0225,72.5714,39.2,61.3,8.3,16.0,0.57,22.2,3.4,62.6,16
2024-06-21,Ahmedabad,Gujarat,23.0225,72.5714,35.8,79.4,21.8,37.7,0.62,21.0,6.4,54.3,38
2024-06-22,Ahmedabad,Gujarat,23.0225,72.5714,35.5,65.6,10.1,17.0,0.76,10.0,5.0,51.9,17
2024-06-23,Ahmedabad,Gujarat,23.0225,72.5714,35.5,68.1,10.7,18.3,0.32,24.1,6.2,61.4,18
2024-06-24,Ahmedabad,Gujarat,23.0225,72.5714,36.3,70.4,10.9,21.2,0.78,13.1,6.3,52.2,21
2024-06-25,Ahmedabad,Gujarat,23.0225,72.5714,34.0,75.3,9.6,16.7,0.39,12.6,8.2,59.3,17
2024-06-26,Ahmedabad,Gujarat,23.0225,72.5714,35.4,62.2,9.6,16.0,0.71,13.9,6.9,54.1,16
2024-06-27,Ahmedabad,Gujarat,23.0225,72.5714,34.3,75.5,8.1,15.0,0.52,6.1,7.9,53.8,15
2024-06-28,Ahmedabad,Gujarat,23.0225,72.5714,34.7,61.7,9.6,15.6,0.66,15.8,7.5,67.2,16
2024-06-29,Ahmedabad,Gujarat,23.0225,72.5714,37.8,63.8,8.0,15.0,0.9,20.3,6.1,70.3,15
2024-06-30,Ahmedabad,Gujarat,23.0225,72.5714,36.4,66.8,8.0,15.0,0.46,14.0,8.7,52.5,15
2024-07-01,Ahmedabad,Gujarat,23.0225,72.5714,35.1,73.5,8.0,15.0,0.44,24.6,1.0,51.4,15
2024-07-02,Ahmedabad,Gujarat,23.0225,72.5714,36.2,65.0,8.0,15.0,0.6,24.2,5.6,66.4,15
2024-07-03,Ahmedabad,Gujarat,23.0225,72.5714,36.1,79.2,8.0,15.0,0.82,21.9,4.9,48.5,15
2024-07-04,Ahmedabad,Gujarat,23.0225,72.5714,36.7,77.2,8.0,15.0,0.62,5.0,7.0,72.6,15
2024-07-05,Ahmedabad,Gujarat,23.0225,72.5714,34.0,68.5,8.0,15.0,0.6,25.2,4.7,57.6,15
2024-07-06,Ahmedabad,Gujarat,23.0225,72.5714,34.8,61.7,8.0,15.0,0.61,15.1,8.3,53.2,15
2024-07-07,Ahmedabad,Gujarat,23.0225,72.5714,34.2,75.7,8.0,15.0,0.44,26.6,8.8,57.0,15
2024-07-08,Ahmedabad,Gujarat,23.0225,72.5714,35.2,54.2,8.0,15.0,0.62,12.9,2.5,69.4,15
2024-07-09,Ahmedabad,Gujarat,23.0225,72.5714,35.6,74.3,8.0,15.0,0.53,15.7,7.3,42.0,15
2024-07-10,Ahmedabad,Gujarat,23.0225,72.5714,35.0,63.5,8.0,15.0,0.79,17.1,2.8,66.5,15
2024-07-11,Ahmedabad,Gujarat,23.0225,72.5714,38.3,78.3,8.0,15.0,0.71,11.0,8.1,73.0,15
2024-07-12,Ahmedabad,Gujarat,23.0225,72.5714,40.3,59.9,8.0,15.0,0.39,6.8,5.2,64.0,15
2024-07-13,Ahmedabad,Gujarat,23.0225,72.5714,38.4,65.1,8.0,15.0,0.55,4.0,4.2,63.1,15
2024-07-14,Ahmedabad,Gujarat,23.0225,72.5714,36.0,72.9,8.0,15.0,0.67,34.3,1.5,60.8,15
2024-07-15,Ahmedabad,Gujarat,23.0225,72.5714,37.4,74.1,8.0,15.0,0.44,6.5,6.4,67.9,15
2024-07-16,Ahmedabad,Gujarat,23.0225,72.5714,36.9,65.6,8.0,15.0,0.43,6.6,3.2,55.4,15
2024-07-17,Ahmedabad,Gujarat,23.0225,72.5714,35.9,67.7,8.0,15.0,0.52,20.0,2.2,59.5,15
2024-07-18,Ahmedabad,Gujarat,23.0225,72.5714,39.4,76.7,8.0,15.0,0.64,8.0,7.2,64.4,15
2024-07-19,Ahmedabad,Gujarat,23.0225,72.5714,40.6,77.0,8.0,15.0,0.74,6.9,9.5,72.6,15
2024-07-20,Ahmedabad,Gujarat,23.0225,72.5714,34.3,67.5,8.0,15.0,0.62,4.0,7.8,78.5,15
2024-07-21,Ahmedabad,Gujarat,23.0225,72.5714,39.5,65.6,8.0,15.0,0.96,18.3,2.3,59.6,15
2024-07-22,Ahmedabad,Gujarat,23.0225,72.5714,35.9,60.2,8.0,15.0,0.49,10.1,6.2,60.2,15
2024-07-23,Ahmedabad,Gujarat,23.0225,72.5714,36.4,71.5,8.0,15.0,0.7,20.4,8.7,54.4,15
2024-07-24,Ahmedabad,Gujarat,23.0225,72.5714,37.4,75.3,8.0,15.0,0.42,16.1,6.2,58.1,15
2024-07-25,Ahmedabad,Gujarat,23.0225,72.5714,39.6,70.5,8.0,15.0,0.83,17.1,7.6,57.0,15
2024-07-26,Ahmedabad,Gujarat,23.0225,72.5714,37.3,62.8,8.0,15.0,0.79,13.8,5.3,49.7,15
2024-07-27,Ahmedabad,Gujarat,23.0225,72.5714,37.5,81.6,8.0,15.0,0.7,14.9,5.5,71.7,15
2024-07-28,Ahmedabad,Gujarat,23.0225,72.5714,38.3,54.2,8.0,15.0,0.33,11.2,4.7,66.3,15
2024-07-29,Ahmedabad,Gujarat,23.0225,72.5714,38.5,74.8,8.0,15.0,0.69,11.8,8.5,64.5,15
2024-07-30,Ahmedabad,Gujarat,23.0225,72.5714,37.5,70.0,8.0,15.0,0.47,10.0,8.7,55.3,15
2024-07-31,Ahmedabad,Gujarat,23.0225,72.5714,38.4,71.5,8.0,15.0,0.66,25.6,5.0,63.0,15
2024-08-01,Ahmedabad,Gujarat,23.0225,72.5714,35.4,62.4,8.0,16.1,0.37,14.2,8.9,49.6,16
2024-08-02,Ahmedabad,Gujarat,23.0225,72.5714,33.3,66.6,8.0,15.0,0.63,4.0,2.4,55.3,15
2024-08-03,Ahmedabad,Gujarat,23.0225,72.5714,39.6,69.4,8.0,15.0,0.54,18.1,6.1,68.3,15
2024-08-04,Ahmedabad,Gujarat,23.0225,72.5714,34.4,66.4,8.0,15.0,0.47,11.7,2.6,52.9,15
2024-08-05,Ahmedabad,Gujarat,23.0225,72.5714,35.2,54.1,8.0,15.0,0.68,16.3,3.2,52.5,15
2024-08-06,Ahmedabad,Gujarat,23.0225,72.5714,35.5,78.4,8.0,15.0,0.58,14.9,2.5,55.1,15
2024-08-07,Ahmedabad,Gujarat,23.0225,72.5714,35.1,70.6,8.0,15.0,0.56,25.5,4.7,64.9,15
2024-08-08,Ahmedabad,Gujarat,23.0225,72.5714,34.6,65.9,8.0,15.0,0.7,14.3,8.5,59.2,15
2024-08-09,Ahmedabad,Gujarat,23.0225,72.5714,36.7,66.0,8.0,15.0,0.87,21.5,6.4,48.1,15
2024-08-10,Ahmedabad,Gujarat,23.0225,72.5714,36.6,76.7,8.0,15.0,0.63,20.8,4.9,66.6,15
2024-08-11,Ahmedabad,Gujarat,23.0225,72.5714,36.8,59.4,8.1,15.0,0.32,8.4,6.1,65.4,15
2024-08-12,Ahmedabad,Gujarat,23.0225,72.5714,36.6,57.4,8.0,15.0,0.36,17.7,1.0,62.2,15
2024-08-13,Ahmedabad,Gujarat,23.0225,72.5714,34.7,69.7,11.3,20.8,0.64,13.1,8.6,70.6,21
2024-08-14,Ahmedabad,Gujarat,23.0225,72.5714,34.6,66.7,16.9,28.2,0.84,12.2,1.0,56.9,28
2024-08-15,Ahmedabad,Gujarat,23.0225,72.5714,37.3,56.0,14.6,16.3,0.68,11.5,5.0,64.7,24
2024-08-16,Ahmedabad,Gujarat,23.0225,72.5714,34.2,70.3,15.7,24.3,0.75,23.9,7.0,60.0,26
2024-08-17,Ahmedabad,Gujarat,23.0225,72.5714,34.1,64.3,21.2,37.9,0.73,36.6,9.0,62.5,38
2024-08-18,Ahmedabad,Gujarat,23.0225,72.5714,36.6,55.6,27.6,44.4,0.95,18.0,8.9,57.1,46
2024-08-19,Ahmedabad,Gujarat,23.0225,72.5714,34.8,64.9,33.3,57.6,0.96,26.0,8.5,50.2,58
2024-08-20,Ahmedabad,Gujarat,23.0225,72.5714,33.8,63.5,22.0,35.0,0.59,22.9,12.1,62.7,37
2024-08-21,Ahmedabad,Gujarat,23.0225,72.5714,33.7,60.1,21.1,35.5,0.8,17.6,13.7,62.2,36
2024-08-22,Ahmedabad,Gujarat,23.0225,72.5714,36.5,63.1,21.6,35.7,0.51,29.3,7.7,69.5,36
2024-08-23,Ahmedabad,Gujarat,23.0225,72.5714,35.5,64.4,28.2,43.8,0.88,36.2,8.0,60.2,47
2024-08-24,Ahmedabad,Gujarat,23.0225,72.5714,34.7,66.0,25.0,43.4,0.74,18.4,7.5,42.9,43
2024-08-25,Ahmedabad,Gujarat,23.0225,72.5714,32.1,60.1,26.1,49.1,0.81,32.8,6.3,53.0,49
2024-08-26,Ahmedabad,Gujarat,23.0225,72.5714,34.5,57.1,27.6,47.2,0.86,19.6,9.3,55.7,47
2024-08-27,Ahmedabad,Gujarat,23.0225,72.5714,33.6,60.3,23.8,39.7,0.81,15.8,11.7,64.2,40
2024-08-28,Ahmedabad,Gujarat,23.0225,72.5714,32.2,66.6,18.2,27.7,0.91,19.0,1.0,61.1,30
2024-08-29,Ahmedabad,Gujarat,23.0225,72.5714,32.6,62.4,27.2,48.7,0.81,27.9,7.7,57.4,49
2024-08-30,Ahmedabad,Gujarat,23.0225,72.5714,34.8,55.4,44.9,70.7,1.03,27.8,14.1,37.7,75
2024-08-31,Ahmedabad,Gujarat,23.0225,72.5714,35.7,57.8,45.9,79.7,1.21,33.1,10.9,48.9,80
2024-09-01,Ahmedabad,Gujarat,23.0225,72.5714,31.4,68.7,42.7,75.4,1.26,29.0,10.7,46.1,75
2024-09-02,Ahmedabad,Gujarat,23.0225,72.5714,31.6,62.0,32.1,57.8,0.85,32.4,3.8,47.5,58
2024-09-03,Ahmedabad,Gujarat,23.0225,72.5714,34.4,57.6,31.0,55.8,0.77,27.1,10.6,56.2,56
2024-09-04,Ahmedabad,Gujarat,23.0225,72.5714,32.3,64.2,54.2,97.3,1.03,40.5,13.4,61.0,97
2024-09-05,Ahmedabad,Gujarat,23.0225,72.5714,33.9,52.2,30.7,44.8,0.91,18.7,9.1,60.4,51
2024-09-06,Ahmedabad,Gujarat,23.0225,72.5714,32.0,58.1,40.3,61.3,0.92,25.7,7.3,42.8,67
2024-09-07,Ahmedabad,Gujarat,23.0225,72.5714,33.7,68.7,59.4,85.8,0.9,33.0,12.1,44.3,99
2024-09-08,Ahmedabad,Gujarat,23.0225,72.5714,30.0,59.9,43.1,61.8,1.15,22.7,6.3,39.4,72
2024-09-09,Ahmedabad,Gujarat,23.0225,72.5714,33.4,66.5,40.2,75.6,1.07,20.8,5.7,51.4,76
2024-09-10,Ahmedabad,Gujarat,23.0225,72.5714,28.5,54.3,56.6,85.1,1.3,34.4,12.9,49.4,94
2024-09-11,Ahmedabad,Gujarat,23.0225,72.5714,33.8,51.4,45.5,67.5,1.21,32.6,12.9,60.3,76
2024-09-12,Ahmedabad,Gujarat,23.0225,72.5714,32.0,62.7,47.8,78.4,1.06,30.0,7.6,46.3,80
2024-09-13,Ahmedabad,Gujarat,23.0225,72.5714,32.7,41.6,65.2,100.2,1.26,41.2,7.7,48.6,117
2024-09-14,Ahmedabad,Gujarat,23.0225,72.5714,32.2,55.5,27.2,54.1,0.95,16.1,5.5,65.2,54
2024-09-15,Ahmedabad,Gujarat,23.0225,72.5714,28.6,61.3,52.5,84.5,0.9,28.5,10.8,31.6,88
2024-09-16,Ahmedabad,Gujarat,23.0225,72.5714,34.0,57.8,41.7,71.6,0.91,20.3,5.8,58.3,72
2024-09-17,Ahmedabad,Gujarat,23.0225,72.5714,32.0,39.0,48.0,73.6,1.02,30.2,13.7,53.7,80
2024-09-18,Ahmedabad,Gujarat,23.0225,72.5714,32.7,44.2,52.4,73.4,1.22,33.7,8.8,47.6,87
2024-09-19,Ahmedabad,Gujarat,23.0225,72.5714,29.7,52.7,44.8,69.1,0.92,36.4,10.7,45.9,75
2024-09-20,Ahmedabad,Gujarat,23.0225,72.5714,31.5,56.7,55.6,85.7,1.01,24.7,8.2,51.2,93
2024-09-21,Ahmedabad,Gujarat,23.0225,72.5714,28.6,56.9,58.4,90.1,1.08,34.9,12.4,40.5,97
2024-09-22,Ahmedabad,Gujarat,23.0225,72.5714,31.1,53.1,57.0,80.4,1.2,40.9,12.6,41.9,95
2024-09-23,Ahmedabad,Gujarat,23.0225,72.5714,29.0,58.2,56.7,94.7,1.12,26.1,5.5,38.0,95
2024-09-24,Ahmedabad,Gujarat,23.0225,72.5714,39.6,56.1,54.7,87.5,0.89,24.1,8.3,75.7,91
2024-09-25,Ahmedabad,Gujarat,23.0225,72.5714,31.5,52.0,55.7,79.1,0.93,23.0,10.0,44.3,93
2024-09-26,Ahmedabad,Gujarat,23.0225,72.5714,32.7,56.6,58.8,97.9,1.17,36.6,9.1,51.1,98
2024-09-27,Ahmedabad,Gujarat,23.0225,72.5714,29.7,48.2,47.6,84.0,1.05,24.9,12.4,52.1,84
2024-09-28,Ahmedabad,Gujarat,23.0225,72.5714,30.8,57.2,78.5,143.5,1.38,42.0,10.5,42.7,162
2024-09-29,Ahmedabad,Gujarat,23.0225,72.5714,31.6,46.7,58.9,75.8,1.08,31.6,12.9,47.9,98
2024-09-30,Ahmedabad,Gujarat,23.0225,72.5714,27.9,56.0,55.7,85.8,1.24,42.6,11.9,46.1,93
2024-10-01,Ahmedabad,Gujarat,23.0225,72.5714,28.5,55.8,67.3,97.1,1.3,40.2,11.1,35.1,124
2024-10-02,Ahmedabad,Gujarat,23.0225,72.5714,31.3,50.4,60.8,94.4,1.23,28.6,13.1,34.7,103
2024-10-03,Ahmedabad,Gujarat,23.0225,72.5714,29.1,56.9,83.0,154.3,1.48,38.8,8.0,35.4,177
2024-10-04,Ahmedabad,Gujarat,23.0225,72.5714,28.0,63.2,77.8,119.9,1.6,43.6,12.0,53.8,159
2024-10-05,Ahmedabad,Gujarat,23.0225,72.5714,28.1,45.2,66.0,104.2,1.08,28.7,9.0,36.7,120
2024-10-06,Ahmedabad,Gujarat,23.0225,72.5714,26.9,59.0,80.4,122.7,1.33,46.8,12.1,39.0,168
2024-10-07,Ahmedabad,Gujarat,23.0225,72.5714,25.4,59.9,69.6,131.9,1.22,34.8,10.2,26.1,132
2024-10-08,Ahmedabad,Gujarat,23.0225,72.5714,25.8,50.8,51.9,67.7,1.27,35.5,10.3,49.8,86
2024-10-09,Ahmedabad,Gujarat,23.0225,72.5714,28.8,57.8,82.2,128.8,1.36,39.1,12.6,38.5,174
2024-10-10,Ahmedabad,Gujarat,23.0225,72.5714,29.8,50.4,45.0,68.4,0.88,25.3,10.0,42.6,75
2024-10-11,Ahmedabad,Gujarat,23.0225,72.5714,33.0,61.0,31.9,44.3,0.84,20.1,9.1,51.6,53
2024-10-12,Ahmedabad,Gujarat,23.0225,72.5714,28.3,33.0,81.4,147.7,1.42,50.4,14.2,60.2,171
2024-10-13,Ahmedabad,Gujarat,23.0225,72.5714,25.9,62.3,77.7,107.2,1.54,37.1,8.4,40.2,159
2024-10-14,Ahmedabad,Gujarat,23.0225,72.5714,28.1,44.4,77.4,122.3,1.3,57.2,13.7,38.9,158
2024-10-15,Ahmedabad,Gujarat,23.0225,72.5714,29.2,52.8,97.6,159.9,1.48,46.2,9.3,17.0,225
2024-10-16,Ahmedabad,Gujarat,23.0225,72.5714,29.7,46.4,72.2,111.0,1.17,32.0,3.4,54.1,141
2024-10-17,Ahmedabad,Gujarat,23.0225,72.5714,29.4,62.6,67.5,93.8,1.2,26.1,17.3,37.8,125
2024-10-18,Ahmedabad,Gujarat,23.0225,72.5714,28.6,50.5,88.2,143.3,1.86,49.6,10.2,33.2,194
2024-10-19,Ahmedabad,Gujarat,23.0225,72.5714,27.7,48.3,63.9,98.1,1.27,33.3,9.8,34.8,113
2024-10-20,Ahmedabad,Gujarat,23.0225,72.5714,28.7,59.9,71.6,126.8,1.39,41.8,6.1,53.5,139
2024-10-21,Ahmedabad,Gujarat,23.0225,72.5714,25.1,57.2,80.5,139.0,1.39,53.7,11.1,34.8,168
2024-10-22,Ahmedabad,Gujarat,23.0225,72.5714,23.5,49.7,82.6,160.5,1.44,44.5,13.2,20.2,175
2024-10-23,Ahmedabad,Gujarat,23.0225,72.5714,30.8,45.1,72.0,120.0,1.42,39.1,12.5,43.4,140
2024-10-24,Ahmedabad,Gujarat,23.0225,72.5714,26.8,44.2,70.2,122.0,1.36,43.8,8.0,32.2,134
2024-10-25,Ahmedabad,Gujarat,23.0225,72.5714,27.7,61.0,61.6,98.4,1.24,38.6,9.6,44.1,105
2024-10-26,Ahmedabad,Gujarat,23.0225,72.5714,21.6,55.0,66.9,127.6,1.25,27.8,12.5,27.8,123
2024-10-27,Ahmedabad,Gujarat,23.0225,72.5714,29.3,53.2,119.7,197.7,1.78,60.3,16.3,25.4,299
2024-10-28,Ahmedabad,Gujarat,23.0225,72.5714,28.5,55.5,76.3,124.7,1.41,38.1,12.5,40.3,154
2024-10-29,Ahmedabad,Gujarat,23.0225,72.5714,23.5,38.4,85.0,147.2,1.46,50.5,15.1,31.6,183
2024-10-30,Ahmedabad,Gujarat,23.0225,72.5714,25.6,49.7,59.2,92.0,1.48,36.0,10.4,28.0,99
2024-10-31,Ahmedabad,Gujarat,23.0225,72.5714,26.5,49.9,145.7,229.5,2.28,67.8,21.8,15.2,320
2024-11-01,Ahmedabad,Gujarat,23.0225,72.5714,23.7,58.9,69.1,119.7,1.17,34.8,10.7,36.2,130
2024-11-02,Ahmedabad,Gujarat,23.0225,72.5714,26.7,41.7,65.0,114.4,1.05,25.7,13.3,37.0,117
2024-11-03,Ahmedabad,Gujarat,23.0225,72.5714,27.6,59.4,83.7,145.6,1.37,44.2,14.9,37.1,179
2024-11-04,Ahmedabad,Gujarat,23.0225,72.5714,26.2,64.6,70.3,115.1,1.12,42.3,6.7,43.9,134
2024-11-05,Ahmedabad,Gujarat,23.0225,72.5714,22.7,40.0,93.3,157.8,1.47,40.5,14.8,14.4,211
2024-11-06,Ahmedabad,Gujarat,23.0225,72.5714,23.5,52.1,62.2,111.6,1.05,32.7,9.1,34.9,108
2024-11-07,Ahmedabad,Gujarat,23.0225,72.5714,25.1,55.5,112.3,166.8,1.7,36.6,12.0,37.2,274
2024-11-08,Ahmedabad,Gujarat,23.0225,72.5714,24.7,58.1,108.3,178.7,1.66,47.7,13.4,30.3,261
2024-11-09,Ahmedabad,Gujarat,23.0225,72.5714,24.6,36.9,86.4,104.8,1.48,34.1,13.4,22.5,188
2024-11-10,Ahmedabad,Gujarat,23.0225,72.5714,24.5,54.4,62.0,109.2,1.16,37.0,6.3,30.7,107
2024-11-11,Ahmedabad,Gujarat,23.0225,72.5714,21.6,50.5,75.2,115.2,1.2,40.1,12.1,26.4,151
2024-11-12,Ahmedabad,Gujarat,23.0225,72.5714,26.2,50.0,91.8,141.0,1.7,43.5,12.7,23.1,206
2024-11-13,Ahmedabad,Gujarat,23.0225,72.5714,25.8,66.5,69.8,113.9,1.34,44.3,14.7,40.2,133
2024-11-14,Ahmedabad,Gujarat,23.0225,72.5714,25.5,50.5,72.8,126.9,1.23,38.7,9.9,36.5,143
2024-11-15,Ahmedabad,Gujarat,23.0225,72.5714,25.2,55.2,116.2,233.5,1.66,52.4,18.9,26.5,287
2024-11-16,Ahmedabad,Gujarat,23.0225,72.5714,23.8,51.2,96.1,136.2,1.35,46.7,14.8,39.4,220
2024-11-17,Ahmedabad,Gujarat,23.0225,72.5714,23.1,53.7,96.0,146.2,1.34,41.2,13.6,26.2,220
2024-11-18,Ahmedabad,Gujarat,23.0225,72.5714,22.3,55.9,105.6,177.8,1.83,53.7,18.3,39.9,252
2024-11-19,Ahmedabad,Gujarat,23.0225,72.5714,26.8,58.3,91.2,140.6,1.65,37.7,19.1,34.6,204
2024-11-20,Ahmedabad,Gujarat,23.0225,72.5714,23.9,46.6,93.9,166.7,1.46,46.6,12.9,24.2,213
2024-11-21,Ahmedabad,Gujarat,23.0225,72.5714,20.8,53.1,105.8,171.9,1.88,55.2,12.2,18.3,253
2024-11-22,Ahmedabad,Gujarat,23.0225,72.5714,23.7,53.3,115.0,205.0,1.87,44.6,16.5,30.1,283
2024-11-23,Ahmedabad,Gujarat,23.0225,72.5714,19.9,40.5,108.0,174.1,1.73,40.5,10.4,15.4,260
2024-11-24,Ahmedabad,Gujarat,23.0225,72.5714,24.0,45.3,134.2,232.3,2.12,50.7,12.8,29.1,311
2024-11-25,Ahmedabad,Gujarat,23.0225,72.5714,23.7,58.2,98.3,148.2,1.69,56.4,17.8,27.9,228
2024-11-26,Ahmedabad,Gujarat,23.0225,72.5714,22.4,48.8,73.1,141.9,1.34,33.7,13.6,28.1,144
2024-11-27,Ahmedabad,Gujarat,23.0225,72.5714,21.6,70.3,125.6,175.2,1.86,47.0,13.5,24.6,304
2024-11-28,Ahmedabad,Gujarat,23.0225,72.5714,24.2,58.7,94.1,145.3,1.53,46.3,22.9,40.3,214
2024-11-29,Ahmedabad,Gujarat,23.0225,72.5714,22.9,55.2,84.3,121.1,1.2,24.6,8.6,26.9,181
2024-11-30,Ahmedabad,Gujarat,23.0225,72.5714,19.5,62.6,117.3,207.7,1.68,45.8,17.2,23.9,291
2024-12-01,Ahmedabad,Gujarat,23.0225,72.5714,25.1,57.4,109.3,189.3,1.98,57.5,12.4,35.7,264
2024-12-02,Ahmedabad,Gujarat,23.0225,72.5714,21.1,53.3,76.4,112.1,1.22,32.7,17.5,19.5,155
2024-12-03,Ahmedabad,Gujarat,23.0225,72.5714,20.4,42.1,117.9,212.1,1.53,50.2,13.8,28.0,293
2024-12-04,Ahmedabad,Gujarat,23.0225,72.5714,25.1,56.7,154.3,238.4,2.35,65.1,17.5,34.3,326
2024-12-05,Ahmedabad,Gujarat,23.0225,72.5714,24.5,61.8,110.1,188.1,1.76,51.0,9.4,38.9,267
2024-12-06,Ahmedabad,Gujarat,23.0225,72.5714,21.8,47.8,97.4,169.7,1.63,42.0,20.0,19.2,225
2024-12-07,Ahmedabad,Gujarat,23.0225,72.5714,20.2,39.2,71.6,115.6,1.27,40.2,9.9,19.8,139
2024-12-08,Ahmedabad,Gujarat,23.0225,72.5714,20.7,44.5,163.1,291.3,2.45,74.9,20.5,19.4,333
2024-12-09,Ahmedabad,Gujarat,23.0225,72.5714,21.5,64.3,93.0,151.5,1.76,37.4,13.5,27.2,210
2024-12-10,Ahmedabad,Gujarat,23.0225,72.5714,24.4,52.6,76.8,130.5,1.27,35.7,10.5,34.6,156
2024-12-11,Ahmedabad,Gujarat,23.0225,72.5714,24.5,62.2,107.6,173.1,1.79,47.8,7.9,28.6,259
2024-12-12,Ahmedabad,Gujarat,23.0225,72.5714,22.4,52.1,131.6,180.2,2.13,60.3,15.8,27.2,309
2024-12-13,Ahmedabad,Gujarat,23.0225,72.5714,23.2,48.5,138.8,226.4,1.96,58.6,16.3,8.0,314
2024-12-14,Ahmedabad,Gujarat,23.0225,72.5714,21.6,66.9,91.5,139.0,1.74,42.5,14.3,33.7,205
2024-12-15,Ahmedabad,Gujarat,23.0225,72.5714,20.3,49.4,104.2,193.6,1.82,38.0,20.8,36.9,247
2024-12-16,Ahmedabad,Gujarat,23.0225,72.5714,19.2,50.3,106.8,154.3,1.5,41.4,16.5,18.5,256
2024-12-17,Ahmedabad,Gujarat,23.0225,72.5714,22.4,55.2,132.8,243.4,2.21,57.6,19.2,27.1,310
2024-12-18,Ahmedabad,Gujarat,23.0225,72.5714,23.4,50.0,122.4,198.6,1.68,50.1,14.9,41.6,302
2024-12-19,Ahmedabad,Gujarat,23.0225,72.5714,20.8,57.4,114.3,195.6,1.67,48.5,11.2,25.1,281
2024-12-20,Ahmedabad,Gujarat,23.0225,72.5714,23.8,55.1,132.1,190.6,2.07,55.9,15.7,30.3,309
2024-12-21,Ahmedabad,Gujarat,23.0225,72.5714,20.9,55.4,80.2,128.7,1.55,53.7,10.2,43.1,167
2024-12-22,Ahmedabad,Gujarat,23.0225,72.5714,21.7,47.7,119.1,184.6,1.84,49.1,15.4,42.1,297
2024-12-23,Ahmedabad,Gujarat,23.0225,72.5714,21.1,40.4,114.2,224.5,1.67,58.9,13.7,16.8,281
2024-12-24,Ahmedabad,Gujarat,23.0225,72.5714,23.7,46.2,107.8,166.8,1.66,56.4,9.6,26.8,259
2024-12-25,Ahmedabad,Gujarat,23.0225,72.5714,22.3,46.8,103.4,188.6,1.59,51.9,18.1,35.5,245
2024-12-26,Ahmedabad,Gujarat,23.0225,72.5714,21.3,54.0,112.8,205.8,1.88,45.0,14.6,29.7,276
2024-12-27,Ahmedabad,Gujarat,23.0225,72.5714,21.5,46.3,96.8,176.2,1.51,45.8,12.8,33.3,223
2024-12-28,Ahmedabad,Gujarat,23.0225,72.5714,19.2,41.7,200.3,312.6,2.63,75.7,18.7,8.0,362
2024-12-29,Ahmedabad,Gujarat,23.0225,72.5714,17.2,44.0,148.5,285.2,1.93,73.6,16.5,8.0,322
2024-12-30,Ahmedabad,Gujarat,23.0225,72.5714,20.3,54.7,140.3,273.8,1.97,61.3,14.6,35.7,316
2024-12-31,Ahmedabad,Gujarat,23.0225,72.5714,20.9,56.8,98.3,167.6,1.57,44.2,10.3,32.7,228
2025-01-01,Ahmedabad,Gujarat,23.0225,72.5714,22.2,48.5,89.5,141.4,1.32,53.3,13.6,32.3,198
2025-01-02,Ahmedabad,Gujarat,23.0225,72.5714,20.9,49.2,105.6,160.6,1.41,45.7,13.0,15.9,252
2025-01-03,Ahmedabad,Gujarat,23.0225,72.5714,20.3,56.3,113.6,195.4,1.91,53.7,17.3,20.8,279
2025-01-04,Ahmedabad,Gujarat,23.0225,72.5714,15.8,53.2,80.6,133.8,1.25,44.0,11.4,24.8,169
2025-01-05,Ahmedabad,Gujarat,23.0225,72.5714,22.1,60.3,123.4,207.0,1.67,55.6,16.2,14.9,303
2025-01-06,Ahmedabad,Gujarat,23.0225,72.5714,21.5,50.9,141.0,204.1,2.3,58.5,17.5,17.6,316
2025-01-07,Ahmedabad,Gujarat,23.0225,72.5714,22.5,46.2,68.0,112.6,1.38,40.8,12.6,35.3,127
2025-01-08,Ahmedabad,Gujarat,23.0225,72.5714,21.1,59.6,91.3,166.3,1.67,39.4,10.8,32.3,204
2025-01-09,Ahmedabad,Gujarat,23.0225,72.5714,23.1,49.8,145.9,258.6,2.2,67.4,20.4,21.2,320
2025-01-10,Ahmedabad,Gujarat,23.0225,72.5714,20.0,46.5,121.0,192.2,2.04,51.0,12.1,30.8,301
2025-01-11,Ahmedabad,Gujarat,23.0225,72.5714,20.9,58.2,92.2,150.6,1.66,51.5,13.5,34.9,207
2025-01-12,Ahmedabad,Gujarat,23.0225,72.5714,21.4,62.1,131.1,187.5,1.91,62.2,12.9,9.9,309
2025-01-13,Ahmedabad,Gujarat,23.0225,72.5714,22.2,53.3,97.9,151.8,1.43,48.6,13.5,41.8,226
2025-01-14,Ahmedabad,Gujarat,23.0225,72.5714,21.8,45.0,105.9,169.4,1.48,47.4,17.1,36.5,253
2025-01-15,Ahmedabad,Gujarat,23.0225,72.5714,21.9,62.7,86.9,151.6,1.44,48.4,14.6,30.9,190
2025-01-16,Ahmedabad,Gujarat,23.0225,72.5714,21.5,54.6,112.0,172.9,1.58,53.3,18.1,25.1,273
2025-01-17,Ahmedabad,Gujarat,23.0225,72.5714,20.7,53.5,139.6,208.6,1.93,39.4,16.3,28.4,315
2025-01-18,Ahmedabad,Gujarat,23.0225,72.5714,22.6,49.2,100.4,177.1,1.59,41.2,16.8,33.4,235
2025-01-19,Ahmedabad,Gujarat,23.0225,72.5714,18.0,59.9,128.5,203.9,2.14,56.1,14.2,16.8,307
2025-01-20,Ahmedabad,Gujarat,23.0225,72.5714,19.9,44.2,110.2,168.0,1.5,51.0,13.4,36.7,267
2025-01-21,Ahmedabad,Gujarat,23.0225,72.5714,23.9,43.6,141.2,250.2,2.07,63.4,17.7,10.3,316
2025-01-22,Ahmedabad,Gujarat,23.0225,72.5714,19.8,65.3,100.5,172.8,1.43,55.5,16.6,19.4,235
2025-01-23,Ahmedabad,Gujarat,23.0225,72.5714,20.9,46.0,156.6,253.5,2.16,67.6,16.9,24.4,328
2025-01-24,Ahmedabad,Gujarat,23.0225,72.5714,23.6,58.7,129.1,206.2,2.07,42.8,18.4,27.4,307
2025-01-25,Ahmedabad,Gujarat,23.0225,72.5714,20.9,61.6,117.1,199.9,1.67,52.7,16.1,30.3,290
2025-01-26,Ahmedabad,Gujarat,23.0225,72.5714,19.6,53.5,118.0,204.2,1.77,59.0,16.4,11.4,293
2025-01-27,Ahmedabad,Gujarat,23.0225,72.5714,23.3,45.8,100.0,168.1,1.63,46.7,11.4,28.3,233
2025-01-28,Ahmedabad,Gujarat,23.0225,72.5714,20.7,56.4,98.5,164.2,1.7,46.7,12.7,35.4,228
2025-01-29,Ahmedabad,Gujarat,23.0225,72.5714,20.8,61.7,117.0,182.4,1.72,48.5,15.1,12.6,290
2025-01-30,Ahmedabad,Gujarat,23.0225,72.5714,17.7,54.4,84.7,132.8,1.63,46.8,13.8,20.9,182
2025-01-31,Ahmedabad,Gujarat,23.0225,72.5714,21.0,46.8,96.5,156.7,1.5,42.7,11.3,22.8,222
2025-02-01,Ahmedabad,Gujarat,23.0225,72.5714,22.5,54.1,89.4,134.7,1.57,46.2,9.3,33.0,198
2025-02-02,Ahmedabad,Gujarat,23.0225,72.5714,20.6,42.3,124.4,185.2,1.85,56.4,9.6,26.6,303
2025-02-03,Ahmedabad,Gujarat,23.0225,72.5714,19.1,45.2,124.6,203.9,2.0,54.2,18.2,21.8,304
2025-02-04,Ahmedabad,Gujarat,23.0225,72.5714,20.5,50.2,144.4,259.7,2.41,63.1,20.4,19.1,319
2025-02-05,Ahmedabad,Gujarat,23.0225,72.5714,20.3,52.4,101.3,135.6,1.58,47.6,8.1,25.9,238
2025-02-06,Ahmedabad,Gujarat,23.0225,72.5714,21.0,43.6,91.1,144.9,1.51,50.8,13.5,26.2,204
2025-02-07,Ahmedabad,Gujarat,23.0225,72.5714,20.6,53.7,78.6,132.8,1.31,43.2,11.2,27.9,162
2025-02-08,Ahmedabad,Gujarat,23.0225,72.5714,24.6,55.7,114.9,208.1,1.69,57.0,18.8,42.5,283
2025-02-09,Ahmedabad,Gujarat,23.0225,72.5714,22.2,50.5,146.8,281.9,2.03,56.4,17.1,14.2,321
2025-02-10,Ahmedabad,Gujarat,23.0225,72.5714,18.6,36.9,105.9,170.7,1.67,42.9,16.1,24.8,253
2025-02-11,Ahmedabad,Gujarat,23.0225,72.5714,21.9,52.7,108.0,210.2,1.58,48.9,13.4,19.7,260
2025-02-12,Ahmedabad,Gujarat,23.0225,72.5714,21.7,64.7,106.9,183.8,1.58,52.7,12.5,42.7,256
2025-02-13,Ahmedabad,Gujarat,23.0225,72.5714,24.0,55.2,112.9,200.1,1.28,53.3,17.3,30.8,276
2025-02-14,Ahmedabad,Gujarat,23.0225,72.5714,21.6,52.1,132.5,197.5,2.18,51.9,19.8,14.2,310
2025-02-15,Ahmedabad,Gujarat,23.0225,72.5714,21.6,49.4,161.8,278.0,2.54,70.5,15.1,19.6,332
2025-02-16,Ahmedabad,Gujarat,23.0225,72.5714,25.4,56.0,118.0,210.6,1.91,48.0,18.9,20.2,293
2025-02-17,Ahmedabad,Gujarat,23.0225,72.5714,20.2,53.5,119.3,184.5,1.69,56.2,12.6,18.3,298
2025-02-18,Ahmedabad,Gujarat,23.0225,72.5714,23.6,57.0,99.6,125.4,1.42,47.6,7.0,35.7,232
2025-02-19,Ahmedabad,Gujarat,23.0225,72.5714,22.3,44.3,102.2,170.9,1.4,45.3,14.2,39.4,241
2025-02-20,Ahmedabad,Gujarat,23.0225,72.5714,21.4,52.8,101.5,164.2,1.72,43.3,15.6,35.7,238
2025-02-21,Ahmedabad,Gujarat,23.0225,72.5714,21.2,48.8,95.8,177.4,1.75,45.5,9.1,26.5,219
2025-02-22,Ahmedabad,Gujarat,23.0225,72.5714,24.9,54.6,106.4,166.9,1.71,48.5,8.6,36.7,255
2025-02-23,Ahmedabad,Gujarat,23.0225,72.5714,23.4,38.4,118.2,182.5,1.94,45.5,14.0,35.0,294
2025-02-24,Ahmedabad,Gujarat,23.0225,72.5714,23.7,49.3,104.0,153.4,1.72,50.9,12.4,48.5,247
2025-02-25,Ahmedabad,Gujarat,23.0225,72.5714,24.3,55.8,96.0,149.4,1.45,51.7,17.8,27.4,220
2025-02-26,Ahmedabad,Gujarat,23.0225,72.5714,23.4,56.9,104.6,214.3,1.81,52.6,14.4,42.0,249
2025-02-27,Ahmedabad,Gujarat,23.0225,72.5714,20.9,51.8,82.0,115.7,1.55,42.1,14.8,19.5,173
2025-02-28,Ahmedabad,Gujarat,23.0225,72.5714,20.1,36.9,120.3,174.3,1.69,49.8,16.2,32.5,300
2025-03-01,Ahmedabad,Gujarat,23.0225,72.5714,25.8,56.5,91.6,150.4,1.64,44.1,18.0,30.1,205
2025-03-02,Ahmedabad,Gujarat,23.0225,72.5714,23.5,63.1,77.4,150.7,1.34,38.0,9.5,27.3,158
2025-03-03,Ahmedabad,Gujarat,23.0225,72.5714,23.3,46.1,110.0,193.6,1.68,49.9,14.5,27.0,267
2025-03-04,Ahmedabad,Gujarat,23.0225,72.5714,26.5,49.0,110.6,208.2,1.79,55.0,10.1,28.1,269
2025-03-05,Ahmedabad,Gujarat,23.0225,72.5714,21.4,57.6,81.4,129.6,1.46,39.4,14.9,32.6,171
2025-03-06,Ahmedabad,Gujarat,23.0225,72.5714,18.9,57.8,112.2,161.7,1.88,38.9,18.3,31.8,274
2025-03-07,Ahmedabad,Gujarat,23.0225,72.5714,20.3,59.7,111.9,177.0,1.62,54.6,17.6,8.0,273
2025-03-08,Ahmedabad,Gujarat,23.0225,72.5714,22.7,59.1,149.4,243.7,2.25,64.2,17.6,22.9,323
2025-03-09,Ahmedabad,Gujarat,23.0225,72.5714,23.9,41.3,91.4,150.9,1.34,44.1,8.8,23.5,205
2025-03-10,Ahmedabad,Gujarat,23.0225,72.5714,26.3,48.6,94.5,153.0,1.52,37.2,13.3,42.9,215
2025-03-11,Ahmedabad,Gujarat,23.0225,72.5714,25.4,56.4,83.2,144.7,1.41,35.6,10.6,46.7,177
2025-03-12,Ahmedabad,Gujarat,23.0225,72.5714,19.4,51.4,105.4,162.7,1.82,43.4,17.2,22.1,251
2025-03-13,Ahmedabad,Gujarat,23.0225,72.5714,29.1,54.6,93.9,141.9,1.54,40.6,12.2,34.6,213
2025-03-14,Ahmedabad,Gujarat,23.0225,72.5714,23.5,51.1,116.1,170.6,1.75,48.2,13.9,16.0,287
2025-03-15,Ahmedabad,Gujarat,23.0225,72.5714,26.5,48.9,84.4,141.9,1.65,33.9,19.3,52.6,181
2025-03-16,Ahmedabad,Gujarat,23.0225,72.5714,25.4,50.3,102.4,170.6,1.57,59.7,16.6,43.9,241
2025-03-17,Ahmedabad,Gujarat,23.0225,72.5714,24.5,44.1,87.0,157.8,1.4,50.9,16.2,17.7,190
2025-03-18,Ahmedabad,Gujarat,23.0225,72.5714,24.2,46.9,60.7,114.3,0.89,35.1,9.3,40.9,110
2025-03-19,Ahmedabad,Gujarat,23.0225,72.5714,22.7,51.5,103.9,152.6,1.62,47.1,11.0,20.1,246
2025-03-20,Ahmedabad,Gujarat,23.0225,72.5714,22.5,51.7,61.2,101.2,1.04,44.5,14.1,28.8,104
2025-03-21,Ahmedabad,Gujarat,23.0225,72.5714,24.6,56.0,86.2,139.6,1.42,51.3,17.4,23.8,187
2025-03-22,Ahmedabad,Gujarat,23.0225,72.5714,22.6,50.0,85.9,121.9,1.49,37.1,9.0,14.5,186
2025-03-23,Ahmedabad,Gujarat,23.0225,72.5714,28.1,63.7,87.9,138.1,1.31,43.6,11.5,38.9,193
2025-03-24,Ahmedabad,Gujarat,23.0225,72.5714,25.4,60.6,88.3,166.5,1.36,41.2,10.3,50.0,194
2025-03-25,Ahmedabad,Gujarat,23.0225,72.5714,29.2,48.5,87.5,136.1,1.23,40.4,14.4,33.5,192
2025-03-26,Ahmedabad,Gujarat,23.0225,72.5714,24.7,53.4,93.3,142.8,1.46,42.9,16.7,40.3,211
2025-03-27,Ahmedabad,Gujarat,23.0225,72.5714,24.5,60.5,83.5,137.1,1.29,40.2,11.6,42.3,178
2025-03-28,Ahmedabad,Gujarat,23.0225,72.5714,26.8,47.5,150.9,269.6,2.5,63.6,17.0,36.5,324
2025-03-29,Ahmedabad,Gujarat,23.0225,72.5714,25.4,46.8,78.1,125.3,1.59,40.3,6.4,51.8,160
2025-03-30,Ahmedabad,Gujarat,23.0225,72.5714,27.7,61.1,63.9,106.6,1.41,43.1,8.2,48.6,113
2025-03-31,Ahmedabad,Gujarat,23.0225,72.5714,28.7,56.8,60.8,79.5,0.98,28.6,15.4,57.2,103
2025-04-01,Ahmedabad,Gujarat,23.0225,72.5714,28.2,59.5,95.1,165.0,1.53,50.2,15.1,29.4,217
2025-04-02,Ahmedabad,Gujarat,23.0225,72.5714,28.8,54.2,57.5,96.8,0.96,25.9,13.4,49.2,97
2025-04-03,Ahmedabad,Gujarat,23.0225,72.5714,27.9,50.2,62.0,110.6,1.47,35.3,9.9,53.5,107
2025-04-04,Ahmedabad,Gujarat,23.0225,72.5714,25.5,42.6,59.6,81.6,1.29,39.3,9.9,31.7,99
2025-04-05,Ahmedabad,Gujarat,23.0225,72.5714,28.7,53.0,88.0,141.2,1.32,45.6,13.1,12.2,193
2025-04-06,Ahmedabad,Gujarat,23.0225,72.5714,28.0,60.6,105.7,189.8,1.73,45.9,15.4,27.1,252
2025-04-07,Ahmedabad,Gujarat,23.0225,72.5714,25.8,60.7,63.6,99.6,0.98,36.0,15.2,32.1,112
2025-04-08,Ahmedabad,Gujarat,23.0225,72.5714,26.1,59.5,85.1,141.1,1.43,51.1,10.8,40.8,184
2025-04-09,Ahmedabad,Gujarat,23.0225,72.5714,27.0,57.5,43.0,68.4,0.95,24.2,9.0,37.3,72
2025-04-10,Ahmedabad,Gujarat,23.0225,72.5714,29.3,67.5,64.7,103.0,1.33,38.1,8.8,43.4,116
2025-04-11,Ahmedabad,Gujarat,23.0225,72.5714,27.6,41.2,86.2,157.3,1.61,47.4,7.0,33.7,187
2025-04-12,Ahmedabad,Gujarat,23.0225,72.5714,27.5,53.7,69.8,100.3,1.28,34.0,14.3,39.0,133
2025-04-13,Ahmedabad,Gujarat,23.0225,72.5714,27.3,45.5,92.2,151.5,1.49,53.9,18.6,37.0,207
2025-04-14,Ahmedabad,Gujarat,23.0225,72.5714,27.1,62.9,44.9,75.8,0.51,40.8,11.9,36.8,76
2025-04-15,Ahmedabad,Gujarat,23.0225,72.5714,25.8,48.2,61.9,110.8,1.42,40.4,11.6,44.6,107
2025-04-16,Ahmedabad,Gujarat,23.0225,72.5714,29.4,59.1,79.6,129.8,1.29,46.0,17.9,53.1,165
2025-04-17,Ahmedabad,Gujarat,23.0225,72.5714,26.3,48.9,78.6,141.1,1.39,28.8,13.7,28.0,162
2025-04-18,Ahmedabad,Gujarat,23.0225,72.5714,28.3,55.0,79.1,129.9,1.72,31.4,14.7,42.2,164
2025-04-19,Ahmedabad,Gujarat,23.0225,72.5714,27.6,51.3,73.2,122.1,1.13,36.9,12.3,28.4,144
2025-04-20,Ahmedabad,Gujarat,23.0225,72.5714,29.8,52.0,53.8,89.5,1.1,27.3,11.2,31.3,90
2025-04-21,Ahmedabad,Gujarat,23.0225,72.5714,28.0,54.5,57.7,100.9,1.22,36.2,10.2,50.3,101
2025-04-22,Ahmedabad,Gujarat,23.0225,72.5714,26.9,58.6,112.9,195.4,1.92,33.0,17.5,50.8,276
2025-04-23,Ahmedabad,Gujarat,23.0225,72.5714,30.6,51.4,50.9,75.4,1.07,34.0,6.8,44.3,85
2025-04-24,Ahmedabad,Gujarat,23.0225,72.5714,27.5,58.4,48.6,81.8,1.22,28.5,11.1,56.7,82
2025-04-25,Ahmedabad,Gujarat,23.0225,72.5714,29.4,59.5,76.3,132.0,1.28,35.2,9.5,37.1,154
2025-04-26,Ahmedabad,Gujarat,23.0225,72.5714,31.5,49.3,51.4,96.2,1.15,41.9,11.6,46.4,96
2025-04-27,Ahmedabad,Gujarat,23.0225,72.5714,28.0,65.4,95.3,142.8,1.62,42.6,20.8,51.6,218
2025-04-28,Ahmedabad,Gujarat,23.0225,72.5714,29.2,57.5,115.9,200.6,1.77,41.4,17.4,30.9,286
2025-04-29,Ahmedabad,Gujarat,23.0225,72.5714,28.8,49.3,59.5,95.1,1.21,35.8,14.3,50.4,99
2025-04-30,Ahmedabad,Gujarat,23.0225,72.5714,29.9,56.6,66.4,111.5,1.11,37.5,14.0,41.4,121
2025-05-01,Ahmedabad,Gujarat,23.0225,72.5714,29.7,59.6,41.0,61.1,0.91,26.1,2.3,40.6,68
2025-05-02,Ahmedabad,Gujarat,23.0225,72.5714,31.6,56.5,76.0,125.3,1.15,52.4,11.7,41.8,153
2025-05-03,Ahmedabad,Gujarat,23.0225,72.5714,28.9,53.9,36.6,62.1,0.84,27.0,10.3,28.3,62
2025-05-04,Ahmedabad,Gujarat,23.0225,72.5714,32.5,28.3,44.0,66.2,1.16,34.2,3.3,60.6,73
2025-05-05,Ahmedabad,Gujarat,23.0225,72.5714,33.2,45.8,59.9,111.9,1.23,35.1,9.9,51.9,108
2025-05-06,Ahmedabad,Gujarat,23.0225,72.5714,30.9,57.3,65.0,92.2,1.27,42.4,11.0,44.7,117
2025-05-07,Ahmedabad,Gujarat,23.0225,72.5714,29.1,45.7,41.0,71.0,0.72,25.1,5.6,39.9,71
2025-05-08,Ahmedabad,Gujarat,23.0225,72.5714,30.6,56.3,49.8,64.0,1.1,23.6,7.1,49.4,83
2025-05-09,Ahmedabad,Gujarat,23.0225,72.5714,30.5,59.0,38.4,61.9,0.92,30.9,13.1,55.1,64
2025-05-10,Ahmedabad,Gujarat,23.0225,72.5714,34.1,52.1,50.9,87.6,1.15,32.1,1.0,50.2,88
2025-05-11,Ahmedabad,Gujarat,23.0225,72.5714,30.8,40.6,45.1,79.3,1.21,33.2,10.4,55.5,79
2025-05-12,Ahmedabad,Gujarat,23.0225,72.5714,33.6,47.8,46.1,75.3,0.95,25.1,13.2,54.4,77
2025-05-13,Ahmedabad,Gujarat,23.0225,72.5714,31.4,57.9,60.3,97.3,1.12,36.2,10.7,46.5,101
2025-05-14,Ahmedabad,Gujarat,23.0225,72.5714,31.4,62.0,54.7,94.9,1.25,21.9,14.6,55.1,95
2025-05-15,Ahmedabad,Gujarat,23.0225,72.5714,30.8,38.7,57.3,102.7,1.05,29.4,9.3,42.5,102
2025-05-16,Ahmedabad,Gujarat,23.0225,72.5714,31.1,54.0,48.4,89.9,1.05,25.3,7.2,37.9,90
2025-05-17,Ahmedabad,Gujarat,23.0225,72.5714,33.3,43.2,57.4,83.5,0.84,35.3,10.6,50.1,96
2025-05-18,Ahmedabad,Gujarat,23.0225,72.5714,30.5,54.3,47.8,77.4,0.98,26.4,8.7,47.3,80
2025-05-19,Ahmedabad,Gujarat,23.0225,72.5714,33.7,52.7,42.5,56.1,1.17,19.4,7.7,50.8,71
2025-05-20,Ahmedabad,Gujarat,23.0225,72.5714,34.6,70.4,52.7,76.1,1.14,27.5,9.7,62.7,88
2025-05-21,Ahmedabad,Gujarat,23.0225,72.5714,31.1,50.3,41.6,64.2,1.1,30.9,6.9,52.6,69
2025-05-22,Ahmedabad,Gujarat,23.0225,72.5714,34.5,61.5,41.6,74.1,1.11,28.1,6.8,53.1,74
2025-05-23,Ahmedabad,Gujarat,23.0225,72.5714,34.3,61.4,55.5,87.5,1.32,27.3,7.1,52.3,92
2025-05-24,Ahmedabad,Gujarat,23.0225,72.5714,34.1,53.2,53.2,85.5,1.04,36.1,11.5,52.9,89
2025-05-25,Ahmedabad,Gujarat,23.0225,72.5714,31.5,55.5,39.4,66.8,1.08,36.0,6.2,53.6,67
2025-05-26,Ahmedabad,Gujarat,23.0225,72.5714,32.5,54.9,49.9,77.3,1.39,35.4,6.3,50.5,83
2025-05-27,Ahmedabad,Gujarat,23.0225,72.5714,32.6,49.9,30.4,41.0,0.83,9.9,5.2,51.0,51
2025-05-28,Ahmedabad,Gujarat,23.0225,72.5714,36.7,49.5,36.8,56.7,0.71,27.2,9.6,47.4,61
2025-05-29,Ahmedabad,Gujarat,23.0225,72.5714,33.1,52.7,32.5,53.0,0.77,23.5,10.6,47.0,54
2025-05-30,Ahmedabad,Gujarat,23.0225,72.5714,32.9,47.8,37.4,64.3,0.99,13.7,11.2,54.1,64
2025-05-31,Ahmedabad,Gujarat,23.0225,72.5714,31.3,52.5,42.8,69.3,0.73,19.9,10.1,50.2,71
2025-06-01,Ahmedabad,Gujarat,23.0225,72.5714,31.7,54.9,40.0,68.7,0.83,31.6,10.8,37.8,69
2025-06-02,Ahmedabad,Gujarat,23.0225,72.5714,32.3,57.7,37.7,67.5,0.87,27.2,8.9,46.4,68
2025-06-03,Ahmedabad,Gujarat,23.0225,72.5714,34.3,59.9,34.4,62.6,0.9,25.5,10.1,47.0,63
2025-06-04,Ahmedabad,Gujarat,23.0225,72.5714,31.2,55.7,31.3,52.4,1.12,20.1,9.8,60.7,52
2025-06-05,Ahmedabad,Gujarat,23.0225,72.5714,32.7,52.0,40.8,60.4,1.06,33.6,7.1,53.2,68
2025-06-06,Ahmedabad,Gujarat,23.0225,72.5714,30.6,60.6,21.6,31.6,0.57,13.5,4.5,53.3,36
2025-06-07,Ahmedabad,Gujarat,23.0225,72.5714,36.6,63.5,25.3,37.3,1.36,16.8,12.1,58.5,42
2025-06-08,Ahmedabad,Gujarat,23.0225,72.5714,34.4,54.9,30.9,45.9,0.84,22.0,8.8,50.0,52
2025-06-09,Ahmedabad,Gujarat,23.0225,72.5714,34.9,51.7,38.0,63.2,0.67,17.0,12.2,51.5,63
2025-06-10,Ahmedabad,Gujarat,23.0225,72.5714,32.5,55.8,24.1,46.7,0.61,16.4,4.6,56.5,47
2025-06-11,Ahmedabad,Gujarat,23.0225,72.5714,36.6,58.0,23.6,39.6,0.61,27.9,6.7,57.2,40
2025-06-12,Ahmedabad,Gujarat,23.0225,72.5714,37.4,67.7,18.0,29.4,0.5,14.7,3.3,65.0,30
2025-06-13,Ahmedabad,Gujarat,23.0225,72.5714,34.9,64.9,20.2,36.3,0.8,25.2,9.6,57.9,36
2025-06-14,Ahmedabad,Gujarat,23.0225,72.5714,34.0,60.3,25.4,38.7,0.38,25.9,6.2,57.2,42
2025-06-15,Ahmedabad,Gujarat,23.0225,72.5714,36.0,74.0,29.2,52.7,0.97,22.3,6.7,60.4,53
2025-06-16,Ahmedabad,Gujarat,23.0225,72.5714,36.4,60.9,18.3,32.8,0.83,11.3,13.3,55.2,33
2025-06-17,Ahmedabad,Gujarat,23.0225,72.5714,36.7,71.4,15.4,25.6,0.6,19.3,9.2,57.7,26
2025-06-18,Ahmedabad,Gujarat,23.0225,72.5714,36.5,70.4,17.6,34.6,0.83,7.0,9.4,66.9,35
2025-06-19,Ahmedabad,Gujarat,23.0225,72.5714,37.1,70.3,11.4,20.7,0.46,14.5,3.3,75.8,21
2025-06-20,Ahmedabad,Gujarat,23.0225,72.5714,34.2,64.9,19.9,33.0,0.59,21.8,2.0,63.1,33
2025-06-21,Ahmedabad,Gujarat,23.0225,72.5714,37.2,63.8,10.8,17.5,0.7,22.7,9.8,39.1,18
2025-06-22,Ahmedabad,Gujarat,23.0225,72.5714,34.8,63.4,14.0,22.2,0.62,17.6,1.0,51.3,23
2025-06-23,Ahmedabad,Gujarat,23.0225,72.5714,31.2,69.7,12.8,20.9,0.55,14.5,5.5,52.6,21
2025-06-24,Ahmedabad,Gujarat,23.0225,72.5714,35.0,58.7,12.6,20.6,0.62,13.9,4.6,49.0,21
2025-06-25,Ahmedabad,Gujarat,23.0225,72.5714,34.9,62.7,10.5,16.9,0.81,14.6,4.1,48.7,18
2025-06-26,Ahmedabad,Gujarat,23.0225,72.5714,36.4,76.6,9.0,15.0,0.79,20.6,5.4,57.1,15
2025-06-27,Ahmedabad,Gujarat,23.0225,72.5714,37.6,69.7,8.8,15.0,0.66,18.9,3.5,65.0,15
2025-06-28,Ahmedabad,Gujarat,23.0225,72.5714,36.5,72.3,8.5,15.0,0.54,16.6,3.0,65.5,15
2025-06-29,Ahmedabad,Gujarat,23.0225,72.5714,39.9,57.5,9.1,15.0,0.68,20.7,7.5,62.9,15
2025-06-30,Ahmedabad,Gujarat,23.0225,72.5714,35.4,63.3,8.0,15.0,0.46,16.6,9.8,55.2,15
2025-07-01,Ahmedabad,Gujarat,23.0225,72.5714,32.8,69.0,8.0,15.0,0.76,8.6,1.4,47.9,15
2025-07-02,Ahmedabad,Gujarat,23.0225,72.5714,37.0,66.7,8.0,15.0,0.73,9.9,7.2,65.4,15
2025-07-03,Ahmedabad,Gujarat,23.0225,72.5714,35.5,58.8,8.0,15.0,0.88,20.2,8.3,62.6,15
2025-07-04,Ahmedabad,Gujarat,23.0225,72.5714,34.6,73.0,8.0,15.0,0.47,8.3,8.0,64.9,15
2025-07-05,Ahmedabad,Gujarat,23.0225,72.5714,36.1,75.5,8.0,15.0,0.45,14.3,6.0,61.0,15
2025-07-06,Ahmedabad,Gujarat,23.0225,72.5714,35.3,66.2,8.0,15.0,0.67,15.9,4.8,48.2,15
2025-07-07,Ahmedabad,Gujarat,23.0225,72.5714,35.5,74.0,8.0,15.0,0.55,10.4,8.9,56.2,15
2025-07-08,Ahmedabad,Gujarat,23.0225,72.5714,39.5,82.9,8.0,15.0,0.74,6.6,7.6,72.3,15
2025-07-09,Ahmedabad,Gujarat,23.0225,72.5714,37.0,79.6,8.0,15.0,0.79,9.5,1.0,47.6,15
2025-07-10,Ahmedabad,Gujarat,23.0225,72.5714,36.4,67.4,8.0,15.1,0.84,5.7,6.0,59.7,15
2025-07-11,Ahmedabad,Gujarat,23.0225,72.5714,39.8,61.6,8.0,15.0,0.6,20.2,6.8,68.1,15
2025-07-12,Ahmedabad,Gujarat,23.0225,72.5714,36.4,71.1,8.0,15.0,0.72,18.9,3.4,76.4,15
2025-07-13,Ahmedabad,Gujarat,23.0225,72.5714,34.7,86.0,8.0,15.0,0.51,12.0,5.9,53.0,15
2025-07-14,Ahmedabad,Gujarat,23.0225,72.5714,34.6,79.1,8.0,15.0,0.62,8.4,8.1,56.5,15
2025-07-15,Ahmedabad,Gujarat,23.0225,72.5714,36.8,69.8,8.0,15.0,0.58,23.6,4.2,74.6,15
2025-07-16,Ahmedabad,Gujarat,23.0225,72.5714,34.0,80.8,8.0,15.0,0.57,19.2,7.3,51.9,15
2025-07-17,Ahmedabad,Gujarat,23.0225,72.5714,34.9,78.1,8.0,15.0,0.86,12.8,3.7,66.6,15
2025-07-18,Ahmedabad,Gujarat,23.0225,72.5714,36.3,56.7,8.0,15.0,0.39,23.7,2.9,63.4,15
2025-07-19,Ahmedabad,Gujarat,23.0225,72.5714,39.0,77.4,8.0,15.0,0.59,17.4,8.5,62.9,15
2025-07-20,Ahmedabad,Gujarat,23.0225,72.5714,39.3,70.8,8.0,15.0,0.6,18.5,10.2,68.7,15
2025-07-21,Ahmedabad,Gujarat,23.0225,72.5714,38.2,63.9,8.0,15.0,0.69,10.3,3.1,62.1,15
2025-07-22,Ahmedabad,Gujarat,23.0225,72.5714,37.0,70.5,8.0,15.4,0.42,7.5,9.5,79.4,15
2025-07-23,Ahmedabad,Gujarat,23.0225,72.5714,35.9,72.7,8.0,15.0,0.54,7.1,6.6,43.1,15
2025-07-24,Ahmedabad,Gujarat,23.0225,72.5714,37.6,64.2,8.0,15.0,0.5,29.1,1.0,60.1,15
2025-07-25,Ahmedabad,Gujarat,23.0225,72.5714,40.1,68.8,8.0,15.0,0.25,11.6,2.3,64.3,15
2025-07-26,Ahmedabad,Gujarat,23.0225,72.5714,37.1,67.1,8.0,15.0,0.76,17.0,8.5,60.5,15
2025-07-27,Ahmedabad,Gujarat,23.0225,72.5714,36.0,74.9,8.0,15.0,0.37,19.3,1.8,68.4,15
2025-07-28,Ahmedabad,Gujarat,23.0225,72.5714,36.5,67.0,8.0,15.0,0.35,16.4,4.8,57.0,15
2025-07-29,Ahmedabad,Gujarat,23.0225,72.5714,36.2,57.0,8.0,15.0,0.73,15.6,6.4,64.1,15
2025-07-30,Ahmedabad,Gujarat,23.0225,72.5714,37.7,65.6,8.0,15.0,0.54,15.5,8.0,64.3,15
2025-07-31,Ahmedabad,Gujarat,23.0225,72.5714,35.2,61.8,8.0,15.0,0.54,19.4,7.2,65.3,15
2025-08-01,Ahmedabad,Gujarat,23.0225,72.5714,37.3,59.1,8.0,15.0,0.55,10.3,11.3,60.8,15
2025-08-02,Ahmedabad,Gujarat,23.0225,72.5714,37.5,76.2,8.0,15.0,0.75,13.9,4.2,64.8,15
2025-08-03,Ahmedabad,Gujarat,23.0225,72.5714,37.0,73.3,8.0,15.0,0.51,4.0,6.9,60.5,15
2025-08-04,Ahmedabad,Gujarat,23.0225,72.5714,34.4,60.6,8.0,15.1,0.68,5.4,8.0,49.3,15
2025-08-05,Ahmedabad,Gujarat,23.0225,72.5714,36.0,58.1,8.0,15.0,0.42,8.8,8.8,72.6,15
2025-08-06,Ahmedabad,Gujarat,23.0225,72.5714,35.3,66.0,8.0,15.0,0.64,21.7,9.8,52.5,15
2025-08-07,Ahmedabad,Gujarat,23.0225,72.5714,36.0,57.1,8.0,15.0,0.72,14.9,5.3,56.0,15
2025-08-08,Ahmedabad,Gujarat,23.0225,72.5714,34.8,64.3,10.1,15.0,0.82,21.4,8.8,50.9,17
2025-08-09,Ahmedabad,Gujarat,23.0225,72.5714,38.2,66.2,10.9,17.7,0.39,19.8,4.1,66.2,18
2025-08-10,Ahmedabad,Gujarat,23.0225,72.5714,36.2,67.4,12.7,21.2,0.6,19.6,6.8,55.8,21
2025-08-11,Ahmedabad,Gujarat,23.0225,72.5714,32.9,67.3,10.2,15.5,0.85,11.6,8.3,66.7,17
2025-08-12,Ahmedabad,Gujarat,23.0225,72.5714,33.3,59.1,9.5,15.0,0.74,17.5,9.7,59.6,16
2025-08-13,Ahmedabad,Gujarat,23.0225,72.5714,37.8,64.7,10.2,15.2,0.58,18.8,8.5,60.2,17
2025-08-14,Ahmedabad,Gujarat,23.0225,72.5714,35.2,72.8,17.3,27.2,0.69,32.7,7.7,50.2,29
2025-08-15,Ahmedabad,Gujarat,23.0225,72.5714,34.7,48.7,20.7,31.5,0.78,18.6,7.4,55.5,34
2025-08-16,Ahmedabad,Gujarat,23.0225,72.5714,37.3,65.3,12.8,23.5,0.59,22.5,8.7,65.6,24
2025-08-17,Ahmedabad,Gujarat,23.0225,72.5714,34.9,54.4,9.6,15.0,0.69,16.3,13.3,57.5,16
2025-08-18,Ahmedabad,Gujarat,23.0225,72.5714,32.9,72.1,17.9,29.8,0.77,15.5,10.0,52.8,30
2025-08-19,Ahmedabad,Gujarat,23.0225,72.5714,32.9,67.6,15.6,27.0,0.51,24.2,8.4,46.0,27
2025-08-20,Ahmedabad,Gujarat,23.0225,72.5714,36.0,67.0,17.3,26.0,0.62,30.9,3.3,76.8,29
2025-08-21,Ahmedabad,Gujarat,23.0225,72.5714,38.4,55.1,20.3,32.7,0.66,22.1,5.1,60.8,34
2025-08-22,Ahmedabad,Gujarat,23.0225,72.5714,36.1,62.6,24.6,39.3,0.74,17.8,7.0,47.4,41
2025-08-23,Ahmedabad,Gujarat,23.0225,72.5714,33.8,63.0,19.9,32.6,0.76,23.2,10.3,46.5,33
2025-08-24,Ahmedabad,Gujarat,23.0225,72.5714,34.0,43.4,25.5,44.6,0.81,23.8,5.2,52.1,45
2025-08-25,Ahmedabad,Gujarat,23.0225,72.5714,34.4,60.7,25.2,43.7,0.67,35.4,9.9,71.0,44
2025-08-26,Ahmedabad,Gujarat,23.0225,72.5714,30.5,63.6,16.3,25.4,0.88,23.7,7.7,48.9,27
2025-08-27,Ahmedabad,Gujarat,23.0225,72.5714,34.1,49.1,31.8,45.2,0.85,18.6,9.6,51.4,53
2025-08-28,Ahmedabad,Gujarat,23.0225,72.5714,35.0,62.8,26.5,44.4,1.01,30.1,7.5,63.1,44
2025-08-29,Ahmedabad,Gujarat,23.0225,72.5714,37.0,59.0,23.0,35.7,0.97,26.0,6.1,67.3,38
2025-08-30,Ahmedabad,Gujarat,23.0225,72.5714,35.7,67.6,26.9,42.2,0.64,28.2,5.2,62.7,45
2025-08-31,Ahmedabad,Gujarat,23.0225,72.5714,37.1,54.8,34.1,57.4,0.81,27.6,10.6,60.5,57
2025-09-01,Ahmedabad,Gujarat,23.0225,72.5714,36.5,58.6,34.0,53.9,0.82,30.9,8.5,49.2,57
2025-09-02,Ahmedabad,Gujarat,23.0225,72.5714,35.9,59.5,40.1,67.9,0.99,29.5,6.0,50.4,68
2025-09-03,Ahmedabad,Gujarat,23.0225,72.5714,33.3,37.1,39.4,79.9,1.05,25.1,9.8,39.6,80
2025-09-04,Ahmedabad,Gujarat,23.0225,72.5714,33.7,54.0,28.5,50.0,0.84,23.9,18.5,52.3,50
2025-09-05,Ahmedabad,Gujarat,23.0225,72.5714,30.0,56.9,19.8,36.7,0.64,19.6,7.0,45.6,37
2025-09-06,Ahmedabad,Gujarat,23.0225,72.5714,33.1,39.5,40.0,69.0,1.19,28.8,14.2,47.7,69
2025-09-07,Ahmedabad,Gujarat,23.0225,72.5714,33.8,60.5,45.9,76.3,0.94,29.2,1.9,54.7,76
2025-09-08,Ahmedabad,Gujarat,23.0225,72.5714,32.1,56.1,39.2,67.7,1.05,24.6,8.3,45.2,68
2025-09-09,Ahmedabad,Gujarat,23.0225,72.5714,29.7,55.9,48.5,83.5,1.03,28.4,12.7,43.0,84
2025-09-10,Ahmedabad,Gujarat,23.0225,72.5714,35.2,60.2,34.4,61.3,0.87,25.0,8.8,52.0,61
2025-09-11,Ahmedabad,Gujarat,23.0225,72.5714,33.0,52.0,40.7,67.5,1.05,16.3,7.3,51.5,68
2025-09-12,Ahmedabad,Gujarat,23.0225,72.5714,35.2,55.0,36.6,53.2,1.14,31.9,8.8,58.6,61
2025-09-13,Ahmedabad,Gujarat,23.0225,72.5714,33.4,60.6,53.4,76.3,1.14,33.2,13.2,40.3,89
2025-09-14,Ahmedabad,Gujarat,23.0225,72.5714,34.4,54.8,38.2,65.7,0.85,22.6,15.5,57.8,66
2025-09-15,Ahmedabad,Gujarat,23.0225,72.5714,33.9,41.3,74.9,110.9,1.55,41.5,15.2,51.8,150
2025-09-16,Ahmedabad,Gujarat,23.0225,72.5714,30.4,54.4,43.4,76.1,1.06,24.9,8.0,50.7,76
2025-09-17,Ahmedabad,Gujarat,23.0225,72.5714,30.6,54.3,58.9,109.0,1.18,29.8,10.0,47.2,106
2025-09-18,Ahmedabad,Gujarat,23.0225,72.5714,30.6,60.1,45.1,73.0,1.16,30.7,8.9,50.4,75
2025-09-19,Ahmedabad,Gujarat,23.0225,72.5714,29.6,51.2,68.6,125.7,1.31,44.5,8.9,40.1,129
2025-09-20,Ahmedabad,Gujarat,23.0225,72.5714,34.3,46.7,69.2,116.9,1.64,37.8,11.1,54.6,131
2025-09-21,Ahmedabad,Gujarat,23.0225,72.5714,31.1,46.6,49.2,81.4,1.05,25.1,9.1,57.0,82
2025-09-22,Ahmedabad,Gujarat,23.0225,72.5714,31.8,63.4,57.0,94.7,1.31,30.1,7.0,44.1,95
2025-09-23,Ahmedabad,Gujarat,23.0225,72.5714,28.4,55.2,72.2,110.1,1.37,42.2,14.3,37.6,141
2025-09-24,Ahmedabad,Gujarat,23.0225,72.5714,32.2,62.8,59.2,89.1,1.22,35.4,12.0,53.6,99
2025-09-25,Ahmedabad,Gujarat,23.0225,72.5714,29.8,63.8,45.9,64.4,0.96,34.4,7.7,41.7,76
2025-09-26,Ahmedabad,Gujarat,23.0225,72.5714,32.7,47.7,57.8,89.1,1.09,34.9,11.1,43.8,96
2025-09-27,Ahmedabad,Gujarat,23.0225,72.5714,29.1,47.1,49.0,96.6,1.12,34.3,7.0,48.0,97
2025-09-28,Ahmedabad,Gujarat,23.0225,72.5714,32.6,51.9,60.5,86.3,1.04,45.4,9.2,45.6,102
2025-09-29,Ahmedabad,Gujarat,23.0225,72.5714,31.8,57.0,49.9,73.5,0.97,21.9,12.1,58.6,83
2025-09-30,Ahmedabad,Gujarat,23.0225,72.5714,29.1,42.8,65.2,99.8,1.23,49.3,12.6,39.3,117
2025-10-01,Ahmedabad,Gujarat,23.0225,72.5714,32.4,55.8,41.1,63.1,1.14,32.8,7.7,44.1,68
2025-10-02,Ahmedabad,Gujarat,23.0225,72.5714,31.8,55.4,48.2,81.4,1.05,45.2,10.8,49.0,81
2025-10-03,Ahmedabad,Gujarat,23.0225,72.5714,30.5,44.6,52.4,81.7,1.09,24.9,10.0,50.0,87
2025-10-04,Ahmedabad,Gujarat,23.0225,72.5714,27.7,44.8,61.0,98.8,1.02,35.8,7.9,43.7,103
2025-10-05,Ahmedabad,Gujarat,23.0225,72.5714,30.8,55.5,45.8,69.8,1.26,29.6,9.2,52.0,76
2025-10-06,Ahmedabad,Gujarat,23.0225,72.5714,29.3,66.9,53.2,84.0,1.26,36.3,11.6,40.2,89
2025-10-07,Ahmedabad,Gujarat,23.0225,72.5714,29.2,50.3,77.6,127.4,1.55,41.7,13.1,51.0,159
2025-10-08,Ahmedabad,Gujarat,23.0225,72.5714,29.1,54.6,80.6,131.3,1.18,41.9,7.4,28.3,169
2025-10-09,Ahmedabad,Gujarat,23.0225,72.5714,28.8,48.0,38.3,74.6,0.98,30.9,9.6,39.0,75
2025-10-10,Ahmedabad,Gujarat,23.0225,72.5714,27.2,53.9,59.4,97.8,1.02,32.4,10.8,40.8,99
2025-10-11,Ahmedabad,Gujarat,23.0225,72.5714,25.9,47.8,90.4,146.4,1.62,39.8,7.5,29.8,201
2025-10-12,Ahmedabad,Gujarat,23.0225,72.5714,25.4,50.4,75.2,95.9,1.38,40.8,9.6,33.6,151
2025-10-13,Ahmedabad,Gujarat,23.0225,72.5714,28.9,69.3,76.3,128.7,1.43,35.3,13.6,33.7,154
2025-10-14,Ahmedabad,Gujarat,23.0225,72.5714,23.9,52.9,79.8,108.0,1.28,38.8,16.5,31.5,166
2025-10-15,Ahmedabad,Gujarat,23.0225,72.5714,29.4,41.2,57.7,99.9,0.98,23.8,5.7,48.0,100
2025-10-16,Ahmedabad,Gujarat,23.0225,72.5714,28.9,56.6,75.4,126.0,1.24,38.5,15.0,37.4,151
2025-10-17,Ahmedabad,Gujarat,23.0225,72.5714,27.3,60.0,80.6,142.6,1.44,34.2,6.8,31.6,169
2025-10-18,Ahmedabad,Gujarat,23.0225,72.5714,29.6,56.8,75.1,116.7,1.3,37.8,16.2,39.1,150
2025-10-19,Ahmedabad,Gujarat,23.0225,72.5714,27.2,50.9,67.9,112.3,1.29,29.2,10.7,48.5,126
2025-10-20,Ahmedabad,Gujarat,23.0225,72.5714,28.3,45.7,73.9,129.5,1.17,37.5,9.8,49.6,146
2025-10-21,Ahmedabad,Gujarat,23.0225,72.5714,23.9,45.8,58.7,88.7,1.15,38.2,11.8,31.5,98
2025-10-22,Ahmedabad,Gujarat,23.0225,72.5714,23.2,50.7,87.1,151.7,1.68,38.3,10.1,35.5,190
2025-10-23,Ahmedabad,Gujarat,23.0225,72.5714,26.7,49.5,56.0,97.2,1.17,26.3,12.0,40.0,97
2025-10-24,Ahmedabad,Gujarat,23.0225,72.5714,27.8,48.1,64.8,105.6,1.28,39.4,10.8,51.2,116
2025-10-25,Ahmedabad,Gujarat,23.0225,72.5714,28.6,60.6,90.8,171.4,1.57,48.5,1.8,41.2,203
2025-10-26,Ahmedabad,Gujarat,23.0225,72.5714,26.5,58.5,84.1,145.2,1.36,43.4,10.3,35.3,180
2025-10-27,Ahmedabad,Gujarat,23.0225,72.5714,27.1,60.9,71.5,100.0,1.54,34.1,12.3,52.0,138
2025-10-28,Ahmedabad,Gujarat,23.0225,72.5714,28.0,46.5,55.0,99.0,1.17,27.8,13.6,34.8,99
2025-10-29,Ahmedabad,Gujarat,23.0225,72.5714,26.2,45.6,80.1,124.2,1.42,37.6,13.4,39.4,167
2025-10-30,Ahmedabad,Gujarat,23.0225,72.5714,27.4,52.6,71.0,125.7,1.39,36.4,14.8,50.6,137
2025-10-31,Ahmedabad,Gujarat,23.0225,72.5714,24.2,54.9,91.4,154.9,1.66,32.9,10.6,37.8,205
2025-11-01,Ahmedabad,Gujarat,23.0225,72.5714,23.1,52.5,74.0,92.8,1.14,31.8,14.1,26.4,147
2025-11-02,Ahmedabad,Gujarat,23.0225,72.5714,25.0,54.4,56.8,99.0,1.14,39.7,12.8,30.8,99
2025-11-03,Ahmedabad,Gujarat,23.0225,72.5714,27.2,63.1,62.1,100.4,1.53,35.1,6.1,29.1,107
2025-11-04,Ahmedabad,Gujarat,23.0225,72.5714,24.4,50.5,77.3,122.1,1.61,46.1,15.5,46.2,158
2025-11-05,Ahmedabad,Gujarat,23.0225,72.5714,26.8,57.7,87.6,139.0,1.46,48.1,14.0,28.0,192
2025-11-06,Ahmedabad,Gujarat,23.0225,72.5714,23.6,55.6,66.7,117.9,1.35,33.5,10.5,39.9,122
2025-11-07,Ahmedabad,Gujarat,23.0225,72.5714,24.3,52.7,73.4,111.0,1.27,35.7,11.0,23.2,145
2025-11-08,Ahmedabad,Gujarat,23.0225,72.5714,25.7,57.3,104.1,189.1,1.71,53.1,11.2,54.2,247
2025-11-09,Ahmedabad,Gujarat,23.0225,72.5714,24.0,46.6,112.4,159.8,1.68,54.5,16.9,19.3,275
2025-11-10,Ahmedabad,Gujarat,23.0225,72.5714,24.2,45.2,94.2,159.7,1.48,50.1,14.4,32.6,214
2025-11-11,Ahmedabad,Gujarat,23.0225,72.5714,20.2,55.0,83.9,148.1,1.34,40.8,14.5,36.7,180
2025-11-12,Ahmedabad,Gujarat,23.0225,72.5714,26.3,40.5,78.4,138.2,1.62,39.9,12.5,31.7,161
2025-11-13,Ahmedabad,Gujarat,23.0225,72.5714,24.5,55.6,101.9,170.9,1.56,45.1,14.8,36.5,240
2025-11-14,Ahmedabad,Gujarat,23.0225,72.5714,22.9,44.1,85.0,137.6,1.62,40.9,11.9,28.9,183
2025-11-15,Ahmedabad,Gujarat,23.0225,72.5714,27.8,62.6,112.3,176.0,1.68,45.8,18.2,39.4,274
2025-11-16,Ahmedabad,Gujarat,23.0225,72.5714,23.0,49.2,114.3,167.6,1.69,50.1,17.0,37.0,281
2025-11-17,Ahmedabad,Gujarat,23.0225,72.5714,23.4,62.2,101.6,157.2,1.69,45.6,14.6,26.8,239
2025-11-18,Ahmedabad,Gujarat,23.0225,72.5714,22.5,50.5,83.8,126.1,1.24,38.0,12.3,42.6,179
2025-11-19,Ahmedabad,Gujarat,23.0225,72.5714,26.1,50.2,85.7,127.0,1.55,46.2,7.6,39.0,186
2025-11-20,Ahmedabad,Gujarat,23.0225,72.5714,26.6,58.1,65.9,126.5,1.21,26.6,5.3,54.5,120
2025-11-21,Ahmedabad,Gujarat,23.0225,72.5714,26.3,54.1,94.0,130.9,1.46,46.1,12.4,29.0,213
2025-11-22,Ahmedabad,Gujarat,23.0225,72.5714,26.2,51.5,93.9,170.9,1.43,38.5,17.3,30.4,213
2025-11-23,Ahmedabad,Gujarat,23.0225,72.5714,22.6,49.2,71.1,104.1,1.59,31.7,9.6,30.3,137
2025-11-24,Ahmedabad,Gujarat,23.0225,72.5714,26.6,49.2,162.8,243.6,2.3,61.5,17.0,19.6,333
2025-11-25,Ahmedabad,Gujarat,23.0225,72.5714,23.2,68.5,110.0,164.3,1.71,52.0,11.9,36.5,267
2025-11-26,Ahmedabad,Gujarat,23.0225,72.5714,20.7,40.3,81.3,120.6,1.53,26.5,8.6,27.3,171
2025-11-27,Ahmedabad,Gujarat,23.0225,72.5714,22.6,43.6,154.5,276.3,2.09,64.5,15.6,14.5,327
2025-11-28,Ahmedabad,Gujarat,23.0225,72.5714,23.8,60.2,88.6,154.0,1.65,42.6,13.9,25.7,195
2025-11-29,Ahmedabad,Gujarat,23.0225,72.5714,22.0,59.7,119.2,192.6,1.82,46.3,14.1,19.3,297
2025-11-30,Ahmedabad,Gujarat,23.0225,72.5714,23.3,45.5,101.8,209.2,1.42,47.7,12.5,37.6,239
2025-12-01,Ahmedabad,Gujarat,23.0225,72.5714,24.0,39.7,90.6,149.3,1.43,35.7,11.4,35.9,202
2025-12-02,Ahmedabad,Gujarat,23.0225,72.5714,23.7,60.9,93.6,155.2,1.38,43.7,14.2,30.4,212
2025-12-03,Ahmedabad,Gujarat,23.0225,72.5714,24.0,44.7,138.9,214.9,2.06,50.9,18.3,24.6,315
2025-12-04,Ahmedabad,Gujarat,23.0225,72.5714,22.4,48.6,123.3,188.6,1.75,65.8,10.3,24.6,303
2025-12-05,Ahmedabad,Gujarat,23.0225,72.5714,21.4,52.7,99.4,156.1,1.47,51.0,11.7,41.5,231
2025-12-06,Ahmedabad,Gujarat,23.0225,72.5714,19.9,44.5,65.3,116.2,1.27,36.4,11.0,26.5,118
2025-12-07,Ahmedabad,Gujarat,23.0225,72.5714,22.4,58.5,110.1,191.2,1.73,43.5,16.1,34.6,267
2025-12-08,Ahmedabad,Gujarat,23.0225,72.5714,21.5,52.1,78.6,144.9,1.55,37.5,12.7,26.9,162
2025-12-09,Ahmedabad,Gujarat,23.0225,72.5714,22.2,45.8,116.9,180.3,1.97,50.0,17.8,40.2,290
2025-12-10,Ahmedabad,Gujarat,23.0225,72.5714,18.6,46.4,89.1,154.9,1.5,44.0,8.9,14.1,197
2025-12-11,Ahmedabad,Gujarat,23.0225,72.5714,19.5,61.1,91.5,155.2,1.59,45.7,14.6,31.5,205
2025-12-12,Ahmedabad,Gujarat,23.0225,72.5714,23.1,50.0,91.3,156.5,1.3,44.6,19.5,24.7,204
2025-12-13,Ahmedabad,Gujarat,23.0225,72.5714,19.2,56.3,131.9,200.6,2.07,58.3,16.7,38.2,309
2025-12-14,Ahmedabad,Gujarat,23.0225,72.5714,21.7,51.9,71.7,107.1,1.36,35.9,12.0,36.1,139
2025-12-15,Ahmedabad,Gujarat,23.0225,72.5714,20.5,39.7,124.8,216.0,2.03,56.0,17.5,9.7,304
2025-12-16,Ahmedabad,Gujarat,23.0225,72.5714,20.3,57.2,114.8,204.4,1.73,46.9,13.5,16.6,283
2025-12-17,Ahmedabad,Gujarat,23.0225,72.5714,22.0,59.5,105.1,163.6,1.62,41.2,11.6,33.2,250
2025-12-18,Ahmedabad,Gujarat,23.0225,72.5714,21.8,64.9,97.0,169.0,1.53,56.1,13.9,33.5,223
2025-12-19,Ahmedabad,Gujarat,23.0225,72.5714,22.7,38.7,119.5,218.7,2.04,54.7,10.6,32.1,298
2025-12-20,Ahmedabad,Gujarat,23.0225,72.5714,19.7,29.9,97.8,156.0,1.63,56.1,15.0,26.0,226
2025-12-21,Ahmedabad,Gujarat,23.0225,72.5714,20.0,56.5,97.8,140.3,1.36,43.7,15.5,22.7,226
2025-12-22,Ahmedabad,Gujarat,23.0225,72.5714,23.6,47.8,109.8,159.5,1.82,63.6,10.0,38.5,266
2025-12-23,Ahmedabad,Gujarat,23.0225,72.5714,21.1,42.0,158.4,245.4,2.19,65.2,19.2,14.1,330
2025-12-24,Ahmedabad,Gujarat,23.0225,72.5714,22.2,52.8,78.0,123.5,1.53,45.8,11.6,31.1,160
2025-12-25,Ahmedabad,Gujarat,23.0225,72.5714,20.6,48.9,121.7,200.2,1.93,53.2,20.2,18.8,301
2025-12-26,Ahmedabad,Gujarat,23.0225,72.5714,22.2,43.1,105.9,174.5,1.86,48.9,18.4,22.4,253
2025-12-27,Ahmedabad,Gujarat,23.0225,72.5714,16.9,51.4,104.3,167.9,1.81,46.7,16.9,15.9,248
2025-12-28,Ahmedabad,Gujarat,23.0225,72.5714,23.4,56.0,78.4,137.4,1.51,36.1,15.9,26.7,161
2025-12-29,Ahmedabad,Gujarat,23.0225,72.5714,20.5,53.2,74.7,114.7,1.5,43.8,10.9,32.7,149
2025-12-30,Ahmedabad,Gujarat,23.0225,72.5714,19.0,53.3,118.7,218.3,1.94,51.9,16.3,9.8,296
2025-12-31,Ahmedabad,Gujarat,23.0225,72.5714,19.3,55.1,83.4,149.4,1.32,45.7,11.9,29.0,178
